{
"type": "FeatureCollection",
"name": "hexagonos_app",
"crs": { "type": "name", "properties": { "name": "urn:ogc:def:crs:OGC:1.3:CRS84" } },
"features": [
{ "type": "Feature", "properties": { "hex_id": 4, "tipo_actual": "urbano" }, "geometry": { "type": "Polygon", "coordinates": [ [ [ -86.77052415189155, 21.123268409940142 ], [ -86.770708337267308, 21.12336851856497 ], [ -86.770708030284183, 21.123568236724541 ], [ -86.7705235374317, 21.123667846254119 ], [ -86.770339351814528, 21.123567737429699 ], [ -86.770339659291253, 21.123368019275286 ], [ -86.77052415189155, 21.123268409940142 ] ] ] } },
{ "type": "Feature", "properties": { "hex_id": 33, "tipo_actual": "verde_inundable" }, "geometry": { "type": "Polygon", "coordinates": [ [ [ -86.770342118975506, 21.121770273870521 ], [ -86.770526302387822, 21.121870382692887 ], [ -86.77052599518484, 21.122070100885193 ], [ -86.770341504076029, 21.12216971024996 ], [ -86.770157320422342, 21.122069601228016 ], [ -86.770157628118852, 21.121869883040876 ], [ -86.770342118975506, 21.121770273870521 ] ] ] } },
{ "type": "Feature", "properties": { "hex_id": 34, "tipo_actual": "verde_inundable" }, "geometry": { "type": "Polygon", "coordinates": [ [ [ -86.77034119662089, 21.122369428432624 ], [ -86.770525380768134, 21.122469537255672 ], [ -86.770525073554367, 21.122669255433859 ], [ -86.770340581699827, 21.122768864783815 ], [ -86.770156397311212, 21.122668755761183 ], [ -86.770156705018522, 21.122469037588164 ], [ -86.77034119662089, 21.122369428432624 ] ] ] } },
{ "type": "Feature", "properties": { "hex_id": 35, "tipo_actual": "verde_general" }, "geometry": { "type": "Polygon", "coordinates": [ [ [ -86.770340274233888, 21.122968582952343 ], [ -86.770524459116089, 21.123068691776083 ], [ -86.77052415189155, 21.123268409940142 ], [ -86.770339659291253, 21.123368019275286 ], [ -86.770155474167666, 21.123267910251968 ], [ -86.770155781885776, 21.123068192093072 ], [ -86.770340274233888, 21.122968582952343 ] ] ] } },
{ "type": "Feature", "properties": { "hex_id": 36, "tipo_actual": "verde_manglar" }, "geometry": { "type": "Polygon", "coordinates": [ [ [ -86.770339351814528, 21.123567737429699 ], [ -86.7705235374317, 21.123667846254119 ], [ -86.770523230196375, 21.123867564404051 ], [ -86.770338736850292, 21.123967173724388 ], [ -86.77015455099172, 21.123867064700374 ], [ -86.770154858720645, 21.12366734655561 ], [ -86.770339351814528, 21.123567737429699 ] ] ] } },
{ "type": "Feature", "properties": { "hex_id": 63, "tipo_actual": "verde_inundable" }, "geometry": { "type": "Polygon", "coordinates": [ [ [ -86.770158243501072, 21.121470446652481 ], [ -86.770342426419859, 21.121570555673738 ], [ -86.770342118975506, 21.121770273870521 ], [ -86.770157628118852, 21.121869883040876 ], [ -86.769973444958708, 21.121769773820052 ], [ -86.76997375289659, 21.121570055628439 ], [ -86.770158243501072, 21.121470446652481 ] ] ] } },
{ "type": "Feature", "properties": { "hex_id": 64, "tipo_actual": "urbano" }, "geometry": { "type": "Polygon", "coordinates": [ [ [ -86.770157320422342, 21.122069601228016 ], [ -86.770341504076029, 21.12216971024996 ], [ -86.77034119662089, 21.122369428432624 ], [ -86.770156705018522, 21.122469037588164 ], [ -86.769972521123464, 21.122368928366633 ], [ -86.769972829072145, 21.122169210189153 ], [ -86.770157320422342, 21.122069601228016 ] ] ] } },
{ "type": "Feature", "properties": { "hex_id": 65, "tipo_actual": "verde_inundable" }, "geometry": { "type": "Polygon", "coordinates": [ [ [ -86.770156397311212, 21.122668755761183 ], [ -86.770340581699827, 21.122768864783815 ], [ -86.770340274233888, 21.122968582952343 ], [ -86.770155781885776, 21.123068192093072 ], [ -86.769971597255775, 21.122968082870852 ], [ -86.769971905215272, 21.122768364707493 ], [ -86.770156397311212, 21.122668755761183 ] ] ] } },
{ "type": "Feature", "properties": { "hex_id": 66, "tipo_actual": "verde_manglar" }, "geometry": { "type": "Polygon", "coordinates": [ [ [ -86.770155474167666, 21.123267910251968 ], [ -86.770339659291253, 21.123368019275286 ], [ -86.770339351814528, 21.123567737429699 ], [ -86.770154858720645, 21.12366734655561 ], [ -86.769970673355658, 21.123567237332697 ], [ -86.769970981325969, 21.123367519183461 ], [ -86.770155474167666, 21.123267910251968 ] ] ] } },
{ "type": "Feature", "properties": { "hex_id": 67, "tipo_actual": "verde_manglar" }, "geometry": { "type": "Polygon", "coordinates": [ [ [ -86.77015455099172, 21.123867064700374 ], [ -86.770338736850292, 21.123967173724388 ], [ -86.770338429362781, 21.124166891864675 ], [ -86.770153935523098, 21.124266500975772 ], [ -86.769969749423112, 21.124166391752166 ], [ -86.769970057404237, 21.123966673617051 ], [ -86.77015455099172, 21.123867064700374 ] ] ] } },
{ "type": "Feature", "properties": { "hex_id": 90, "tipo_actual": "urbano" }, "geometry": { "type": "Polygon", "coordinates": [ [ [ -86.770133309000258, 21.137647605316204 ], [ -86.770317511770713, 21.137747714356038 ], [ -86.77031720403491, 21.137947432171348 ], [ -86.77013269303464, 21.138047040941661 ], [ -86.769948490022585, 21.137946931702086 ], [ -86.769948798252372, 21.137747213891942 ], [ -86.770133309000258, 21.137647605316204 ] ] ] } },
{ "type": "Feature", "properties": { "hex_id": 91, "tipo_actual": "urbano" }, "geometry": { "type": "Polygon", "coordinates": [ [ [ -86.770132385046452, 21.138246758747329 ], [ -86.770316588552518, 21.138346867787845 ], [ -86.770316280805929, 21.13854658558903 ], [ -86.770131769059219, 21.138646194344521 ], [ -86.76994756531154, 21.138546085104256 ], [ -86.769947873552155, 21.138346367308241 ], [ -86.770132385046452, 21.138246758747329 ] ] ] } },
{ "type": "Feature", "properties": { "hex_id": 94, "tipo_actual": "verde_inundable" }, "geometry": { "type": "Polygon", "coordinates": [ [ [ -86.769974368761552, 21.121170619231087 ], [ -86.770158551186796, 21.121270728451218 ], [ -86.770158243501072, 21.121470446652481 ], [ -86.76997375289659, 21.121570055628439 ], [ -86.769789570230003, 21.121469946208727 ], [ -86.769789878409227, 21.121270228012644 ], [ -86.769974368761552, 21.121170619231087 ] ] ] } },
{ "type": "Feature", "properties": { "hex_id": 95, "tipo_actual": "urbano" }, "geometry": { "type": "Polygon", "coordinates": [ [ [ -86.769973444958708, 21.121769773820052 ], [ -86.770157628118852, 21.121869883040876 ], [ -86.770157320422342, 21.122069601228016 ], [ -86.769972829072145, 21.122169210189153 ], [ -86.769788645670644, 21.122069100768741 ], [ -86.769788953860697, 21.121869382586777 ], [ -86.769973444958708, 21.121769773820052 ] ] ] } },
{ "type": "Feature", "properties": { "hex_id": 96, "tipo_actual": "verde_inundable" }, "geometry": { "type": "Polygon", "coordinates": [ [ [ -86.769972521123464, 21.122368928366633 ], [ -86.770156705018522, 21.122469037588164 ], [ -86.770156397311212, 21.122668755761183 ], [ -86.769971905215272, 21.122768364707493 ], [ -86.769787721078842, 21.122668255286385 ], [ -86.769788029279709, 21.122468537118539 ], [ -86.769972521123464, 21.122368928366633 ] ] ] } },
{ "type": "Feature", "properties": { "hex_id": 97, "tipo_actual": "verde_inundable" }, "geometry": { "type": "Polygon", "coordinates": [ [ [ -86.769971597255775, 21.122968082870852 ], [ -86.770155781885776, 21.123068192093072 ], [ -86.770155474167666, 21.123267910251968 ], [ -86.769970981325969, 21.123367519183461 ], [ -86.769786796454582, 21.123267409761652 ], [ -86.769787104666278, 21.123067691607933 ], [ -86.769971597255775, 21.122968082870852 ] ] ] } },
{ "type": "Feature", "properties": { "hex_id": 98, "tipo_actual": "verde_manglar" }, "geometry": { "type": "Polygon", "coordinates": [ [ [ -86.769970673355658, 21.123567237332697 ], [ -86.770154858720645, 21.12366734655561 ], [ -86.77015455099172, 21.123867064700374 ], [ -86.769970057404237, 21.123966673617051 ], [ -86.769785871797865, 21.123866564194536 ], [ -86.769786180020375, 21.123666846054938 ], [ -86.769970673355658, 21.123567237332697 ] ] ] } },
{ "type": "Feature", "properties": { "hex_id": 99, "tipo_actual": "verde_manglar" }, "geometry": { "type": "Polygon", "coordinates": [ [ [ -86.769969749423112, 21.124166391752166 ], [ -86.770153935523098, 21.124266500975772 ], [ -86.770153627783372, 21.124466219106413 ], [ -86.769969133450061, 21.124565828008262 ], [ -86.76978494710869, 21.124465718585054 ], [ -86.769785255342015, 21.124266000459585 ], [ -86.769969749423112, 21.124166391752166 ] ] ] } },
{ "type": "Feature", "properties": { "hex_id": 121, "tipo_actual": "urbano" }, "geometry": { "type": "Polygon", "coordinates": [ [ [ -86.769949414701173, 21.137347778257521 ], [ -86.770133616977645, 21.1374478874964 ], [ -86.770133309000258, 21.137647605316204 ], [ -86.769948798252372, 21.137747213891942 ], [ -86.769764595734316, 21.137647104453315 ], [ -86.769764904205715, 21.137447386638694 ], [ -86.769949414701173, 21.137347778257521 ] ] ] } },
{ "type": "Feature", "properties": { "hex_id": 122, "tipo_actual": "urbano" }, "geometry": { "type": "Polygon", "coordinates": [ [ [ -86.769948490022585, 21.137946931702086 ], [ -86.77013269303464, 21.138047040941661 ], [ -86.770132385046452, 21.138246758747329 ], [ -86.769947873552155, 21.138346367308241 ], [ -86.769763670298488, 21.138246257868921 ], [ -86.769763978780702, 21.13804654006843 ], [ -86.769948490022585, 21.137946931702086 ] ] ] } },
{ "type": "Feature", "properties": { "hex_id": 125, "tipo_actual": "urbano" }, "geometry": { "type": "Polygon", "coordinates": [ [ [ -86.769789570230003, 21.121469946208727 ], [ -86.76997375289659, 21.121570055628439 ], [ -86.769973444958708, 21.121769773820052 ], [ -86.769788953860697, 21.121869382586777 ], [ -86.769604770952739, 21.121769272967494 ], [ -86.769605079384149, 21.121569554781061 ], [ -86.769789570230003, 21.121469946208727 ] ] ] } },
{ "type": "Feature", "properties": { "hex_id": 126, "tipo_actual": "urbano" }, "geometry": { "type": "Polygon", "coordinates": [ [ [ -86.769788645670644, 21.122069100768741 ], [ -86.769972829072145, 21.122169210189153 ], [ -86.769972521123464, 21.122368928366633 ], [ -86.769788029279709, 21.122468537118539 ], [ -86.769603845636837, 21.122368427498547 ], [ -86.769604154079076, 21.122168709326239 ], [ -86.769788645670644, 21.122069100768741 ] ] ] } },
{ "type": "Feature", "properties": { "hex_id": 127, "tipo_actual": "verde_inundable" }, "geometry": { "type": "Polygon", "coordinates": [ [ [ -86.769787721078842, 21.122668255286385 ], [ -86.769971905215272, 21.122768364707493 ], [ -86.769971597255775, 21.122968082870852 ], [ -86.769787104666278, 21.123067691607933 ], [ -86.769602920288463, 21.122967581987236 ], [ -86.769603228741531, 21.122767863829047 ], [ -86.769787721078842, 21.122668255286385 ] ] ] } },
{ "type": "Feature", "properties": { "hex_id": 128, "tipo_actual": "verde_general" }, "geometry": { "type": "Polygon", "coordinates": [ [ [ -86.769786796454582, 21.123267409761652 ], [ -86.769970981325969, 21.123367519183461 ], [ -86.769970673355658, 21.123567237332697 ], [ -86.769786180020375, 21.123666846054938 ], [ -86.769601994907603, 21.123566736433542 ], [ -86.769602303371499, 21.123367018289478 ], [ -86.769786796454582, 21.123267409761652 ] ] ] } },
{ "type": "Feature", "properties": { "hex_id": 129, "tipo_actual": "verde_manglar" }, "geometry": { "type": "Polygon", "coordinates": [ [ [ -86.769785871797865, 21.123866564194536 ], [ -86.769970057404237, 21.123966673617051 ], [ -86.769969749423112, 21.124166391752166 ], [ -86.769785255342015, 21.124266000459585 ], [ -86.769601069494257, 21.124165890837475 ], [ -86.769601377968982, 21.123966172707537 ], [ -86.769785871797865, 21.123866564194536 ] ] ] } },
{ "type": "Feature", "properties": { "hex_id": 130, "tipo_actual": "verde_manglar" }, "geometry": { "type": "Polygon", "coordinates": [ [ [ -86.76978494710869, 21.124465718585054 ], [ -86.769969133450061, 21.124565828008262 ], [ -86.769968825458136, 21.124765546129254 ], [ -86.769784330631211, 21.124865154821848 ], [ -86.769600144048439, 21.12476504519903 ], [ -86.769600452533979, 21.124565327083218 ], [ -86.76978494710869, 21.124465718585054 ] ] ] } },
{ "type": "Feature", "properties": { "hex_id": 131, "tipo_actual": "verde_manglar" }, "geometry": { "type": "Polygon", "coordinates": [ [ [ -86.769784022387057, 21.125064872933191 ], [ -86.769968209463471, 21.125164982357102 ], [ -86.769967901460731, 21.125364700463972 ], [ -86.769783405887935, 21.125464309141737 ], [ -86.769599218570121, 21.125364199518209 ], [ -86.769599527066504, 21.125164481416526 ], [ -86.769784022387057, 21.125064872933191 ] ] ] } },
{ "type": "Feature", "properties": { "hex_id": 151, "tipo_actual": "urbano" }, "geometry": { "type": "Polygon", "coordinates": [ [ [ -86.769765521137671, 21.137047950995317 ], [ -86.76994972292016, 21.137148060433237 ], [ -86.769949414701173, 21.137347778257521 ], [ -86.769764904205715, 21.137447386638694 ], [ -86.769580702181628, 21.137347277001034 ], [ -86.769581010894612, 21.137147559181937 ], [ -86.769765521137671, 21.137047950995317 ] ] ] } },
{ "type": "Feature", "properties": { "hex_id": 152, "tipo_actual": "urbano" }, "geometry": { "type": "Polygon", "coordinates": [ [ [ -86.769764595734316, 21.137647104453315 ], [ -86.769948798252372, 21.137747213891942 ], [ -86.769948490022585, 21.137946931702086 ], [ -86.769763978780702, 21.13804654006843 ], [ -86.769579776021061, 21.137946430430066 ], [ -86.769580084744845, 21.137746712625102 ], [ -86.769764595734316, 21.137647104453315 ] ] ] } },
{ "type": "Feature", "properties": { "hex_id": 153, "tipo_actual": "urbano" }, "geometry": { "type": "Polygon", "coordinates": [ [ [ -86.769763670298488, 21.138246257868921 ], [ -86.769947873552155, 21.138346367308241 ], [ -86.76994756531154, 21.138546085104256 ], [ -86.769763053323231, 21.138645693455764 ], [ -86.769578849827965, 21.138545583816697 ], [ -86.769579158562607, 21.138345866025865 ], [ -86.769763670298488, 21.138246257868921 ] ] ] } },
{ "type": "Feature", "properties": { "hex_id": 156, "tipo_actual": "verde_inundable" }, "geometry": { "type": "Polygon", "coordinates": [ [ [ -86.769605696236155, 21.121170118394073 ], [ -86.769789878409227, 21.121270228012644 ], [ -86.769789570230003, 21.121469946208727 ], [ -86.769605079384149, 21.121569554781061 ], [ -86.769420896969734, 21.121469444962909 ], [ -86.769421205642502, 21.121269726772006 ], [ -86.769605696236155, 21.121170118394073 ] ] ] } },
{ "type": "Feature", "properties": { "hex_id": 157, "tipo_actual": "urbano" }, "geometry": { "type": "Polygon", "coordinates": [ [ [ -86.769604770952739, 21.121769272967494 ], [ -86.769788953860697, 21.121869382586777 ], [ -86.769788645670644, 21.122069100768741 ], [ -86.769604154079076, 21.122168709326239 ], [ -86.769419970929761, 21.122068599507372 ], [ -86.769420279613371, 21.121868881330595 ], [ -86.769604770952739, 21.121769272967494 ] ] ] } },
{ "type": "Feature", "properties": { "hex_id": 158, "tipo_actual": "verde_inundable" }, "geometry": { "type": "Polygon", "coordinates": [ [ [ -86.769603845636837, 21.122368427498547 ], [ -86.769788029279709, 21.122468537118539 ], [ -86.769787721078842, 21.122668255286385 ], [ -86.769603228741531, 21.122767863829047 ], [ -86.769419044857287, 21.122667754009473 ], [ -86.76941935355174, 21.122468035846811 ], [ -86.769603845636837, 21.122368427498547 ] ] ] } },
{ "type": "Feature", "properties": { "hex_id": 159, "tipo_actual": "verde_inundable" }, "geometry": { "type": "Polygon", "coordinates": [ [ [ -86.769602920288463, 21.122967581987236 ], [ -86.769787104666278, 21.123067691607933 ], [ -86.769786796454582, 21.123267409761652 ], [ -86.769602303371499, 21.123367018289478 ], [ -86.769418118752299, 21.123266908469187 ], [ -86.76941842745758, 21.123067190320654 ], [ -86.769602920288463, 21.122967581987236 ] ] ] } },
{ "type": "Feature", "properties": { "hex_id": 160, "tipo_actual": "verde_general" }, "geometry": { "type": "Polygon", "coordinates": [ [ [ -86.769601994907603, 21.123566736433542 ], [ -86.769786180020375, 21.123666846054938 ], [ -86.769785871797865, 21.123866564194536 ], [ -86.769601377968982, 21.123966172707537 ], [ -86.769417192614824, 21.123866062886531 ], [ -86.769417501330935, 21.12366634475212 ], [ -86.769601994907603, 21.123566736433542 ] ] ] } },
{ "type": "Feature", "properties": { "hex_id": 161, "tipo_actual": "verde_general" }, "geometry": { "type": "Polygon", "coordinates": [ [ [ -86.769601069494257, 21.124165890837475 ], [ -86.769785255342015, 21.124266000459585 ], [ -86.76978494710869, 21.124465718585054 ], [ -86.769600452533979, 21.124565327083218 ], [ -86.769416266444821, 21.124465217261495 ], [ -86.769416575171761, 21.124265499141213 ], [ -86.769601069494257, 21.124165890837475 ] ] ] } },
{ "type": "Feature", "properties": { "hex_id": 162, "tipo_actual": "verde_manglar" }, "geometry": { "type": "Polygon", "coordinates": [ [ [ -86.769600144048439, 21.12476504519903 ], [ -86.769784330631211, 21.124865154821848 ], [ -86.769784022387057, 21.125064872933191 ], [ -86.769599527066504, 21.125164481416526 ], [ -86.769415340242332, 21.125064371594089 ], [ -86.769415648980114, 21.124864653487933 ], [ -86.769600144048439, 21.12476504519903 ] ] ] } },
{ "type": "Feature", "properties": { "hex_id": 163, "tipo_actual": "verde_manglar" }, "geometry": { "type": "Polygon", "coordinates": [ [ [ -86.769599218570121, 21.125364199518209 ], [ -86.769783405887935, 21.125464309141737 ], [ -86.769783097632967, 21.125664027238944 ], [ -86.769598601566528, 21.12576363570745 ], [ -86.769414414007315, 21.125663525884296 ], [ -86.76941472275594, 21.125463807792272 ], [ -86.769599218570121, 21.125364199518209 ] ] ] } },
{ "type": "Feature", "properties": { "hex_id": 183, "tipo_actual": "urbano" }, "geometry": { "type": "Polygon", "coordinates": [ [ [ -86.769580702181628, 21.137347277001034 ], [ -86.769764904205715, 21.137447386638694 ], [ -86.769764595734316, 21.137647104453315 ], [ -86.769580084744845, 21.137746712625102 ], [ -86.769395882479202, 21.137646602787701 ], [ -86.769396191444599, 21.137446884978253 ], [ -86.769580702181628, 21.137347277001034 ] ] ] } },
{ "type": "Feature", "properties": { "hex_id": 184, "tipo_actual": "urbano" }, "geometry": { "type": "Polygon", "coordinates": [ [ [ -86.769579776021061, 21.137946430430066 ], [ -86.769763978780702, 21.13804654006843 ], [ -86.769763670298488, 21.138246257868921 ], [ -86.769579158562607, 21.138345866025865 ], [ -86.769394955561367, 21.138245756187757 ], [ -86.769395264537593, 21.138046038392442 ], [ -86.769579776021061, 21.137946430430066 ] ] ] } },
{ "type": "Feature", "properties": { "hex_id": 185, "tipo_actual": "urbano" }, "geometry": { "type": "Polygon", "coordinates": [ [ [ -86.769578849827965, 21.138545583816697 ], [ -86.769763053323231, 21.138645693455764 ], [ -86.769762744830189, 21.138845411242126 ], [ -86.769578232347854, 21.138945019384231 ], [ -86.769394028610989, 21.138844909545401 ], [ -86.769394337598058, 21.13864519176423 ], [ -86.769578849827965, 21.138545583816697 ] ] ] } },
{ "type": "Feature", "properties": { "hex_id": 187, "tipo_actual": "urbano" }, "geometry": { "type": "Polygon", "coordinates": [ [ [ -86.769420896969734, 21.121469444962909 ], [ -86.769605079384149, 21.121569554781061 ], [ -86.769604770952739, 21.121769272967494 ], [ -86.769420279613371, 21.121868881330595 ], [ -86.769236096957584, 21.121768771312865 ], [ -86.769236405882538, 21.121569053131608 ], [ -86.769420896969734, 21.121469444962909 ] ] ] } },
{ "type": "Feature", "properties": { "hex_id": 188, "tipo_actual": "urbano" }, "geometry": { "type": "Polygon", "coordinates": [ [ [ -86.769419970929761, 21.122068599507372 ], [ -86.769604154079076, 21.122168709326239 ], [ -86.769603845636837, 21.122368427498547 ], [ -86.76941935355174, 21.122468035846811 ], [ -86.769235170161053, 21.12236792582836 ], [ -86.769235479096835, 21.122168207661236 ], [ -86.769419970929761, 21.122068599507372 ] ] ] } },
{ "type": "Feature", "properties": { "hex_id": 189, "tipo_actual": "verde_inundable" }, "geometry": { "type": "Polygon", "coordinates": [ [ [ -86.769419044857287, 21.122667754009473 ], [ -86.769603228741531, 21.122767863829047 ], [ -86.769602920288463, 21.122967581987236 ], [ -86.76941842745758, 21.123067190320654 ], [ -86.769234243331965, 21.122967080301478 ], [ -86.769234552278604, 21.122767362148483 ], [ -86.769419044857287, 21.122667754009473 ] ] ] } },
{ "type": "Feature", "properties": { "hex_id": 190, "tipo_actual": "verde_general" }, "geometry": { "type": "Polygon", "coordinates": [ [ [ -86.769418118752299, 21.123266908469187 ], [ -86.769602303371499, 21.123367018289478 ], [ -86.769601994907603, 21.123566736433542 ], [ -86.769417501330935, 21.12366634475212 ], [ -86.769233316470377, 21.12356623473223 ], [ -86.769233625427859, 21.12336651659335 ], [ -86.769418118752299, 21.123266908469187 ] ] ] } },
{ "type": "Feature", "properties": { "hex_id": 191, "tipo_actual": "verde_general" }, "geometry": { "type": "Polygon", "coordinates": [ [ [ -86.769417192614824, 21.123866062886531 ], [ -86.769601377968982, 21.123966172707537 ], [ -86.769601069494257, 21.124165890837475 ], [ -86.769416575171761, 21.124265499141213 ], [ -86.769232389576231, 21.124165389120602 ], [ -86.76923269854457, 21.123965670995851 ], [ -86.769417192614824, 21.123866062886531 ] ] ] } },
{ "type": "Feature", "properties": { "hex_id": 192, "tipo_actual": "verde_inundable" }, "geometry": { "type": "Polygon", "coordinates": [ [ [ -86.769416266444821, 21.124465217261495 ], [ -86.769600452533979, 21.124565327083218 ], [ -86.769600144048439, 21.12476504519903 ], [ -86.769415648980114, 21.124864653487933 ], [ -86.769231462649557, 21.1247645434666 ], [ -86.769231771628739, 21.124564825355975 ], [ -86.769416266444821, 21.124465217261495 ] ] ] } },
{ "type": "Feature", "properties": { "hex_id": 193, "tipo_actual": "verde_manglar" }, "geometry": { "type": "Polygon", "coordinates": [ [ [ -86.769415340242332, 21.125064371594089 ], [ -86.769599527066504, 21.125164481416526 ], [ -86.769599218570121, 21.125364199518209 ], [ -86.76941472275594, 21.125463807792272 ], [ -86.769230535690355, 21.125363697770219 ], [ -86.769230844680365, 21.125163979673715 ], [ -86.769415340242332, 21.125064371594089 ] ] ] } },
{ "type": "Feature", "properties": { "hex_id": 194, "tipo_actual": "verde_manglar" }, "geometry": { "type": "Polygon", "coordinates": [ [ [ -86.769414414007315, 21.125663525884296 ], [ -86.769598601566528, 21.12576363570745 ], [ -86.769598293059332, 21.125963353795008 ], [ -86.769413796499236, 21.126062962054228 ], [ -86.769229608698609, 21.12596285203146 ], [ -86.769229917699462, 21.125763133949086 ], [ -86.769414414007315, 21.125663525884296 ] ] ] } },
{ "type": "Feature", "properties": { "hex_id": 213, "tipo_actual": "urbano" }, "geometry": { "type": "Polygon", "coordinates": [ [ [ -86.769396809364522, 21.137047449345243 ], [ -86.769581010894612, 21.137147559181937 ], [ -86.769580702181628, 21.137347277001034 ], [ -86.769396191444599, 21.137446884978253 ], [ -86.769211989672939, 21.137346774941829 ], [ -86.769212298879893, 21.137147057127915 ], [ -86.769396809364522, 21.137047449345243 ] ] ] } },
{ "type": "Feature", "properties": { "hex_id": 214, "tipo_actual": "urbano" }, "geometry": { "type": "Polygon", "coordinates": [ [ [ -86.769395882479202, 21.137646602787701 ], [ -86.769580084744845, 21.137746712625102 ], [ -86.769579776021061, 21.137946430430066 ], [ -86.769395264537593, 21.138046038392442 ], [ -86.769211062030351, 21.137945928355293 ], [ -86.769211371248161, 21.13774621055552 ], [ -86.769395882479202, 21.137646602787701 ] ] ] } },
{ "type": "Feature", "properties": { "hex_id": 215, "tipo_actual": "urbano" }, "geometry": { "type": "Polygon", "coordinates": [ [ [ -86.769394955561367, 21.138245756187757 ], [ -86.769579158562607, 21.138345866025865 ], [ -86.769578849827965, 21.138545583816697 ], [ -86.769394337598058, 21.13864519176423 ], [ -86.769210134355234, 21.138545081726363 ], [ -86.769210443583887, 21.138345363940719 ], [ -86.769394955561367, 21.138245756187757 ] ] ] } },
{ "type": "Feature", "properties": { "hex_id": 216, "tipo_actual": "urbano" }, "geometry": { "type": "Polygon", "coordinates": [ [ [ -86.769394028610989, 21.138844909545401 ], [ -86.769578232347854, 21.138945019384231 ], [ -86.769577923602384, 21.139144737160926 ], [ -86.769393410626023, 21.139244345093616 ], [ -86.76920920664756, 21.139144235055035 ], [ -86.769209515887056, 21.13894451728352 ], [ -86.769394028610989, 21.138844909545401 ] ] ] } },
{ "type": "Feature", "properties": { "hex_id": 218, "tipo_actual": "verde_inundable" }, "geometry": { "type": "Polygon", "coordinates": [ [ [ -86.769237023721587, 21.121169616754997 ], [ -86.769421205642502, 21.121269726772006 ], [ -86.769420896969734, 21.121469444962909 ], [ -86.769236405882538, 21.121569053131608 ], [ -86.769052223720294, 21.121468942915016 ], [ -86.76905253288659, 21.121269224729307 ], [ -86.769237023721587, 21.121169616754997 ] ] ] } },
{ "type": "Feature", "properties": { "hex_id": 219, "tipo_actual": "urbano" }, "geometry": { "type": "Polygon", "coordinates": [ [ [ -86.769236096957584, 21.121768771312865 ], [ -86.769420279613371, 21.121868881330595 ], [ -86.769419970929761, 21.122068599507372 ], [ -86.769235479096835, 21.122168207661236 ], [ -86.769051296199706, 21.122068097443915 ], [ -86.769051605376859, 21.121868379272318 ], [ -86.769236096957584, 21.121768771312865 ] ] ] } },
{ "type": "Feature", "properties": { "hex_id": 220, "tipo_actual": "urbano" }, "geometry": { "type": "Polygon", "coordinates": [ [ [ -86.769235170161053, 21.12236792582836 ], [ -86.76941935355174, 21.122468035846811 ], [ -86.769419044857287, 21.122667754009473 ], [ -86.769234552278604, 21.122767362148483 ], [ -86.769050368646575, 21.122667251930437 ], [ -86.769050677834585, 21.122467533772966 ], [ -86.769235170161053, 21.12236792582836 ] ] ] } },
{ "type": "Feature", "properties": { "hex_id": 221, "tipo_actual": "verde_general" }, "geometry": { "type": "Polygon", "coordinates": [ [ [ -86.769234243331965, 21.122967080301478 ], [ -86.76941842745758, 21.123067190320654 ], [ -86.769418118752299, 21.123266908469187 ], [ -86.769233625427859, 21.12336651659335 ], [ -86.769049441060872, 21.123266406374587 ], [ -86.76904975025974, 21.123066688231241 ], [ -86.769234243331965, 21.122967080301478 ] ] ] } },
{ "type": "Feature", "properties": { "hex_id": 222, "tipo_actual": "verde_general" }, "geometry": { "type": "Polygon", "coordinates": [ [ [ -86.769233316470377, 21.12356623473223 ], [ -86.769417501330935, 21.12366634475212 ], [ -86.769417192614824, 21.123866062886531 ], [ -86.76923269854457, 21.123965670995851 ], [ -86.769048513442627, 21.123865560776359 ], [ -86.769048822652323, 21.123665842647132 ], [ -86.769233316470377, 21.12356623473223 ] ] ] } },
{ "type": "Feature", "properties": { "hex_id": 223, "tipo_actual": "verde_inundable" }, "geometry": { "type": "Polygon", "coordinates": [ [ [ -86.769232389576231, 21.124165389120602 ], [ -86.769416575171761, 21.124265499141213 ], [ -86.769416266444821, 21.124465217261495 ], [ -86.769231771628739, 21.124564825355975 ], [ -86.76904758579181, 21.124464715135755 ], [ -86.769047895012363, 21.124264997020649 ], [ -86.769232389576231, 21.124165389120602 ] ] ] } },
{ "type": "Feature", "properties": { "hex_id": 224, "tipo_actual": "verde_inundable" }, "geometry": { "type": "Polygon", "coordinates": [ [ [ -86.769231462649557, 21.1247645434666 ], [ -86.769415648980114, 21.124864653487933 ], [ -86.769415340242332, 21.125064371594089 ], [ -86.769230844680365, 21.125163979673715 ], [ -86.769046658108437, 21.125063869452774 ], [ -86.769046967339833, 21.124864151351801 ], [ -86.769231462649557, 21.1247645434666 ] ] ] } },
{ "type": "Feature", "properties": { "hex_id": 225, "tipo_actual": "verde_manglar" }, "geometry": { "type": "Polygon", "coordinates": [ [ [ -86.769230535690355, 21.125363697770219 ], [ -86.76941472275594, 21.125463807792272 ], [ -86.769414414007315, 21.125663525884296 ], [ -86.769229917699462, 21.125763133949086 ], [ -86.769045730392492, 21.125663023727405 ], [ -86.769046039634759, 21.125463305640572 ], [ -86.769230535690355, 21.125363697770219 ] ] ] } },
{ "type": "Feature", "properties": { "hex_id": 244, "tipo_actual": "verde_inundable" }, "geometry": { "type": "Polygon", "coordinates": [ [ [ -86.769212917282957, 21.136747621485966 ], [ -86.769397118319063, 21.136847731521677 ], [ -86.769396809364522, 21.137047449345243 ], [ -86.769212298879893, 21.137147057127915 ], [ -86.769028097602231, 21.137046946892465 ], [ -86.76902840705074, 21.136847229074085 ], [ -86.769212917282957, 21.136747621485966 ] ] ] } },
{ "type": "Feature", "properties": { "hex_id": 245, "tipo_actual": "urbano" }, "geometry": { "type": "Polygon", "coordinates": [ [ [ -86.769211989672939, 21.137346774941829 ], [ -86.769396191444599, 21.137446884978253 ], [ -86.769395882479202, 21.137646602787701 ], [ -86.769211371248161, 21.13774621055552 ], [ -86.769027169234946, 21.137646100319341 ], [ -86.769027478694326, 21.137446382515083 ], [ -86.769211989672939, 21.137346774941829 ] ] ] } },
{ "type": "Feature", "properties": { "hex_id": 246, "tipo_actual": "urbano" }, "geometry": { "type": "Polygon", "coordinates": [ [ [ -86.769211062030351, 21.137945928355293 ], [ -86.769395264537593, 21.138046038392442 ], [ -86.769394955561367, 21.138245756187757 ], [ -86.769210443583887, 21.138345363940719 ], [ -86.769026240835075, 21.138245253703822 ], [ -86.769026550305313, 21.138045535913701 ], [ -86.769211062030351, 21.137945928355293 ] ] ] } },
{ "type": "Feature", "properties": { "hex_id": 247, "tipo_actual": "urbano" }, "geometry": { "type": "Polygon", "coordinates": [ [ [ -86.769210134355234, 21.138545081726363 ], [ -86.769394337598058, 21.13864519176423 ], [ -86.769394028610989, 21.138844909545401 ], [ -86.769209515887056, 21.13894451728352 ], [ -86.769025312402633, 21.138844407045895 ], [ -86.769025621883742, 21.13864468926991 ], [ -86.769210134355234, 21.138545081726363 ] ] ] } },
{ "type": "Feature", "properties": { "hex_id": 248, "tipo_actual": "urbano" }, "geometry": { "type": "Polygon", "coordinates": [ [ [ -86.76920920664756, 21.139144235055035 ], [ -86.769393410626023, 21.139244345093616 ], [ -86.769393101628111, 21.139444062860658 ], [ -86.769208588157682, 21.139543670583926 ], [ -86.769024383937619, 21.139443560345573 ], [ -86.769024693429586, 21.139243842583724 ], [ -86.76920920664756, 21.139144235055035 ] ] ] } },
{ "type": "Feature", "properties": { "hex_id": 249, "tipo_actual": "urbano" }, "geometry": { "type": "Polygon", "coordinates": [ [ [ -86.769052223720294, 21.121468942915016 ], [ -86.769236405882538, 21.121569053131608 ], [ -86.769236096957584, 21.121768771312865 ], [ -86.769051605376859, 21.121868379272318 ], [ -86.768867422973287, 21.121768268856147 ], [ -86.768867732391769, 21.121568550680092 ], [ -86.769052223720294, 21.121468942915016 ] ] ] } },
{ "type": "Feature", "properties": { "hex_id": 250, "tipo_actual": "urbano" }, "geometry": { "type": "Polygon", "coordinates": [ [ [ -86.769051296199706, 21.122068097443915 ], [ -86.769235479096835, 21.122168207661236 ], [ -86.769235170161053, 21.12236792582836 ], [ -86.769050677834585, 21.122467533772966 ], [ -86.768866494696098, 21.12236742335606 ], [ -86.768866804125452, 21.12216770519413 ], [ -86.769051296199706, 21.122068097443915 ] ] ] } },
{ "type": "Feature", "properties": { "hex_id": 251, "tipo_actual": "verde_general" }, "geometry": { "type": "Polygon", "coordinates": [ [ [ -86.769050368646575, 21.122667251930437 ], [ -86.769234552278604, 21.122767362148483 ], [ -86.769234243331965, 21.122967080301478 ], [ -86.76904975025974, 21.123066688231241 ], [ -86.768865566386339, 21.122966577813596 ], [ -86.768865875826549, 21.122766859665795 ], [ -86.769050368646575, 21.122667251930437 ] ] ] } },
{ "type": "Feature", "properties": { "hex_id": 252, "tipo_actual": "verde_inundable" }, "geometry": { "type": "Polygon", "coordinates": [ [ [ -86.769049441060872, 21.123266406374587 ], [ -86.769233625427859, 21.12336651659335 ], [ -86.769233316470377, 21.12356623473223 ], [ -86.769048822652323, 21.123665842647132 ], [ -86.768864638043979, 21.123565732228762 ], [ -86.768864947495061, 21.123366014095083 ], [ -86.769049441060872, 21.123266406374587 ] ] ] } },
{ "type": "Feature", "properties": { "hex_id": 253, "tipo_actual": "verde_inundable" }, "geometry": { "type": "Polygon", "coordinates": [ [ [ -86.769048513442627, 21.123865560776359 ], [ -86.76923269854457, 21.123965670995851 ], [ -86.769232389576231, 21.124165389120602 ], [ -86.769047895012363, 21.124264997020649 ], [ -86.768863709669048, 21.124164886601548 ], [ -86.768864019130987, 21.123965168481998 ], [ -86.769048513442627, 21.123865560776359 ] ] ] } },
{ "type": "Feature", "properties": { "hex_id": 254, "tipo_actual": "verde_inundable" }, "geometry": { "type": "Polygon", "coordinates": [ [ [ -86.76904758579181, 21.124464715135755 ], [ -86.769231771628739, 21.124564825355975 ], [ -86.769231462649557, 21.1247645434666 ], [ -86.769046967339833, 21.124864151351801 ], [ -86.768862781261532, 21.124764040931961 ], [ -86.768863090734328, 21.124564322826533 ], [ -86.76904758579181, 21.124464715135755 ] ] ] } },
{ "type": "Feature", "properties": { "hex_id": 255, "tipo_actual": "verde_inundable" }, "geometry": { "type": "Polygon", "coordinates": [ [ [ -86.769046658108437, 21.125063869452774 ], [ -86.769230844680365, 21.125163979673715 ], [ -86.769230535690355, 21.125363697770219 ], [ -86.769046039634759, 21.125463305640572 ], [ -86.768861852821416, 21.12536319522 ], [ -86.768862162305084, 21.125163477128694 ], [ -86.769046658108437, 21.125063869452774 ] ] ] } },
{ "type": "Feature", "properties": { "hex_id": 256, "tipo_actual": "verde_manglar" }, "geometry": { "type": "Polygon", "coordinates": [ [ [ -86.769045730392492, 21.125663023727405 ], [ -86.769229917699462, 21.125763133949086 ], [ -86.769229608698609, 21.12596285203146 ], [ -86.7690451118971, 21.126062459886956 ], [ -86.768860924348729, 21.125962349465652 ], [ -86.768861233843239, 21.125762631388479 ], [ -86.769045730392492, 21.125663023727405 ] ] ] } },
{ "type": "Feature", "properties": { "hex_id": 257, "tipo_actual": "verde_inundable" }, "geometry": { "type": "Polygon", "coordinates": [ [ [ -86.76904480264399, 21.126262177959671 ], [ -86.769228990686031, 21.126362288182069 ], [ -86.769228681674321, 21.126562006250314 ], [ -86.769044184126898, 21.126661614090967 ], [ -86.768859995843442, 21.126561503668928 ], [ -86.768860305348809, 21.12636178560588 ], [ -86.76904480264399, 21.126262177959671 ] ] ] } },
{ "type": "Feature", "properties": { "hex_id": 274, "tipo_actual": "verde_inundable" }, "geometry": { "type": "Polygon", "coordinates": [ [ [ -86.769029025936945, 21.136447793423187 ], [ -86.769213226479081, 21.136547903657917 ], [ -86.769212917282957, 21.136747621485966 ], [ -86.76902840705074, 21.136847229074085 ], [ -86.768844206267062, 21.136747118639612 ], [ -86.768844515957127, 21.136547400816763 ], [ -86.769029025936945, 21.136447793423187 ] ] ] } },
{ "type": "Feature", "properties": { "hex_id": 275, "tipo_actual": "urbano" }, "geometry": { "type": "Polygon", "coordinates": [ [ [ -86.769028097602231, 21.137046946892465 ], [ -86.769212298879893, 21.137147057127915 ], [ -86.769211989672939, 21.137346774941829 ], [ -86.769027478694326, 21.137446382515083 ], [ -86.76884327717508, 21.137346272079895 ], [ -86.768843586876031, 21.137146554271176 ], [ -86.769028097602231, 21.137046946892465 ] ] ] } },
{ "type": "Feature", "properties": { "hex_id": 276, "tipo_actual": "urbano" }, "geometry": { "type": "Polygon", "coordinates": [ [ [ -86.769027169234946, 21.137646100319341 ], [ -86.769211371248161, 21.13774621055552 ], [ -86.769211062030351, 21.137945928355293 ], [ -86.769026550305313, 21.138045535913701 ], [ -86.768842348050512, 21.137945425477774 ], [ -86.76884265776232, 21.137745707683187 ], [ -86.769027169234946, 21.137646100319341 ] ] ] } },
{ "type": "Feature", "properties": { "hex_id": 277, "tipo_actual": "urbano" }, "geometry": { "type": "Polygon", "coordinates": [ [ [ -86.769026240835075, 21.138245253703822 ], [ -86.769210443583887, 21.138345363940719 ], [ -86.769210134355234, 21.138545081726363 ], [ -86.769025621883742, 21.13864468926991 ], [ -86.768841418893345, 21.138544578833255 ], [ -86.76884172861601, 21.138344861052801 ], [ -86.769026240835075, 21.138245253703822 ] ] ] } },
{ "type": "Feature", "properties": { "hex_id": 278, "tipo_actual": "urbano" }, "geometry": { "type": "Polygon", "coordinates": [ [ [ -86.769025312402633, 21.138844407045895 ], [ -86.769209515887056, 21.13894451728352 ], [ -86.76920920664756, 21.139144235055035 ], [ -86.769024693429586, 21.139243842583724 ], [ -86.768840489703564, 21.139143732146334 ], [ -86.768840799437115, 21.138944014380016 ], [ -86.769025312402633, 21.138844407045895 ] ] ] } },
{ "type": "Feature", "properties": { "hex_id": 280, "tipo_actual": "urbano" }, "geometry": { "type": "Polygon", "coordinates": [ [ [ -86.768868351217876, 21.121169114313858 ], [ -86.76905253288659, 21.121269224729307 ], [ -86.769052223720294, 21.121468942915016 ], [ -86.768867732391769, 21.121568550680092 ], [ -86.768683550481725, 21.121468440065058 ], [ -86.768683860141536, 21.121268721884544 ], [ -86.768868351217876, 21.121169114313858 ] ] ] } },
{ "type": "Feature", "properties": { "hex_id": 281, "tipo_actual": "urbano" }, "geometry": { "type": "Polygon", "coordinates": [ [ [ -86.768867422973287, 21.121768268856147 ], [ -86.769051605376859, 21.121868379272318 ], [ -86.769051296199706, 21.122068097443915 ], [ -86.768866804125452, 21.12216770519413 ], [ -86.768682621480522, 21.122067594578365 ], [ -86.768682931151218, 21.121867876411969 ], [ -86.768867422973287, 21.121768268856147 ] ] ] } },
{ "type": "Feature", "properties": { "hex_id": 282, "tipo_actual": "urbano" }, "geometry": { "type": "Polygon", "coordinates": [ [ [ -86.768866494696098, 21.12236742335606 ], [ -86.769050677834585, 21.122467533772966 ], [ -86.769050368646575, 21.122667251930437 ], [ -86.768865875826549, 21.122766859665795 ], [ -86.768681692446719, 21.122666749049287 ], [ -86.768682002128273, 21.122467030897017 ], [ -86.768866494696098, 21.12236742335606 ] ] ] } },
{ "type": "Feature", "properties": { "hex_id": 283, "tipo_actual": "verde_inundable" }, "geometry": { "type": "Polygon", "coordinates": [ [ [ -86.768865566386339, 21.122966577813596 ], [ -86.76904975025974, 21.123066688231241 ], [ -86.769049441060872, 21.123266406374587 ], [ -86.768864947495061, 21.123366014095083 ], [ -86.768680763380303, 21.12326590347784 ], [ -86.768681073072727, 21.123066185339695 ], [ -86.768865566386339, 21.122966577813596 ] ] ] } },
{ "type": "Feature", "properties": { "hex_id": 284, "tipo_actual": "verde_inundable" }, "geometry": { "type": "Polygon", "coordinates": [ [ [ -86.768864638043979, 21.123565732228762 ], [ -86.769048822652323, 21.123665842647132 ], [ -86.769048513442627, 21.123865560776359 ], [ -86.768864019130987, 21.123965168481998 ], [ -86.768679834281272, 21.123865057864016 ], [ -86.768680143984568, 21.12366533973999 ], [ -86.768864638043979, 21.123565732228762 ] ] ] } },
{ "type": "Feature", "properties": { "hex_id": 285, "tipo_actual": "verde_inundable" }, "geometry": { "type": "Polygon", "coordinates": [ [ [ -86.768863709669048, 21.124164886601548 ], [ -86.769047895012363, 21.124264997020649 ], [ -86.76904758579181, 21.124464715135755 ], [ -86.768863090734328, 21.124564322826533 ], [ -86.768678905149628, 21.124464212207812 ], [ -86.768679214863795, 21.124264494097918 ], [ -86.768863709669048, 21.124164886601548 ] ] ] } },
{ "type": "Feature", "properties": { "hex_id": 286, "tipo_actual": "verde_inundable" }, "geometry": { "type": "Polygon", "coordinates": [ [ [ -86.768862781261532, 21.124764040931961 ], [ -86.769046967339833, 21.124864151351801 ], [ -86.769046658108437, 21.125063869452774 ], [ -86.768862162305084, 21.125163477128694 ], [ -86.768677975985383, 21.125063366509231 ], [ -86.768678285710422, 21.124863648413463 ], [ -86.768862781261532, 21.124764040931961 ] ] ] } },
{ "type": "Feature", "properties": { "hex_id": 287, "tipo_actual": "verde_inundable" }, "geometry": { "type": "Polygon", "coordinates": [ [ [ -86.768861852821416, 21.12536319522 ], [ -86.769046039634759, 21.125463305640572 ], [ -86.769045730392492, 21.125663023727405 ], [ -86.768861233843239, 21.125762631388479 ], [ -86.768677046788511, 21.125662520768273 ], [ -86.768677356524421, 21.125462802686638 ], [ -86.768861852821416, 21.12536319522 ] ] ] } },
{ "type": "Feature", "properties": { "hex_id": 288, "tipo_actual": "verde_manglar" }, "geometry": { "type": "Polygon", "coordinates": [ [ [ -86.768860924348729, 21.125962349465652 ], [ -86.7690451118971, 21.126062459886956 ], [ -86.76904480264399, 21.126262177959671 ], [ -86.768860305348809, 21.12636178560588 ], [ -86.768676117559039, 21.126261674984939 ], [ -86.76867642730582, 21.126061956917422 ], [ -86.768860924348729, 21.125962349465652 ] ] ] } },
{ "type": "Feature", "properties": { "hex_id": 289, "tipo_actual": "verde_manglar" }, "geometry": { "type": "Polygon", "coordinates": [ [ [ -86.768859995843442, 21.126561503668928 ], [ -86.769044184126898, 21.126661614090967 ], [ -86.769043874862916, 21.126861332149545 ], [ -86.768859376821823, 21.126960939780897 ], [ -86.768675188296939, 21.126860829159227 ], [ -86.768675498054591, 21.126661111105832 ], [ -86.768859995843442, 21.126561503668928 ] ] ] } },
{ "type": "Feature", "properties": { "hex_id": 305, "tipo_actual": "verde_inundable" }, "geometry": { "type": "Polygon", "coordinates": [ [ [ -86.76884513532643, 21.136147965156937 ], [ -86.769029335374611, 21.136248075590675 ], [ -86.769029025936945, 21.136447793423187 ], [ -86.768844515957127, 21.136547400816763 ], [ -86.768660315667404, 21.136447290183284 ], [ -86.768660625599026, 21.136247572355973 ], [ -86.76884513532643, 21.136147965156937 ] ] ] } },
{ "type": "Feature", "properties": { "hex_id": 306, "tipo_actual": "urbano" }, "geometry": { "type": "Polygon", "coordinates": [ [ [ -86.768844206267062, 21.136747118639612 ], [ -86.76902840705074, 21.136847229074085 ], [ -86.769028097602231, 21.137046946892465 ], [ -86.768843586876031, 21.137146554271176 ], [ -86.768659385850768, 21.137046443636965 ], [ -86.768659695793275, 21.13684672582378 ], [ -86.768844206267062, 21.136747118639612 ] ] ] } },
{ "type": "Feature", "properties": { "hex_id": 307, "tipo_actual": "urbano" }, "geometry": { "type": "Polygon", "coordinates": [ [ [ -86.76884327717508, 21.137346272079895 ], [ -86.769027478694326, 21.137446382515083 ], [ -86.769027169234946, 21.137646100319341 ], [ -86.76884265776232, 21.137745707683187 ], [ -86.768658456001532, 21.137645597048241 ], [ -86.768658765954896, 21.137445879249189 ], [ -86.76884327717508, 21.137346272079895 ] ] ] } },
{ "type": "Feature", "properties": { "hex_id": 308, "tipo_actual": "urbano" }, "geometry": { "type": "Polygon", "coordinates": [ [ [ -86.768842348050512, 21.137945425477774 ], [ -86.769026550305313, 21.138045535913701 ], [ -86.769026240835075, 21.138245253703822 ], [ -86.76884172861601, 21.138344861052801 ], [ -86.76865752611964, 21.138244750417122 ], [ -86.768657836083889, 21.138045032632199 ], [ -86.768842348050512, 21.137945425477774 ] ] ] } },
{ "type": "Feature", "properties": { "hex_id": 309, "tipo_actual": "urbano" }, "geometry": { "type": "Polygon", "coordinates": [ [ [ -86.768841418893345, 21.138544578833255 ], [ -86.769025621883742, 21.13864468926991 ], [ -86.769025312402633, 21.138844407045895 ], [ -86.768840799437115, 21.138944014380016 ], [ -86.768656596205147, 21.138843903743595 ], [ -86.768656906180269, 21.138644185972815 ], [ -86.768841418893345, 21.138544578833255 ] ] ] } },
{ "type": "Feature", "properties": { "hex_id": 310, "tipo_actual": "urbano" }, "geometry": { "type": "Polygon", "coordinates": [ [ [ -86.768840489703564, 21.139143732146334 ], [ -86.769024693429586, 21.139243842583724 ], [ -86.769024383937619, 21.139443560345573 ], [ -86.768839870225605, 21.139543167664833 ], [ -86.768655666258013, 21.139443057027677 ], [ -86.768655976244006, 21.139243339271019 ], [ -86.768840489703564, 21.139143732146334 ] ] ] } },
{ "type": "Feature", "properties": { "hex_id": 311, "tipo_actual": "urbano" }, "geometry": { "type": "Polygon", "coordinates": [ [ [ -86.768683550481725, 21.121468440065058 ], [ -86.768867732391769, 21.121568550680092 ], [ -86.768867422973287, 21.121768268856147 ], [ -86.768682931151218, 21.121867876411969 ], [ -86.768498748999832, 21.121767765597355 ], [ -86.768499058911857, 21.1215680474265 ], [ -86.768683550481725, 21.121468440065058 ] ] ] } },
{ "type": "Feature", "properties": { "hex_id": 312, "tipo_actual": "urbano" }, "geometry": { "type": "Polygon", "coordinates": [ [ [ -86.768682621480522, 21.122067594578365 ], [ -86.768866804125452, 21.12216770519413 ], [ -86.768866494696098, 21.12236742335606 ], [ -86.768682002128273, 21.122467030897017 ], [ -86.768497819242015, 21.122366920081657 ], [ -86.768498129164911, 21.122167201924928 ], [ -86.768682621480522, 21.122067594578365 ] ] ] } },
{ "type": "Feature", "properties": { "hex_id": 313, "tipo_actual": "urbano" }, "geometry": { "type": "Polygon", "coordinates": [ [ [ -86.768681692446719, 21.122666749049287 ], [ -86.768865875826549, 21.122766859665795 ], [ -86.768865566386339, 21.122966577813596 ], [ -86.768681073072727, 21.123066185339695 ], [ -86.768496889451555, 21.122966074523585 ], [ -86.768497199385337, 21.122766356380982 ], [ -86.768681692446719, 21.122666749049287 ] ] ] } },
{ "type": "Feature", "properties": { "hex_id": 314, "tipo_actual": "verde_inundable" }, "geometry": { "type": "Polygon", "coordinates": [ [ [ -86.768680763380303, 21.12326590347784 ], [ -86.768864947495061, 21.123366014095083 ], [ -86.768864638043979, 21.123565732228762 ], [ -86.768680143984568, 21.12366533973999 ], [ -86.768495959628467, 21.123565228923141 ], [ -86.76849626957312, 21.123365510794667 ], [ -86.768680763380303, 21.12326590347784 ] ] ] } },
{ "type": "Feature", "properties": { "hex_id": 315, "tipo_actual": "verde_inundable" }, "geometry": { "type": "Polygon", "coordinates": [ [ [ -86.768679834281272, 21.123865057864016 ], [ -86.768864019130987, 21.123965168481998 ], [ -86.768863709669048, 21.124164886601548 ], [ -86.768679214863795, 21.124264494097918 ], [ -86.768495029772723, 21.124164383280316 ], [ -86.768495339728261, 21.123964665165968 ], [ -86.768679834281272, 21.123865057864016 ] ] ] } },
{ "type": "Feature", "properties": { "hex_id": 316, "tipo_actual": "verde_general" }, "geometry": { "type": "Polygon", "coordinates": [ [ [ -86.768678905149628, 21.124464212207812 ], [ -86.768863090734328, 21.124564322826533 ], [ -86.768862781261532, 21.124764040931961 ], [ -86.768678285710422, 21.124863648413463 ], [ -86.768494099884364, 21.124763537595118 ], [ -86.768494409850774, 21.124563819494895 ], [ -86.768678905149628, 21.124464212207812 ] ] ] } },
{ "type": "Feature", "properties": { "hex_id": 317, "tipo_actual": "verde_inundable" }, "geometry": { "type": "Polygon", "coordinates": [ [ [ -86.768677975985383, 21.125063366509231 ], [ -86.768862162305084, 21.125163477128694 ], [ -86.768861852821416, 21.12536319522 ], [ -86.768677356524421, 21.125462802686638 ], [ -86.768493169963349, 21.125362691867547 ], [ -86.768493479940645, 21.125162973781443 ], [ -86.768677975985383, 21.125063366509231 ] ] ] } },
{ "type": "Feature", "properties": { "hex_id": 318, "tipo_actual": "verde_inundable" }, "geometry": { "type": "Polygon", "coordinates": [ [ [ -86.768677046788511, 21.125662520768273 ], [ -86.768861233843239, 21.125762631388479 ], [ -86.768860924348729, 21.125962349465652 ], [ -86.76867642730582, 21.126061956917422 ], [ -86.768492240009692, 21.125961846097592 ], [ -86.768492549997873, 21.125762128025617 ], [ -86.768677046788511, 21.125662520768273 ] ] ] } },
{ "type": "Feature", "properties": { "hex_id": 319, "tipo_actual": "verde_manglar" }, "geometry": { "type": "Polygon", "coordinates": [ [ [ -86.768676117559039, 21.126261674984939 ], [ -86.768860305348809, 21.12636178560588 ], [ -86.768859995843442, 21.126561503668928 ], [ -86.768675498054591, 21.126661111105832 ], [ -86.768491310023407, 21.126561000285257 ], [ -86.768491620022473, 21.12636128222741 ], [ -86.768676117559039, 21.126261674984939 ] ] ] } },
{ "type": "Feature", "properties": { "hex_id": 320, "tipo_actual": "verde_manglar" }, "geometry": { "type": "Polygon", "coordinates": [ [ [ -86.768675188296939, 21.126860829159227 ], [ -86.768859376821823, 21.126960939780897 ], [ -86.76885906730557, 21.127160657829823 ], [ -86.768674568770763, 21.12726026525187 ], [ -86.768490380004479, 21.127160154430545 ], [ -86.768490690014417, 21.126960436386824 ], [ -86.768675188296939, 21.126860829159227 ] ] ] } },
{ "type": "Feature", "properties": { "hex_id": 336, "tipo_actual": "urbano" }, "geometry": { "type": "Polygon", "coordinates": [ [ [ -86.768660315667404, 21.136447290183284 ], [ -86.768844515957127, 21.136547400816763 ], [ -86.768844206267062, 21.136747118639612 ], [ -86.768659695793275, 21.13684672582378 ], [ -86.76847549526201, 21.136746614990564 ], [ -86.768475805446059, 21.136546897172916 ], [ -86.768660315667404, 21.136447290183284 ] ] ] } },
{ "type": "Feature", "properties": { "hex_id": 337, "tipo_actual": "urbano" }, "geometry": { "type": "Polygon", "coordinates": [ [ [ -86.768659385850768, 21.137046443636965 ], [ -86.768843586876031, 21.137146554271176 ], [ -86.76884327717508, 21.137346272079895 ], [ -86.768658765954896, 21.137445879249189 ], [ -86.768474564688091, 21.13734576841523 ], [ -86.768474874883026, 21.137146050611715 ], [ -86.768659385850768, 21.137046443636965 ] ] ] } },
{ "type": "Feature", "properties": { "hex_id": 338, "tipo_actual": "urbano" }, "geometry": { "type": "Polygon", "coordinates": [ [ [ -86.768658456001532, 21.137645597048241 ], [ -86.76884265776232, 21.137745707683187 ], [ -86.768842348050512, 21.137945425477774 ], [ -86.768657836083889, 21.138045032632199 ], [ -86.768473634081531, 21.137944921797498 ], [ -86.768473944287351, 21.13774520400812 ], [ -86.768658456001532, 21.137645597048241 ] ] ] } },
{ "type": "Feature", "properties": { "hex_id": 339, "tipo_actual": "urbano" }, "geometry": { "type": "Polygon", "coordinates": [ [ [ -86.76865752611964, 21.138244750417122 ], [ -86.76884172861601, 21.138344861052801 ], [ -86.768841418893345, 21.138544578833255 ], [ -86.768656906180269, 21.138644185972815 ], [ -86.768472703442328, 21.138544075137368 ], [ -86.768473013659019, 21.138344357362122 ], [ -86.76865752611964, 21.138244750417122 ] ] ] } },
{ "type": "Feature", "properties": { "hex_id": 340, "tipo_actual": "urbano" }, "geometry": { "type": "Polygon", "coordinates": [ [ [ -86.768656596205147, 21.138843903743595 ], [ -86.768840799437115, 21.138944014380016 ], [ -86.768840489703564, 21.139143732146334 ], [ -86.768655976244006, 21.139243339271019 ], [ -86.768471772770454, 21.139143228434829 ], [ -86.768472082998031, 21.138943510673723 ], [ -86.768656596205147, 21.138843903743595 ] ] ] } },
{ "type": "Feature", "properties": { "hex_id": 342, "tipo_actual": "verde_inundable" }, "geometry": { "type": "Polygon", "coordinates": [ [ [ -86.768499678725021, 21.121168611070676 ], [ -86.768683860141536, 21.121268721884544 ], [ -86.768683550481725, 21.121468440065058 ], [ -86.768499058911857, 21.1215680474265 ], [ -86.768314877254014, 21.12146793641304 ], [ -86.768315187407353, 21.121268218237731 ], [ -86.768499678725021, 21.121168611070676 ] ] ] } },
{ "type": "Feature", "properties": { "hex_id": 343, "tipo_actual": "urbano" }, "geometry": { "type": "Polygon", "coordinates": [ [ [ -86.768498748999832, 21.121767765597355 ], [ -86.768682931151218, 21.121867876411969 ], [ -86.768682621480522, 21.122067594578365 ], [ -86.768498129164911, 21.122167201924928 ], [ -86.76831394677221, 21.122067090910715 ], [ -86.768314256936435, 21.121867372749527 ], [ -86.768498748999832, 21.121767765597355 ] ] ] } },
{ "type": "Feature", "properties": { "hex_id": 344, "tipo_actual": "urbano" }, "geometry": { "type": "Polygon", "coordinates": [ [ [ -86.768497819242015, 21.122366920081657 ], [ -86.768682002128273, 21.122467030897017 ], [ -86.768681692446719, 21.122666749049287 ], [ -86.768497199385337, 21.122766356380982 ], [ -86.768313016257736, 21.122666245366027 ], [ -86.768313326432846, 21.122466527218958 ], [ -86.768497819242015, 21.122366920081657 ] ] ] } },
{ "type": "Feature", "properties": { "hex_id": 345, "tipo_actual": "urbano" }, "geometry": { "type": "Polygon", "coordinates": [ [ [ -86.768496889451555, 21.122966074523585 ], [ -86.768681073072727, 21.123066185339695 ], [ -86.768680763380303, 21.12326590347784 ], [ -86.76849626957312, 21.123365510794667 ], [ -86.768312085710591, 21.123265399778951 ], [ -86.768312395896601, 21.123065681646015 ], [ -86.768496889451555, 21.122966074523585 ] ] ] } },
{ "type": "Feature", "properties": { "hex_id": 346, "tipo_actual": "verde_inundable" }, "geometry": { "type": "Polygon", "coordinates": [ [ [ -86.768495959628467, 21.123565228923141 ], [ -86.768680143984568, 21.12366533973999 ], [ -86.768679834281272, 21.123865057864016 ], [ -86.768495339728261, 21.123964665165968 ], [ -86.768311155130803, 21.123864554149502 ], [ -86.768311465327699, 21.123664836030688 ], [ -86.768495959628467, 21.123565228923141 ] ] ] } },
{ "type": "Feature", "properties": { "hex_id": 347, "tipo_actual": "verde_inundable" }, "geometry": { "type": "Polygon", "coordinates": [ [ [ -86.768495029772723, 21.124164383280316 ], [ -86.768679214863795, 21.124264494097918 ], [ -86.768678905149628, 21.124464212207812 ], [ -86.768494409850774, 21.124563819494895 ], [ -86.768310224518345, 21.124463708477684 ], [ -86.768310534726112, 21.124263990372992 ], [ -86.768495029772723, 21.124164383280316 ] ] ] } },
{ "type": "Feature", "properties": { "hex_id": 348, "tipo_actual": "verde_inundable" }, "geometry": { "type": "Polygon", "coordinates": [ [ [ -86.768494099884364, 21.124763537595118 ], [ -86.768678285710422, 21.124863648413463 ], [ -86.768677975985383, 21.125063366509231 ], [ -86.768493479940645, 21.125162973781443 ], [ -86.768309293873202, 21.125062862763482 ], [ -86.768309604091868, 21.124863144672915 ], [ -86.768494099884364, 21.124763537595118 ] ] ] } },
{ "type": "Feature", "properties": { "hex_id": 349, "tipo_actual": "verde_inundable" }, "geometry": { "type": "Polygon", "coordinates": [ [ [ -86.768493169963349, 21.125362691867547 ], [ -86.768677356524421, 21.125462802686638 ], [ -86.768677046788511, 21.125662520768273 ], [ -86.768492549997873, 21.125762128025617 ], [ -86.768308363195416, 21.125662017006899 ], [ -86.768308673424968, 21.125462298930465 ], [ -86.768493169963349, 21.125362691867547 ] ] ] } },
{ "type": "Feature", "properties": { "hex_id": 350, "tipo_actual": "verde_manglar" }, "geometry": { "type": "Polygon", "coordinates": [ [ [ -86.768492240009692, 21.125961846097592 ], [ -86.76867642730582, 21.126061956917422 ], [ -86.768676117559039, 21.126261674984939 ], [ -86.768491620022473, 21.12636128222741 ], [ -86.76830743248496, 21.126261171207936 ], [ -86.768307742725398, 21.126061453145635 ], [ -86.768492240009692, 21.125961846097592 ] ] ] } },
{ "type": "Feature", "properties": { "hex_id": 351, "tipo_actual": "verde_manglar" }, "geometry": { "type": "Polygon", "coordinates": [ [ [ -86.768491310023407, 21.126561000285257 ], [ -86.768675498054591, 21.126661111105832 ], [ -86.768675188296939, 21.126860829159227 ], [ -86.768490690014417, 21.126960436386824 ], [ -86.768306501741833, 21.126860325366604 ], [ -86.76830681199317, 21.126660607318424 ], [ -86.768491310023407, 21.126561000285257 ] ] ] } },
{ "type": "Feature", "properties": { "hex_id": 367, "tipo_actual": "urbano" }, "geometry": { "type": "Polygon", "coordinates": [ [ [ -86.768476425803257, 21.136147461523496 ], [ -86.768660625599026, 21.136247572355973 ], [ -86.768660315667404, 21.136447290183284 ], [ -86.768475805446059, 21.136546897172916 ], [ -86.768291605408749, 21.136446786140695 ], [ -86.768291915834325, 21.136247068318593 ], [ -86.768476425803257, 21.136147461523496 ] ] ] } },
{ "type": "Feature", "properties": { "hex_id": 368, "tipo_actual": "urbano" }, "geometry": { "type": "Polygon", "coordinates": [ [ [ -86.76847549526201, 21.136746614990564 ], [ -86.768659695793275, 21.13684672582378 ], [ -86.768659385850768, 21.137046443636965 ], [ -86.768474874883026, 21.137146050611715 ], [ -86.768290674110204, 21.137045939578748 ], [ -86.768290984546681, 21.136846221770778 ], [ -86.76847549526201, 21.136746614990564 ] ] ] } },
{ "type": "Feature", "properties": { "hex_id": 369, "tipo_actual": "urbano" }, "geometry": { "type": "Polygon", "coordinates": [ [ [ -86.768474564688091, 21.13734576841523 ], [ -86.768658765954896, 21.137445879249189 ], [ -86.768658456001532, 21.137645597048241 ], [ -86.768473944287351, 21.13774520400812 ], [ -86.76828974277899, 21.137645092974402 ], [ -86.768290053226352, 21.137445375180555 ], [ -86.768474564688091, 21.13734576841523 ] ] ] } },
{ "type": "Feature", "properties": { "hex_id": 370, "tipo_actual": "urbano" }, "geometry": { "type": "Polygon", "coordinates": [ [ [ -86.768473634081531, 21.137944921797498 ], [ -86.768657836083889, 21.138045032632199 ], [ -86.76865752611964, 21.138244750417122 ], [ -86.768473013659019, 21.138344357362122 ], [ -86.76828881141509, 21.138244246327659 ], [ -86.768289121873352, 21.138044528547944 ], [ -86.768473634081531, 21.137944921797498 ] ] ] } },
{ "type": "Feature", "properties": { "hex_id": 371, "tipo_actual": "verde_general" }, "geometry": { "type": "Polygon", "coordinates": [ [ [ -86.768472703442328, 21.138544075137368 ], [ -86.768656906180269, 21.138644185972815 ], [ -86.768656596205147, 21.138843903743595 ], [ -86.768472082998031, 21.138943510673723 ], [ -86.768287880018519, 21.138843399638507 ], [ -86.768288190487667, 21.138643681872935 ], [ -86.768472703442328, 21.138544075137368 ] ] ] } },
{ "type": "Feature", "properties": { "hex_id": 372, "tipo_actual": "verde_inundable" }, "geometry": { "type": "Polygon", "coordinates": [ [ [ -86.768471772770454, 21.139143228434829 ], [ -86.768655976244006, 21.139243339271019 ], [ -86.768655666258013, 21.139443057027677 ], [ -86.7684711523044, 21.139542663942926 ], [ -86.768286948589264, 21.13944255290696 ], [ -86.768287259069311, 21.139242835155521 ], [ -86.768471772770454, 21.139143228434829 ] ] ] } },
{ "type": "Feature", "properties": { "hex_id": 373, "tipo_actual": "urbano" }, "geometry": { "type": "Polygon", "coordinates": [ [ [ -86.768314877254014, 21.12146793641304 ], [ -86.768499058911857, 21.1215680474265 ], [ -86.768498748999832, 21.121767765597355 ], [ -86.768314256936435, 21.121867372749527 ], [ -86.768130075037263, 21.121767261536476 ], [ -86.768130385442817, 21.121567543370841 ], [ -86.768314877254014, 21.12146793641304 ] ] ] } },
{ "type": "Feature", "properties": { "hex_id": 374, "tipo_actual": "urbano" }, "geometry": { "type": "Polygon", "coordinates": [ [ [ -86.76831394677221, 21.122067090910715 ], [ -86.768498129164911, 21.122167201924928 ], [ -86.768497819242015, 21.122366920081657 ], [ -86.768313326432846, 21.122466527218958 ], [ -86.768129143798802, 21.122366416005146 ], [ -86.768129454215256, 21.122166697853633 ], [ -86.76831394677221, 21.122067090910715 ] ] ] } },
{ "type": "Feature", "properties": { "hex_id": 375, "tipo_actual": "urbano" }, "geometry": { "type": "Polygon", "coordinates": [ [ [ -86.768313016257736, 21.122666245366027 ], [ -86.768497199385337, 21.122766356380982 ], [ -86.768496889451555, 21.122966074523585 ], [ -86.768312395896601, 21.123065681646015 ], [ -86.768128212527657, 21.122965570431443 ], [ -86.76812852295501, 21.122765852294052 ], [ -86.768313016257736, 21.122666245366027 ] ] ] } },
{ "type": "Feature", "properties": { "hex_id": 376, "tipo_actual": "urbano" }, "geometry": { "type": "Polygon", "coordinates": [ [ [ -86.768312085710591, 21.123265399778951 ], [ -86.76849626957312, 21.123365510794667 ], [ -86.768495959628467, 21.123565228923141 ], [ -86.768311465327699, 21.123664836030688 ], [ -86.768127281223812, 21.123564724815363 ], [ -86.768127591662051, 21.123365006692097 ], [ -86.768312085710591, 21.123265399778951 ] ] ] } },
{ "type": "Feature", "properties": { "hex_id": 377, "tipo_actual": "verde_manglar" }, "geometry": { "type": "Polygon", "coordinates": [ [ [ -86.768311155130803, 21.123864554149502 ], [ -86.768495339728261, 21.123964665165968 ], [ -86.768495029772723, 21.124164383280316 ], [ -86.768310534726112, 21.124263990372992 ], [ -86.768126349887297, 21.124163879156903 ], [ -86.768126660336421, 21.123964161047766 ], [ -86.768311155130803, 21.123864554149502 ] ] ] } },
{ "type": "Feature", "properties": { "hex_id": 378, "tipo_actual": "verde_inundable" }, "geometry": { "type": "Polygon", "coordinates": [ [ [ -86.768310224518345, 21.124463708477684 ], [ -86.768494409850774, 21.124563819494895 ], [ -86.768494099884364, 21.124763537595118 ], [ -86.768309604091868, 21.124863144672915 ], [ -86.768125418518068, 21.124763033456077 ], [ -86.768125728978106, 21.124563315361058 ], [ -86.768310224518345, 21.124463708477684 ] ] ] } },
{ "type": "Feature", "properties": { "hex_id": 379, "tipo_actual": "verde_inundable" }, "geometry": { "type": "Polygon", "coordinates": [ [ [ -86.768309293873202, 21.125062862763482 ], [ -86.768493479940645, 21.125162973781443 ], [ -86.768493169963349, 21.125362691867547 ], [ -86.768308673424968, 21.125462298930465 ], [ -86.768124487116154, 21.125362187712874 ], [ -86.768124797587092, 21.125162469631977 ], [ -86.768309293873202, 21.125062862763482 ] ] ] } },
{ "type": "Feature", "properties": { "hex_id": 380, "tipo_actual": "verde_inundable" }, "geometry": { "type": "Polygon", "coordinates": [ [ [ -86.768308363195416, 21.125662017006899 ], [ -86.768492549997873, 21.125762128025617 ], [ -86.768492240009692, 21.125961846097592 ], [ -86.768307742725398, 21.126061453145635 ], [ -86.768123555681555, 21.12596134192728 ], [ -86.768123866163393, 21.125761623860516 ], [ -86.768308363195416, 21.125662017006899 ] ] ] } },
{ "type": "Feature", "properties": { "hex_id": 381, "tipo_actual": "verde_inundable" }, "geometry": { "type": "Polygon", "coordinates": [ [ [ -86.76830743248496, 21.126261171207936 ], [ -86.768491620022473, 21.12636128222741 ], [ -86.768491310023407, 21.126561000285257 ], [ -86.76830681199317, 21.126660607318424 ], [ -86.768122624214257, 21.126560496099305 ], [ -86.768122934706994, 21.126360778046674 ], [ -86.76830743248496, 21.126261171207936 ] ] ] } },
{ "type": "Feature", "properties": { "hex_id": 382, "tipo_actual": "verde_manglar" }, "geometry": { "type": "Polygon", "coordinates": [ [ [ -86.768306501741833, 21.126860325366604 ], [ -86.768490690014417, 21.126960436386824 ], [ -86.768490380004479, 21.127160154430545 ], [ -86.768305881228272, 21.127259761448837 ], [ -86.768121692714288, 21.127159650228965 ], [ -86.768122003217911, 21.126959932190449 ], [ -86.768306501741833, 21.126860325366604 ] ] ] } },
{ "type": "Feature", "properties": { "hex_id": 397, "tipo_actual": "urbano" }, "geometry": { "type": "Polygon", "coordinates": [ [ [ -86.768292536674608, 21.135847632660251 ], [ -86.768476735976421, 21.13594774369172 ], [ -86.768476425803257, 21.136147461523496 ], [ -86.768291915834325, 21.136247068318593 ], [ -86.768107716290999, 21.13614695708738 ], [ -86.768108026958103, 21.135947239260815 ], [ -86.768292536674608, 21.135847632660251 ] ] ] } },
{ "type": "Feature", "properties": { "hex_id": 398, "tipo_actual": "urbano" }, "geometry": { "type": "Polygon", "coordinates": [ [ [ -86.768291605408749, 21.136446786140695 ], [ -86.768475805446059, 21.136546897172916 ], [ -86.76847549526201, 21.136746614990564 ], [ -86.768290984546681, 21.136846221770778 ], [ -86.768106784267843, 21.136746110538805 ], [ -86.768107094945861, 21.13654639272637 ], [ -86.768291605408749, 21.136446786140695 ] ] ] } },
{ "type": "Feature", "properties": { "hex_id": 399, "tipo_actual": "urbano" }, "geometry": { "type": "Polygon", "coordinates": [ [ [ -86.768290674110204, 21.137045939578748 ], [ -86.768474874883026, 21.137146050611715 ], [ -86.768474564688091, 21.13734576841523 ], [ -86.768290053226352, 21.137445375180555 ], [ -86.768105852211988, 21.137345263947839 ], [ -86.768106162900906, 21.13714554614954 ], [ -86.768290674110204, 21.137045939578748 ] ] ] } },
{ "type": "Feature", "properties": { "hex_id": 400, "tipo_actual": "urbano" }, "geometry": { "type": "Polygon", "coordinates": [ [ [ -86.76828974277899, 21.137645092974402 ], [ -86.768473944287351, 21.13774520400812 ], [ -86.768473634081531, 21.137944921797498 ], [ -86.768289121873352, 21.138044528547944 ], [ -86.768104920123434, 21.137944417314472 ], [ -86.768105230823252, 21.137744699530302 ], [ -86.76828974277899, 21.137645092974402 ] ] ] } },
{ "type": "Feature", "properties": { "hex_id": 401, "tipo_actual": "verde_inundable" }, "geometry": { "type": "Polygon", "coordinates": [ [ [ -86.76828881141509, 21.138244246327659 ], [ -86.768473013659019, 21.138344357362122 ], [ -86.768472703442328, 21.138544075137368 ], [ -86.768288190487667, 21.138643681872935 ], [ -86.768103988002181, 21.138543570638699 ], [ -86.768104298712899, 21.138343852868662 ], [ -86.76828881141509, 21.138244246327659 ] ] ] } },
{ "type": "Feature", "properties": { "hex_id": 402, "tipo_actual": "urbano" }, "geometry": { "type": "Polygon", "coordinates": [ [ [ -86.768287880018519, 21.138843399638507 ], [ -86.768472082998031, 21.138943510673723 ], [ -86.768471772770454, 21.139143228434829 ], [ -86.768287259069311, 21.139242835155521 ], [ -86.768103055848215, 21.139142723920532 ], [ -86.768103366569832, 21.138943006164631 ], [ -86.768287880018519, 21.138843399638507 ] ] ] } },
{ "type": "Feature", "properties": { "hex_id": 404, "tipo_actual": "urbano" }, "geometry": { "type": "Polygon", "coordinates": [ [ [ -86.768131006243038, 21.121168107025433 ], [ -86.768315187407353, 21.121268218237731 ], [ -86.768314877254014, 21.12146793641304 ], [ -86.768130385442817, 21.121567543370841 ], [ -86.767946204037187, 21.121467431958944 ], [ -86.767946514684056, 21.121267713788853 ], [ -86.768131006243038, 21.121168107025433 ] ] ] } },
{ "type": "Feature", "properties": { "hex_id": 405, "tipo_actual": "urbano" }, "geometry": { "type": "Polygon", "coordinates": [ [ [ -86.768130075037263, 21.121767261536476 ], [ -86.768314256936435, 21.121867372749527 ], [ -86.76831394677221, 21.122067090910715 ], [ -86.768129454215256, 21.122166697853633 ], [ -86.767945272074769, 21.12206658644098 ], [ -86.767945582732537, 21.121866868285007 ], [ -86.768130075037263, 21.121767261536476 ] ] ] } },
{ "type": "Feature", "properties": { "hex_id": 406, "tipo_actual": "urbano" }, "geometry": { "type": "Polygon", "coordinates": [ [ [ -86.768129143798802, 21.122366416005146 ], [ -86.768313326432846, 21.122466527218958 ], [ -86.768313016257736, 21.122666245366027 ], [ -86.76812852295501, 21.122765852294052 ], [ -86.767944340079623, 21.122665740880638 ], [ -86.767944650748305, 21.122466022738788 ], [ -86.768129143798802, 21.122366416005146 ] ] ] } },
{ "type": "Feature", "properties": { "hex_id": 407, "tipo_actual": "urbano" }, "geometry": { "type": "Polygon", "coordinates": [ [ [ -86.768128212527657, 21.122965570431443 ], [ -86.768312395896601, 21.123065681646015 ], [ -86.768312085710591, 21.123265399778951 ], [ -86.768127591662051, 21.123365006692097 ], [ -86.767943408051778, 21.12326489527792 ], [ -86.76794371873136, 21.123065177150195 ], [ -86.768128212527657, 21.122965570431443 ] ] ] } },
{ "type": "Feature", "properties": { "hex_id": 408, "tipo_actual": "urbano" }, "geometry": { "type": "Polygon", "coordinates": [ [ [ -86.768127281223812, 21.123564724815363 ], [ -86.768311465327699, 21.123664836030688 ], [ -86.768311155130803, 21.123864554149502 ], [ -86.768126660336421, 21.123964161047766 ], [ -86.767942475991205, 21.123864049632825 ], [ -86.767942786681687, 21.123664331519223 ], [ -86.768127281223812, 21.123564724815363 ] ] ] } },
{ "type": "Feature", "properties": { "hex_id": 409, "tipo_actual": "verde_manglar" }, "geometry": { "type": "Polygon", "coordinates": [ [ [ -86.768126349887297, 21.124163879156903 ], [ -86.768310534726112, 21.124263990372992 ], [ -86.768310224518345, 21.124463708477684 ], [ -86.768125728978106, 21.124563315361058 ], [ -86.767941543897933, 21.124463203945353 ], [ -86.767941854599314, 21.124263485845884 ], [ -86.768126349887297, 21.124163879156903 ] ] ] } },
{ "type": "Feature", "properties": { "hex_id": 410, "tipo_actual": "verde_inundable" }, "geometry": { "type": "Polygon", "coordinates": [ [ [ -86.768125418518068, 21.124763033456077 ], [ -86.768309604091868, 21.124863144672915 ], [ -86.768309293873202, 21.125062862763482 ], [ -86.768124797587092, 21.125162469631977 ], [ -86.76794061177192, 21.125062358215512 ], [ -86.767940922484215, 21.124862640130164 ], [ -86.768125418518068, 21.124763033456077 ] ] ] } },
{ "type": "Feature", "properties": { "hex_id": 411, "tipo_actual": "verde_inundable" }, "geometry": { "type": "Polygon", "coordinates": [ [ [ -86.768124487116154, 21.125362187712874 ], [ -86.768308673424968, 21.125462298930465 ], [ -86.768308363195416, 21.125662017006899 ], [ -86.768123866163393, 21.125761623860516 ], [ -86.767939679613207, 21.125661512443276 ], [ -86.767939990336416, 21.125461794372065 ], [ -86.768124487116154, 21.125362187712874 ] ] ] } },
{ "type": "Feature", "properties": { "hex_id": 412, "tipo_actual": "verde_inundable" }, "geometry": { "type": "Polygon", "coordinates": [ [ [ -86.768123555681555, 21.12596134192728 ], [ -86.768307742725398, 21.126061453145635 ], [ -86.76830743248496, 21.126261171207936 ], [ -86.768122934706994, 21.126360778046674 ], [ -86.76793874742178, 21.126260666628674 ], [ -86.767939058155889, 21.126060948571585 ], [ -86.768123555681555, 21.12596134192728 ] ] ] } },
{ "type": "Feature", "properties": { "hex_id": 413, "tipo_actual": "verde_inundable" }, "geometry": { "type": "Polygon", "coordinates": [ [ [ -86.768122624214257, 21.126560496099305 ], [ -86.76830681199317, 21.126660607318424 ], [ -86.768306501741833, 21.126860325366604 ], [ -86.768122003217911, 21.126959932190449 ], [ -86.767937815197612, 21.126859820771685 ], [ -86.767938125942635, 21.126660102728724 ], [ -86.768122624214257, 21.126560496099305 ] ] ] } },
{ "type": "Feature", "properties": { "hex_id": 414, "tipo_actual": "verde_manglar" }, "geometry": { "type": "Polygon", "coordinates": [ [ [ -86.768121692714288, 21.127159650228965 ], [ -86.768305881228272, 21.127259761448837 ], [ -86.768305570966035, 21.12745947948288 ], [ -86.768121071696129, 21.127559086291853 ], [ -86.767936882940745, 21.127458974872319 ], [ -86.767937193696667, 21.127259256843491 ], [ -86.768121692714288, 21.127159650228965 ] ] ] } },
{ "type": "Feature", "properties": { "hex_id": 428, "tipo_actual": "urbano" }, "geometry": { "type": "Polygon", "coordinates": [ [ [ -86.768108648281441, 21.13554780359356 ], [ -86.768292847089299, 21.135647914824016 ], [ -86.768292536674608, 21.135847632660251 ], [ -86.768108026958103, 21.135947239260815 ], [ -86.767923827908703, 21.135847127830615 ], [ -86.767924138817349, 21.135647409999596 ], [ -86.768108648281441, 21.13554780359356 ] ] ] } },
{ "type": "Feature", "properties": { "hex_id": 429, "tipo_actual": "urbano" }, "geometry": { "type": "Polygon", "coordinates": [ [ [ -86.768107716290999, 21.13614695708738 ], [ -86.768291915834325, 21.136247068318593 ], [ -86.768291605408749, 21.136446786140695 ], [ -86.768107094945861, 21.13654639272637 ], [ -86.767922895160979, 21.136446281295417 ], [ -86.767923206080539, 21.136246563478526 ], [ -86.768107716290999, 21.13614695708738 ] ] ] } },
{ "type": "Feature", "properties": { "hex_id": 430, "tipo_actual": "urbano" }, "geometry": { "type": "Polygon", "coordinates": [ [ [ -86.768106784267843, 21.136746110538805 ], [ -86.768290984546681, 21.136846221770778 ], [ -86.768290674110204, 21.137045939578748 ], [ -86.768106162900906, 21.13714554614954 ], [ -86.767921962380527, 21.137045434717816 ], [ -86.767922273310973, 21.136845716915062 ], [ -86.768106784267843, 21.136746110538805 ] ] ] } },
{ "type": "Feature", "properties": { "hex_id": 431, "tipo_actual": "urbano" }, "geometry": { "type": "Polygon", "coordinates": [ [ [ -86.768105852211988, 21.137345263947839 ], [ -86.768290053226352, 21.137445375180555 ], [ -86.76828974277899, 21.137645092974402 ], [ -86.768105230823252, 21.137744699530302 ], [ -86.767921029567347, 21.137644588097825 ], [ -86.767921340508707, 21.137444870309196 ], [ -86.768105852211988, 21.137345263947839 ] ] ] } },
{ "type": "Feature", "properties": { "hex_id": 432, "tipo_actual": "urbano" }, "geometry": { "type": "Polygon", "coordinates": [ [ [ -86.768104920123434, 21.137944417314472 ], [ -86.768289121873352, 21.138044528547944 ], [ -86.76828881141509, 21.138244246327659 ], [ -86.768104298712899, 21.138343852868662 ], [ -86.767920096721426, 21.138243741435428 ], [ -86.767920407673714, 21.138044023660935 ], [ -86.768104920123434, 21.137944417314472 ] ] ] } },
{ "type": "Feature", "properties": { "hex_id": 433, "tipo_actual": "urbano" }, "geometry": { "type": "Polygon", "coordinates": [ [ [ -86.768103988002181, 21.138543570638699 ], [ -86.768288190487667, 21.138643681872935 ], [ -86.768287880018519, 21.138843399638507 ], [ -86.768103366569832, 21.138943006164631 ], [ -86.767919163842791, 21.138842894730633 ], [ -86.767919474805964, 21.138643176970273 ], [ -86.768103988002181, 21.138543570638699 ] ] ] } },
{ "type": "Feature", "properties": { "hex_id": 434, "tipo_actual": "urbano" }, "geometry": { "type": "Polygon", "coordinates": [ [ [ -86.768103055848215, 21.139142723920532 ], [ -86.768287259069311, 21.139242835155521 ], [ -86.768286948589264, 21.13944255290696 ], [ -86.768102434394081, 21.139542159418198 ], [ -86.767918230931414, 21.139442047983437 ], [ -86.767918541905502, 21.139242330237206 ], [ -86.768103055848215, 21.139142723920532 ] ] ] } },
{ "type": "Feature", "properties": { "hex_id": 435, "tipo_actual": "urbano" }, "geometry": { "type": "Polygon", "coordinates": [ [ [ -86.767946204037187, 21.121467431958944 ], [ -86.768130385442817, 21.121567543370841 ], [ -86.768130075037263, 21.121767261536476 ], [ -86.767945582732537, 21.121866868285007 ], [ -86.767761401085593, 21.121766756673523 ], [ -86.767761711984676, 21.121567038513103 ], [ -86.767946204037187, 21.121467431958944 ] ] ] } },
{ "type": "Feature", "properties": { "hex_id": 436, "tipo_actual": "urbano" }, "geometry": { "type": "Polygon", "coordinates": [ [ [ -86.767945272074769, 21.12206658644098 ], [ -86.768129454215256, 21.122166697853633 ], [ -86.768129143798802, 21.122366416005146 ], [ -86.767944650748305, 21.122466022738788 ], [ -86.76776046836649, 21.122365911126533 ], [ -86.7677607792765, 21.122166192980238 ], [ -86.767945272074769, 21.12206658644098 ] ] ] } },
{ "type": "Feature", "properties": { "hex_id": 437, "tipo_actual": "urbano" }, "geometry": { "type": "Polygon", "coordinates": [ [ [ -86.767944340079623, 21.122665740880638 ], [ -86.76812852295501, 21.122765852294052 ], [ -86.768128212527657, 21.122965570431443 ], [ -86.76794371873136, 21.123065177150195 ], [ -86.767759535614644, 21.122965065537169 ], [ -86.767759846535569, 21.122765347404997 ], [ -86.767944340079623, 21.122665740880638 ] ] ] } },
{ "type": "Feature", "properties": { "hex_id": 438, "tipo_actual": "urbano" }, "geometry": { "type": "Polygon", "coordinates": [ [ [ -86.767943408051778, 21.12326489527792 ], [ -86.768127591662051, 21.123365006692097 ], [ -86.768127281223812, 21.123564724815363 ], [ -86.767942786681687, 21.123664331519223 ], [ -86.767758602830071, 21.123564219905436 ], [ -86.767758913761895, 21.123364501787385 ], [ -86.767943408051778, 21.12326489527792 ] ] ] } },
{ "type": "Feature", "properties": { "hex_id": 439, "tipo_actual": "urbano" }, "geometry": { "type": "Polygon", "coordinates": [ [ [ -86.767942475991205, 21.123864049632825 ], [ -86.768126660336421, 21.123964161047766 ], [ -86.768126349887297, 21.124163879156903 ], [ -86.767941854599314, 21.124263485845884 ], [ -86.767757670012742, 21.124163374231319 ], [ -86.76775798095548, 21.123963656127398 ], [ -86.767942475991205, 21.123864049632825 ] ] ] } },
{ "type": "Feature", "properties": { "hex_id": 440, "tipo_actual": "verde_manglar" }, "geometry": { "type": "Polygon", "coordinates": [ [ [ -86.767941543897933, 21.124463203945353 ], [ -86.768125728978106, 21.124563315361058 ], [ -86.768125418518068, 21.124763033456077 ], [ -86.767940922484215, 21.124862640130164 ], [ -86.767756737162685, 21.124762528514822 ], [ -86.767757048116337, 21.124562810425029 ], [ -86.767941543897933, 21.124463203945353 ] ] ] } },
{ "type": "Feature", "properties": { "hex_id": 441, "tipo_actual": "verde_inundable" }, "geometry": { "type": "Polygon", "coordinates": [ [ [ -86.76794061177192, 21.125062358215512 ], [ -86.768124797587092, 21.125162469631977 ], [ -86.768124487116154, 21.125362187712874 ], [ -86.767939990336416, 21.125461794372065 ], [ -86.767755804279858, 21.125361682755965 ], [ -86.767756115244438, 21.125161964680288 ], [ -86.76794061177192, 21.125062358215512 ] ] ] } },
{ "type": "Feature", "properties": { "hex_id": 442, "tipo_actual": "verde_inundable" }, "geometry": { "type": "Polygon", "coordinates": [ [ [ -86.767939679613207, 21.125661512443276 ], [ -86.768123866163393, 21.125761623860516 ], [ -86.768123555681555, 21.12596134192728 ], [ -86.767939058155889, 21.126060948571585 ], [ -86.767754871364318, 21.125960836954711 ], [ -86.767755182339798, 21.125761118893166 ], [ -86.767939679613207, 21.125661512443276 ] ] ] } },
{ "type": "Feature", "properties": { "hex_id": 443, "tipo_actual": "verde_inundable" }, "geometry": { "type": "Polygon", "coordinates": [ [ [ -86.76793874742178, 21.126260666628674 ], [ -86.768122934706994, 21.126360778046674 ], [ -86.768122624214257, 21.126560496099305 ], [ -86.767938125942635, 21.126660102728724 ], [ -86.767753938416021, 21.126559991111083 ], [ -86.767754249402429, 21.126360273063668 ], [ -86.76793874742178, 21.126260666628674 ] ] ] } },
{ "type": "Feature", "properties": { "hex_id": 444, "tipo_actual": "verde_inundable" }, "geometry": { "type": "Polygon", "coordinates": [ [ [ -86.767937815197612, 21.126859820771685 ], [ -86.768122003217911, 21.126959932190449 ], [ -86.768121692714288, 21.127159650228965 ], [ -86.767937193696667, 21.127259256843491 ], [ -86.767753005434969, 21.127159145225075 ], [ -86.767753316432291, 21.126959427191785 ], [ -86.767937815197612, 21.126859820771685 ] ] ] } },
{ "type": "Feature", "properties": { "hex_id": 445, "tipo_actual": "verde_manglar" }, "geometry": { "type": "Polygon", "coordinates": [ [ [ -86.767936882940745, 21.127458974872319 ], [ -86.768121071696129, 21.127559086291853 ], [ -86.768120761181606, 21.127758804316233 ], [ -86.767936261417987, 21.127858410915866 ], [ -86.767752072421189, 21.127758299296687 ], [ -86.767752383429425, 21.127558581277526 ], [ -86.767936882940745, 21.127458974872319 ] ] ] } },
{ "type": "Feature", "properties": { "hex_id": 459, "tipo_actual": "urbano" }, "geometry": { "type": "Polygon", "coordinates": [ [ [ -86.767923827908703, 21.135847127830615 ], [ -86.768108026958103, 21.135947239260815 ], [ -86.768107716290999, 21.13614695708738 ], [ -86.767923206080539, 21.136246563478526 ], [ -86.767739006789611, 21.136146451848585 ], [ -86.767739317950671, 21.135946734027236 ], [ -86.767923827908703, 21.135847127830615 ] ] ] } },
{ "type": "Feature", "properties": { "hex_id": 460, "tipo_actual": "urbano" }, "geometry": { "type": "Polygon", "coordinates": [ [ [ -86.767922895160979, 21.136446281295417 ], [ -86.768107094945861, 21.13654639272637 ], [ -86.768106784267843, 21.136746110538805 ], [ -86.767922273310973, 21.136845716915062 ], [ -86.767738073284576, 21.13674560528435 ], [ -86.767738384456564, 21.136545887477133 ], [ -86.767922895160979, 21.136446281295417 ] ] ] } },
{ "type": "Feature", "properties": { "hex_id": 461, "tipo_actual": "verde_inundable" }, "geometry": { "type": "Polygon", "coordinates": [ [ [ -86.767921962380527, 21.137045434717816 ], [ -86.768106162900906, 21.13714554614954 ], [ -86.768105852211988, 21.137345263947839 ], [ -86.767921340508707, 21.137444870309196 ], [ -86.767737139746785, 21.137344758677717 ], [ -86.767737450929687, 21.13714504088464 ], [ -86.767921962380527, 21.137045434717816 ] ] ] } },
{ "type": "Feature", "properties": { "hex_id": 462, "tipo_actual": "urbano" }, "geometry": { "type": "Polygon", "coordinates": [ [ [ -86.767921029567347, 21.137644588097825 ], [ -86.768105230823252, 21.137744699530302 ], [ -86.768104920123434, 21.137944417314472 ], [ -86.767920407673714, 21.138044023660935 ], [ -86.767736206176238, 21.137943912028685 ], [ -86.767736517370068, 21.137744194249748 ], [ -86.767921029567347, 21.137644588097825 ] ] ] } },
{ "type": "Feature", "properties": { "hex_id": 463, "tipo_actual": "urbano" }, "geometry": { "type": "Polygon", "coordinates": [ [ [ -86.767920096721426, 21.138243741435428 ], [ -86.768104298712899, 21.138343852868662 ], [ -86.768103988002181, 21.138543570638699 ], [ -86.767919474805964, 21.138643176970273 ], [ -86.767735272572935, 21.138543065337259 ], [ -86.767735583777679, 21.138343347572444 ], [ -86.767920096721426, 21.138243741435428 ] ] ] } },
{ "type": "Feature", "properties": { "hex_id": 464, "tipo_actual": "urbano" }, "geometry": { "type": "Polygon", "coordinates": [ [ [ -86.767919163842791, 21.138842894730633 ], [ -86.768103366569832, 21.138943006164631 ], [ -86.768103055848215, 21.139142723920532 ], [ -86.767918541905502, 21.139242330237206 ], [ -86.76773433893689, 21.139142218603428 ], [ -86.767734650152548, 21.138942500852746 ], [ -86.767919163842791, 21.138842894730633 ] ] ] } },
{ "type": "Feature", "properties": { "hex_id": 468, "tipo_actual": "urbano" }, "geometry": { "type": "Polygon", "coordinates": [ [ [ -86.76776046836649, 21.122365911126533 ], [ -86.767944650748305, 21.122466022738788 ], [ -86.767944340079623, 21.122665740880638 ], [ -86.767759846535569, 21.122765347404997 ], [ -86.767575663912439, 21.122665235593132 ], [ -86.767575975074678, 21.122465517456508 ], [ -86.76776046836649, 21.122365911126533 ] ] ] } },
{ "type": "Feature", "properties": { "hex_id": 469, "tipo_actual": "urbano" }, "geometry": { "type": "Polygon", "coordinates": [ [ [ -86.767759535614644, 21.122965065537169 ], [ -86.76794371873136, 21.123065177150195 ], [ -86.767943408051778, 21.12326489527792 ], [ -86.767758913761895, 21.123364501787385 ], [ -86.767574730403865, 21.123264389974747 ], [ -86.767575041577032, 21.123064671852241 ], [ -86.767759535614644, 21.122965065537169 ] ] ] } },
{ "type": "Feature", "properties": { "hex_id": 470, "tipo_actual": "urbano" }, "geometry": { "type": "Polygon", "coordinates": [ [ [ -86.767758602830071, 21.123564219905436 ], [ -86.767942786681687, 21.123664331519223 ], [ -86.767942475991205, 21.123864049632825 ], [ -86.76775798095548, 21.123963656127398 ], [ -86.767573796862521, 21.123863544313977 ], [ -86.767574108046603, 21.123663826205604 ], [ -86.767758602830071, 21.123564219905436 ] ] ] } },
{ "type": "Feature", "properties": { "hex_id": 471, "tipo_actual": "urbano" }, "geometry": { "type": "Polygon", "coordinates": [ [ [ -86.767757670012742, 21.124163374231319 ], [ -86.767941854599314, 21.124263485845884 ], [ -86.767941543897933, 21.124463203945353 ], [ -86.767757048116337, 21.124562810425029 ], [ -86.767572863288422, 21.124462698610838 ], [ -86.767573174483431, 21.12426298051659 ], [ -86.767757670012742, 21.124163374231319 ] ] ] } },
{ "type": "Feature", "properties": { "hex_id": 472, "tipo_actual": "verde_manglar" }, "geometry": { "type": "Polygon", "coordinates": [ [ [ -86.767756737162685, 21.124762528514822 ], [ -86.767940922484215, 21.124862640130164 ], [ -86.76794061177192, 21.125062358215512 ], [ -86.767756115244438, 21.125161964680288 ], [ -86.767571929681537, 21.125061852865322 ], [ -86.767572240887475, 21.124862134785197 ], [ -86.767756737162685, 21.124762528514822 ] ] ] } },
{ "type": "Feature", "properties": { "hex_id": 473, "tipo_actual": "verde_inundable" }, "geometry": { "type": "Polygon", "coordinates": [ [ [ -86.767755804279858, 21.125361682755965 ], [ -86.767939990336416, 21.125461794372065 ], [ -86.767939679613207, 21.125661512443276 ], [ -86.767755182339798, 21.125761118893166 ], [ -86.767570996041897, 21.125661007077419 ], [ -86.767571307258748, 21.125461289011429 ], [ -86.767755804279858, 21.125361682755965 ] ] ] } },
{ "type": "Feature", "properties": { "hex_id": 474, "tipo_actual": "verde_inundable" }, "geometry": { "type": "Polygon", "coordinates": [ [ [ -86.767754871364318, 21.125960836954711 ], [ -86.767939058155889, 21.126060948571585 ], [ -86.76793874742178, 21.126260666628674 ], [ -86.767754249402429, 21.126360273063668 ], [ -86.767570062369487, 21.126260161247146 ], [ -86.767570373597266, 21.126060443195282 ], [ -86.767754871364318, 21.125960836954711 ] ] ] } },
{ "type": "Feature", "properties": { "hex_id": 475, "tipo_actual": "verde_inundable" }, "geometry": { "type": "Polygon", "coordinates": [ [ [ -86.767753938416021, 21.126559991111083 ], [ -86.767938125942635, 21.126660102728724 ], [ -86.767937815197612, 21.126859820771685 ], [ -86.767753316432291, 21.126959427191785 ], [ -86.767569128664306, 21.126859315374489 ], [ -86.767569439902999, 21.126659597336747 ], [ -86.767753938416021, 21.126559991111083 ] ] ] } },
{ "type": "Feature", "properties": { "hex_id": 476, "tipo_actual": "verde_manglar" }, "geometry": { "type": "Polygon", "coordinates": [ [ [ -86.767753005434969, 21.127159145225075 ], [ -86.767937193696667, 21.127259256843491 ], [ -86.767936882940745, 21.127458974872319 ], [ -86.767752383429425, 21.127558581277526 ], [ -86.767568194926355, 21.127458469459445 ], [ -86.767568506175976, 21.127258751435839 ], [ -86.767753005434969, 21.127159145225075 ] ] ] } },
{ "type": "Feature", "properties": { "hex_id": 477, "tipo_actual": "verde_manglar" }, "geometry": { "type": "Polygon", "coordinates": [ [ [ -86.767752072421189, 21.127758299296687 ], [ -86.767936261417987, 21.127858410915866 ], [ -86.76793595065115, 21.128058128930576 ], [ -86.767751450393817, 21.128157735320876 ], [ -86.767567261155619, 21.128057623502031 ], [ -86.767567572416169, 21.12785790549254 ], [ -86.767752072421189, 21.127758299296687 ] ] ] } },
{ "type": "Feature", "properties": { "hex_id": 490, "tipo_actual": "urbano" }, "geometry": { "type": "Polygon", "coordinates": [ [ [ -86.767739940261905, 21.135547298370426 ], [ -86.767924138817349, 21.135647409999596 ], [ -86.767923827908703, 21.135847127830615 ], [ -86.767739317950671, 21.135946734027236 ], [ -86.767555119153712, 21.135846622198319 ], [ -86.767555430556286, 21.135646904372525 ], [ -86.767739940261905, 21.135547298370426 ] ] ] } },
{ "type": "Feature", "properties": { "hex_id": 491, "tipo_actual": "urbano" }, "geometry": { "type": "Polygon", "coordinates": [ [ [ -86.767739006789611, 21.136146451848585 ], [ -86.767923206080539, 21.136246563478526 ], [ -86.767922895160979, 21.136446281295417 ], [ -86.767738384456564, 21.136545887477133 ], [ -86.767554184924123, 21.136445775647445 ], [ -86.767554496337638, 21.136246057835777 ], [ -86.767739006789611, 21.136146451848585 ] ] ] } },
{ "type": "Feature", "properties": { "hex_id": 492, "tipo_actual": "verde_inundable" }, "geometry": { "type": "Polygon", "coordinates": [ [ [ -86.767738073284576, 21.13674560528435 ], [ -86.767922273310973, 21.136845716915062 ], [ -86.767921962380527, 21.137045434717816 ], [ -86.767737450929687, 21.13714504088464 ], [ -86.767553250661763, 21.137044929054174 ], [ -86.767553562086192, 21.136845211256638 ], [ -86.767738073284576, 21.13674560528435 ] ] ] } },
{ "type": "Feature", "properties": { "hex_id": 493, "tipo_actual": "urbano" }, "geometry": { "type": "Polygon", "coordinates": [ [ [ -86.767737139746785, 21.137344758677717 ], [ -86.767921340508707, 21.137444870309196 ], [ -86.767921029567347, 21.137644588097825 ], [ -86.767736517370068, 21.137744194249748 ], [ -86.767552316366604, 21.1376440824185 ], [ -86.767552627801962, 21.137444364635101 ], [ -86.767737139746785, 21.137344758677717 ] ] ] } },
{ "type": "Feature", "properties": { "hex_id": 494, "tipo_actual": "urbano" }, "geometry": { "type": "Polygon", "coordinates": [ [ [ -86.767736206176238, 21.137943912028685 ], [ -86.767920407673714, 21.138044023660935 ], [ -86.767920096721426, 21.138243741435428 ], [ -86.767735583777679, 21.138343347572444 ], [ -86.767551382038675, 21.138243235740429 ], [ -86.767551693484961, 21.138043517971163 ], [ -86.767736206176238, 21.137943912028685 ] ] ] } },
{ "type": "Feature", "properties": { "hex_id": 495, "tipo_actual": "urbano" }, "geometry": { "type": "Polygon", "coordinates": [ [ [ -86.767735272572935, 21.138543065337259 ], [ -86.767919474805964, 21.138643176970273 ], [ -86.767919163842791, 21.138842894730633 ], [ -86.767734650152548, 21.138942500852746 ], [ -86.767550447677962, 21.13884238901996 ], [ -86.767550759135176, 21.138642671264829 ], [ -86.767735272572935, 21.138543065337259 ] ] ] } },
{ "type": "Feature", "properties": { "hex_id": 496, "tipo_actual": "urbano" }, "geometry": { "type": "Polygon", "coordinates": [ [ [ -86.76773433893689, 21.139142218603428 ], [ -86.767918541905502, 21.139242330237206 ], [ -86.767918230931414, 21.139442047983437 ], [ -86.767733716494647, 21.139541654090653 ], [ -86.767549513284465, 21.139441542257092 ], [ -86.767549824752606, 21.139241824516091 ], [ -86.76773433893689, 21.139142218603428 ] ] ] } },
{ "type": "Feature", "properties": { "hex_id": 499, "tipo_actual": "urbano" }, "geometry": { "type": "Polygon", "coordinates": [ [ [ -86.767575663912439, 21.122665235593132 ], [ -86.767759846535569, 21.122765347404997 ], [ -86.767759535614644, 21.122965065537169 ], [ -86.767575041577032, 21.123064671852241 ], [ -86.76739085871256, 21.122964559840771 ], [ -86.767391170127041, 21.122764841713828 ], [ -86.767575663912439, 21.122665235593132 ] ] ] } },
{ "type": "Feature", "properties": { "hex_id": 500, "tipo_actual": "urbano" }, "geometry": { "type": "Polygon", "coordinates": [ [ [ -86.767574730403865, 21.123264389974747 ], [ -86.767758913761895, 21.123364501787385 ], [ -86.767758602830071, 21.123564219905436 ], [ -86.767574108046603, 21.123663826205604 ], [ -86.76738992444723, 21.123563714193349 ], [ -86.767390235872654, 21.123363996080528 ], [ -86.767574730403865, 21.123264389974747 ] ] ] } },
{ "type": "Feature", "properties": { "hex_id": 501, "tipo_actual": "urbano" }, "geometry": { "type": "Polygon", "coordinates": [ [ [ -86.767573796862521, 21.123863544313977 ], [ -86.76775798095548, 21.123963656127398 ], [ -86.767757670012742, 21.124163374231319 ], [ -86.767573174483431, 21.12426298051659 ], [ -86.767388990149115, 21.124162868503547 ], [ -86.767389301585467, 21.123963150404848 ], [ -86.767573796862521, 21.123863544313977 ] ] ] } },
{ "type": "Feature", "properties": { "hex_id": 502, "tipo_actual": "urbano" }, "geometry": { "type": "Polygon", "coordinates": [ [ [ -86.767572863288422, 21.124462698610838 ], [ -86.767757048116337, 21.124562810425029 ], [ -86.767756737162685, 21.124762528514822 ], [ -86.767572240887475, 21.124862134785197 ], [ -86.767388055818202, 21.124762022771371 ], [ -86.767388367265482, 21.124562304686808 ], [ -86.767572863288422, 21.124462698610838 ] ] ] } },
{ "type": "Feature", "properties": { "hex_id": 503, "tipo_actual": "verde_manglar" }, "geometry": { "type": "Polygon", "coordinates": [ [ [ -86.767571929681537, 21.125061852865322 ], [ -86.767756115244438, 21.125161964680288 ], [ -86.767755804279858, 21.125361682755965 ], [ -86.767571307258748, 21.125461289011429 ], [ -86.76738712145449, 21.125361176996822 ], [ -86.767387432912713, 21.125161458926375 ], [ -86.767571929681537, 21.125061852865322 ] ] ] } },
{ "type": "Feature", "properties": { "hex_id": 504, "tipo_actual": "verde_general" }, "geometry": { "type": "Polygon", "coordinates": [ [ [ -86.767570996041897, 21.125661007077419 ], [ -86.767755182339798, 21.125761118893166 ], [ -86.767754871364318, 21.125960836954711 ], [ -86.767570373597266, 21.126060443195282 ], [ -86.767386187057994, 21.12596033117989 ], [ -86.767386498527131, 21.125760613123571 ], [ -86.767570996041897, 21.125661007077419 ] ] ] } },
{ "type": "Feature", "properties": { "hex_id": 505, "tipo_actual": "verde_general" }, "geometry": { "type": "Polygon", "coordinates": [ [ [ -86.767570062369487, 21.126260161247146 ], [ -86.767754249402429, 21.126360273063668 ], [ -86.767753938416021, 21.126559991111083 ], [ -86.767569439902999, 21.126659597336747 ], [ -86.767385252628685, 21.126559485320573 ], [ -86.767385564108764, 21.126359767278387 ], [ -86.767570062369487, 21.126260161247146 ] ] ] } },
{ "type": "Feature", "properties": { "hex_id": 506, "tipo_actual": "verde_inundable" }, "geometry": { "type": "Polygon", "coordinates": [ [ [ -86.767569128664306, 21.126859315374489 ], [ -86.767753316432291, 21.126959427191785 ], [ -86.767753005434969, 21.127159145225075 ], [ -86.767568506175976, 21.127258751435839 ], [ -86.767384318166592, 21.127158639418884 ], [ -86.767384629657599, 21.12695892139082 ], [ -86.767569128664306, 21.126859315374489 ] ] ] } },
{ "type": "Feature", "properties": { "hex_id": 507, "tipo_actual": "verde_manglar" }, "geometry": { "type": "Polygon", "coordinates": [ [ [ -86.767568194926355, 21.127458469459445 ], [ -86.767752383429425, 21.127558581277526 ], [ -86.767752072421189, 21.127758299296687 ], [ -86.767567572416169, 21.12785790549254 ], [ -86.767383383671699, 21.12775779347481 ], [ -86.767383695173635, 21.127558075460875 ], [ -86.767568194926355, 21.127458469459445 ] ] ] } },
{ "type": "Feature", "properties": { "hex_id": 508, "tipo_actual": "verde_manglar" }, "geometry": { "type": "Polygon", "coordinates": [ [ [ -86.767567261155619, 21.128057623502031 ], [ -86.767751450393817, 21.128157735320876 ], [ -86.767751139374667, 21.128357453325908 ], [ -86.767566638623606, 21.128457059506868 ], [ -86.767382449144009, 21.128356947488346 ], [ -86.767382760656872, 21.128157229488544 ], [ -86.767567261155619, 21.128057623502031 ] ] ] } },
{ "type": "Feature", "properties": { "hex_id": 509, "tipo_actual": "verde_manglar" }, "geometry": { "type": "Polygon", "coordinates": [ [ [ -86.767566327352128, 21.128656777502222 ], [ -86.767750517325439, 21.128756889321853 ], [ -86.767750206295389, 21.128956607312752 ], [ -86.767565704798258, 21.129056213478805 ], [ -86.767381514583519, 21.128956101459508 ], [ -86.767381826107325, 21.128756383473835 ], [ -86.767566327352128, 21.128656777502222 ] ] ] } },
{ "type": "Feature", "properties": { "hex_id": 520, "tipo_actual": "verde_inundable" }, "geometry": { "type": "Polygon", "coordinates": [ [ [ -86.767556053350518, 21.135247468706801 ], [ -86.767740251412036, 21.135347580534951 ], [ -86.767739940261905, 21.135547298370426 ], [ -86.767555430556286, 21.135646904372525 ], [ -86.767371232253268, 21.135546792344638 ], [ -86.767371543897355, 21.135347074514396 ], [ -86.767556053350518, 21.135247468706801 ] ] ] } },
{ "type": "Feature", "properties": { "hex_id": 521, "tipo_actual": "urbano" }, "geometry": { "type": "Polygon", "coordinates": [ [ [ -86.767555119153712, 21.135846622198319 ], [ -86.767739317950671, 21.135946734027236 ], [ -86.767739006789611, 21.136146451848585 ], [ -86.767554496337638, 21.136246057835777 ], [ -86.767370297299166, 21.136145945807112 ], [ -86.767370608954167, 21.135946227991003 ], [ -86.767555119153712, 21.135846622198319 ] ] ] } },
{ "type": "Feature", "properties": { "hex_id": 522, "tipo_actual": "verde_inundable" }, "geometry": { "type": "Polygon", "coordinates": [ [ [ -86.767554184924123, 21.136445775647445 ], [ -86.767738384456564, 21.136545887477133 ], [ -86.767738073284576, 21.13674560528435 ], [ -86.767553562086192, 21.136845211256638 ], [ -86.767369362312238, 21.136745099227195 ], [ -86.767369673978195, 21.136545381425208 ], [ -86.767554184924123, 21.136445775647445 ] ] ] } },
{ "type": "Feature", "properties": { "hex_id": 523, "tipo_actual": "verde_inundable" }, "geometry": { "type": "Polygon", "coordinates": [ [ [ -86.767553250661763, 21.137044929054174 ], [ -86.767737450929687, 21.13714504088464 ], [ -86.767737139746785, 21.137344758677717 ], [ -86.767552627801962, 21.137444364635101 ], [ -86.76736842729251, 21.137344252604873 ], [ -86.767368738969395, 21.137144534817018 ], [ -86.767553250661763, 21.137044929054174 ] ] ] } },
{ "type": "Feature", "properties": { "hex_id": 524, "tipo_actual": "verde_inundable" }, "geometry": { "type": "Polygon", "coordinates": [ [ [ -86.767552316366604, 21.1376440824185 ], [ -86.767736517370068, 21.137744194249748 ], [ -86.767736206176238, 21.137943912028685 ], [ -86.767551693484961, 21.138043517971163 ], [ -86.76736749223997, 21.13794340594016 ], [ -86.767367803927797, 21.137743688166442 ], [ -86.767552316366604, 21.1376440824185 ] ] ] } },
{ "type": "Feature", "properties": { "hex_id": 525, "tipo_actual": "urbano" }, "geometry": { "type": "Polygon", "coordinates": [ [ [ -86.767551382038675, 21.138243235740429 ], [ -86.767735583777679, 21.138343347572444 ], [ -86.767735272572935, 21.138543065337259 ], [ -86.767550759135176, 21.138642671264829 ], [ -86.767366557154617, 21.138542559233041 ], [ -86.767366868853387, 21.13834284147346 ], [ -86.767551382038675, 21.138243235740429 ] ] ] } },
{ "type": "Feature", "properties": { "hex_id": 526, "tipo_actual": "verde_inundable" }, "geometry": { "type": "Polygon", "coordinates": [ [ [ -86.767550447677962, 21.13884238901996 ], [ -86.767734650152548, 21.138942500852746 ], [ -86.76773433893689, 21.139142218603428 ], [ -86.767549824752606, 21.139241824516091 ], [ -86.767365622036465, 21.139141712483525 ], [ -86.767365933746177, 21.138941994738076 ], [ -86.767550447677962, 21.13884238901996 ] ] ] } },
{ "type": "Feature", "properties": { "hex_id": 531, "tipo_actual": "verde_inundable" }, "geometry": { "type": "Polygon", "coordinates": [ [ [ -86.76739085871256, 21.122964559840771 ], [ -86.767575041577032, 21.123064671852241 ], [ -86.767574730403865, 21.123264389974747 ], [ -86.767390235872654, 21.123363996080528 ], [ -86.767206052766866, 21.123263883869427 ], [ -86.767206364433605, 21.123064165752158 ], [ -86.76739085871256, 21.122964559840771 ] ] ] } },
{ "type": "Feature", "properties": { "hex_id": 532, "tipo_actual": "urbano" }, "geometry": { "type": "Polygon", "coordinates": [ [ [ -86.76738992444723, 21.123563714193349 ], [ -86.767574108046603, 21.123663826205604 ], [ -86.767573796862521, 21.123863544313977 ], [ -86.767389301585467, 21.123963150404848 ], [ -86.767205117744766, 21.123863038192965 ], [ -86.767205429422432, 21.123663320089822 ], [ -86.76738992444723, 21.123563714193349 ] ] ] } },
{ "type": "Feature", "properties": { "hex_id": 533, "tipo_actual": "urbano" }, "geometry": { "type": "Polygon", "coordinates": [ [ [ -86.767388990149115, 21.124162868503547 ], [ -86.767573174483431, 21.12426298051659 ], [ -86.767572863288422, 21.124462698610838 ], [ -86.767388367265482, 21.124562304686808 ], [ -86.767204182689838, 21.124462192474127 ], [ -86.767204494378461, 21.124262474385109 ], [ -86.767388990149115, 21.124162868503547 ] ] ] } },
{ "type": "Feature", "properties": { "hex_id": 534, "tipo_actual": "verde_manglar" }, "geometry": { "type": "Polygon", "coordinates": [ [ [ -86.767388055818202, 21.124762022771371 ], [ -86.767572240887475, 21.124862134785197 ], [ -86.767571929681537, 21.125061852865322 ], [ -86.767387432912713, 21.125161458926375 ], [ -86.767203247602083, 21.125061346712915 ], [ -86.767203559301635, 21.124861628638023 ], [ -86.767388055818202, 21.124762022771371 ] ] ] } },
{ "type": "Feature", "properties": { "hex_id": 535, "tipo_actual": "verde_manglar" }, "geometry": { "type": "Polygon", "coordinates": [ [ [ -86.76738712145449, 21.125361176996822 ], [ -86.767571307258748, 21.125461289011429 ], [ -86.767570996041897, 21.125661007077419 ], [ -86.767386498527131, 21.125760613123571 ], [ -86.767202312481515, 21.125660500909316 ], [ -86.767202624192009, 21.12546078284856 ], [ -86.76738712145449, 21.125361176996822 ] ] ] } },
{ "type": "Feature", "properties": { "hex_id": 536, "tipo_actual": "verde_general" }, "geometry": { "type": "Polygon", "coordinates": [ [ [ -86.767386187057994, 21.12596033117989 ], [ -86.767570373597266, 21.126060443195282 ], [ -86.767570062369487, 21.126260161247146 ], [ -86.767385564108764, 21.126359767278387 ], [ -86.767201377328135, 21.126259655063347 ], [ -86.767201689049571, 21.126059937016713 ], [ -86.767386187057994, 21.12596033117989 ] ] ] } },
{ "type": "Feature", "properties": { "hex_id": 537, "tipo_actual": "verde_inundable" }, "geometry": { "type": "Polygon", "coordinates": [ [ [ -86.767385252628685, 21.126559485320573 ], [ -86.767569439902999, 21.126659597336747 ], [ -86.767569128664306, 21.126859315374489 ], [ -86.767384629657599, 21.12695892139082 ], [ -86.767200442141913, 21.12685880917499 ], [ -86.767200753874306, 21.126659091142493 ], [ -86.767385252628685, 21.126559485320573 ] ] ] } },
{ "type": "Feature", "properties": { "hex_id": 538, "tipo_actual": "verde_general" }, "geometry": { "type": "Polygon", "coordinates": [ [ [ -86.767384318166592, 21.127158639418884 ], [ -86.767568506175976, 21.127258751435839 ], [ -86.767568194926355, 21.127458469459445 ], [ -86.767383695173635, 21.127558075460875 ], [ -86.767199506922879, 21.127457963244257 ], [ -86.767199818666199, 21.127258245225878 ], [ -86.767384318166592, 21.127158639418884 ] ] ] } },
{ "type": "Feature", "properties": { "hex_id": 539, "tipo_actual": "verde_manglar" }, "geometry": { "type": "Polygon", "coordinates": [ [ [ -86.767383383671699, 21.12775779347481 ], [ -86.767567572416169, 21.12785790549254 ], [ -86.767567261155619, 21.128057623502031 ], [ -86.767382760656872, 21.128157229488544 ], [ -86.767198571671017, 21.128057117271137 ], [ -86.76719888342528, 21.127857399266887 ], [ -86.767383383671699, 21.12775779347481 ] ] ] } },
{ "type": "Feature", "properties": { "hex_id": 540, "tipo_actual": "verde_manglar" }, "geometry": { "type": "Polygon", "coordinates": [ [ [ -86.767382449144009, 21.128356947488346 ], [ -86.767566638623606, 21.128457059506868 ], [ -86.767566327352128, 21.128656777502222 ], [ -86.767381826107325, 21.128756383473835 ], [ -86.767197636386342, 21.128656271255633 ], [ -86.767197948151548, 21.128456553265515 ], [ -86.767382449144009, 21.128356947488346 ] ] ] } },
{ "type": "Feature", "properties": { "hex_id": 541, "tipo_actual": "verde_manglar" }, "geometry": { "type": "Polygon", "coordinates": [ [ [ -86.767381514583519, 21.128956101459508 ], [ -86.767565704798258, 21.129056213478805 ], [ -86.767565393515852, 21.129255931460037 ], [ -86.767380891524965, 21.129355537416739 ], [ -86.767196701068826, 21.129255425197751 ], [ -86.767197012844989, 21.12905570722176 ], [ -86.767381514583519, 21.128956101459508 ] ] ] } },
{ "type": "Feature", "properties": { "hex_id": 552, "tipo_actual": "urbano" }, "geometry": { "type": "Polygon", "coordinates": [ [ [ -86.767371232253268, 21.135546792344638 ], [ -86.767555430556286, 21.135646904372525 ], [ -86.767555119153712, 21.135846622198319 ], [ -86.767370608954167, 21.135946227991003 ], [ -86.76718641040965, 21.135846115763357 ], [ -86.767186722306178, 21.1356463979428 ], [ -86.767371232253268, 21.135546792344638 ] ] ] } },
{ "type": "Feature", "properties": { "hex_id": 553, "tipo_actual": "urbano" }, "geometry": { "type": "Polygon", "coordinates": [ [ [ -86.767370297299166, 21.136145945807112 ], [ -86.767554496337638, 21.136246057835777 ], [ -86.767554184924123, 21.136445775647445 ], [ -86.767369673978195, 21.136545381425208 ], [ -86.767185474698209, 21.136445269196784 ], [ -86.767185786605665, 21.136245551390349 ], [ -86.767370297299166, 21.136145945807112 ] ] ] } },
{ "type": "Feature", "properties": { "hex_id": 554, "tipo_actual": "verde_inundable" }, "geometry": { "type": "Polygon", "coordinates": [ [ [ -86.767369362312238, 21.136745099227195 ], [ -86.767553562086192, 21.136845211256638 ], [ -86.767553250661763, 21.137044929054174 ], [ -86.767368738969395, 21.137144534817018 ], [ -86.767184538953913, 21.137044422587813 ], [ -86.767184850872326, 21.136844704795514 ], [ -86.767369362312238, 21.136745099227195 ] ] ] } },
{ "type": "Feature", "properties": { "hex_id": 555, "tipo_actual": "verde_inundable" }, "geometry": { "type": "Polygon", "coordinates": [ [ [ -86.76736842729251, 21.137344252604873 ], [ -86.767552627801962, 21.137444364635101 ], [ -86.767552316366604, 21.1376440824185 ], [ -86.767367803927797, 21.137743688166442 ], [ -86.767183603176804, 21.137643575936448 ], [ -86.767183915106159, 21.137443858158274 ], [ -86.76736842729251, 21.137344252604873 ] ] ] } },
{ "type": "Feature", "properties": { "hex_id": 556, "tipo_actual": "urbano" }, "geometry": { "type": "Polygon", "coordinates": [ [ [ -86.76736749223997, 21.13794340594016 ], [ -86.767551693484961, 21.138043517971163 ], [ -86.767551382038675, 21.138243235740429 ], [ -86.767366868853387, 21.13834284147346 ], [ -86.767182667366853, 21.138242729242677 ], [ -86.767182979307151, 21.138043011478633 ], [ -86.76736749223997, 21.13794340594016 ] ] ] } },
{ "type": "Feature", "properties": { "hex_id": 557, "tipo_actual": "urbano" }, "geometry": { "type": "Polygon", "coordinates": [ [ [ -86.767366557154617, 21.138542559233041 ], [ -86.767550759135176, 21.138642671264829 ], [ -86.767550447677962, 21.13884238901996 ], [ -86.767365933746177, 21.138941994738076 ], [ -86.767181731524076, 21.138841882506508 ], [ -86.767182043475302, 21.138642164756604 ], [ -86.767366557154617, 21.138542559233041 ] ] ] } },
{ "type": "Feature", "properties": { "hex_id": 562, "tipo_actual": "verde_inundable" }, "geometry": { "type": "Polygon", "coordinates": [ [ [ -86.767206052766866, 21.123263883869427 ], [ -86.767390235872654, 21.123363996080528 ], [ -86.76738992444723, 21.123563714193349 ], [ -86.767205429422432, 21.123663320089822 ], [ -86.767021246075331, 21.123563207679105 ], [ -86.76702155799434, 21.123363489571521 ], [ -86.767206052766866, 21.123263883869427 ] ] ] } },
{ "type": "Feature", "properties": { "hex_id": 563, "tipo_actual": "urbano" }, "geometry": { "type": "Polygon", "coordinates": [ [ [ -86.767205117744766, 21.123863038192965 ], [ -86.767389301585467, 21.123963150404848 ], [ -86.767388990149115, 21.124162868503547 ], [ -86.767204494378461, 21.124262474385109 ], [ -86.767020310296417, 21.124162361973596 ], [ -86.767020622226369, 21.123962643880141 ], [ -86.767205117744766, 21.123863038192965 ] ] ] } },
{ "type": "Feature", "properties": { "hex_id": 564, "tipo_actual": "urbano" }, "geometry": { "type": "Polygon", "coordinates": [ [ [ -86.767204182689838, 21.124462192474127 ], [ -86.767388367265482, 21.124562304686808 ], [ -86.767388055818202, 21.124762022771371 ], [ -86.767203559301635, 21.124861628638023 ], [ -86.767019374484661, 21.124761516225711 ], [ -86.767019686425556, 21.124561798146381 ], [ -86.767204182689838, 21.124462192474127 ] ] ] } },
{ "type": "Feature", "properties": { "hex_id": 565, "tipo_actual": "verde_manglar" }, "geometry": { "type": "Polygon", "coordinates": [ [ [ -86.767203247602083, 21.125061346712915 ], [ -86.767387432912713, 21.125161458926375 ], [ -86.76738712145449, 21.125361176996822 ], [ -86.767202624192009, 21.12546078284856 ], [ -86.767018438640051, 21.125360670435455 ], [ -86.767018750591902, 21.125160952370244 ], [ -86.767203247602083, 21.125061346712915 ] ] ] } },
{ "type": "Feature", "properties": { "hex_id": 566, "tipo_actual": "verde_general" }, "geometry": { "type": "Polygon", "coordinates": [ [ [ -86.767202312481515, 21.125660500909316 ], [ -86.767386498527131, 21.125760613123571 ], [ -86.767386187057994, 21.12596033117989 ], [ -86.767201689049571, 21.126059937016713 ], [ -86.767017502762585, 21.125959824602809 ], [ -86.767017814725406, 21.125760106551731 ], [ -86.767202312481515, 21.125660500909316 ] ] ] } },
{ "type": "Feature", "properties": { "hex_id": 567, "tipo_actual": "verde_inundable" }, "geometry": { "type": "Polygon", "coordinates": [ [ [ -86.767201377328135, 21.126259655063347 ], [ -86.767385564108764, 21.126359767278387 ], [ -86.767385252628685, 21.126559485320573 ], [ -86.767200753874306, 21.126659091142493 ], [ -86.767016566852291, 21.126558978727786 ], [ -86.767016878826041, 21.12635926069084 ], [ -86.767201377328135, 21.126259655063347 ] ] ] } },
{ "type": "Feature", "properties": { "hex_id": 568, "tipo_actual": "verde_general" }, "geometry": { "type": "Polygon", "coordinates": [ [ [ -86.767200442141913, 21.12685880917499 ], [ -86.767384629657599, 21.12695892139082 ], [ -86.767384318166592, 21.127158639418884 ], [ -86.767199818666199, 21.127258245225878 ], [ -86.767015630909142, 21.127158132810386 ], [ -86.767015942893849, 21.126958414787559 ], [ -86.767200442141913, 21.12685880917499 ] ] ] } },
{ "type": "Feature", "properties": { "hex_id": 569, "tipo_actual": "verde_inundable" }, "geometry": { "type": "Polygon", "coordinates": [ [ [ -86.767199506922879, 21.127457963244257 ], [ -86.767383695173635, 21.127558075460875 ], [ -86.767383383671699, 21.12775779347481 ], [ -86.76719888342528, 21.127857399266887 ], [ -86.767014694933138, 21.127757286850603 ], [ -86.767015006928787, 21.127557568841908 ], [ -86.767199506922879, 21.127457963244257 ] ] ] } },
{ "type": "Feature", "properties": { "hex_id": 570, "tipo_actual": "verde_manglar" }, "geometry": { "type": "Polygon", "coordinates": [ [ [ -86.767198571671017, 21.128057117271137 ], [ -86.767382760656872, 21.128157229488544 ], [ -86.767382449144009, 21.128356947488346 ], [ -86.767197948151548, 21.128456553265515 ], [ -86.767013758924278, 21.128356440848432 ], [ -86.767014070930884, 21.12815672285387 ], [ -86.767198571671017, 21.128057117271137 ] ] ] } },
{ "type": "Feature", "properties": { "hex_id": 571, "tipo_actual": "verde_manglar" }, "geometry": { "type": "Polygon", "coordinates": [ [ [ -86.767197636386342, 21.128656271255633 ], [ -86.767381826107325, 21.128756383473835 ], [ -86.767381514583519, 21.128956101459508 ], [ -86.767197012844989, 21.12905570722176 ], [ -86.767012822882592, 21.128955594803884 ], [ -86.767013134900139, 21.128755876823448 ], [ -86.767197636386342, 21.128656271255633 ] ] ] } },
{ "type": "Feature", "properties": { "hex_id": 572, "tipo_actual": "verde_manglar" }, "geometry": { "type": "Polygon", "coordinates": [ [ [ -86.767196701068826, 21.129255425197751 ], [ -86.767380891524965, 21.129355537416739 ], [ -86.767380579990231, 21.129555255388283 ], [ -86.767196077505588, 21.129654861135613 ], [ -86.767011886808049, 21.129554748716945 ], [ -86.767012198836539, 21.129355030750634 ], [ -86.767196701068826, 21.129255425197751 ] ] ] } },
{ "type": "Feature", "properties": { "hex_id": 582, "tipo_actual": "urbano" }, "geometry": { "type": "Polygon", "coordinates": [ [ [ -86.767187346088264, 21.135246962287539 ], [ -86.767371543897355, 21.135347074514396 ], [ -86.767371232253268, 21.135546792344638 ], [ -86.767186722306178, 21.1356463979428 ], [ -86.767002524255588, 21.135546285516199 ], [ -86.767002836393601, 21.13534656769119 ], [ -86.767187346088264, 21.135246962287539 ] ] ] } },
{ "type": "Feature", "properties": { "hex_id": 583, "tipo_actual": "urbano" }, "geometry": { "type": "Polygon", "coordinates": [ [ [ -86.76718641040965, 21.135846115763357 ], [ -86.767370608954167, 21.135946227991003 ], [ -86.767370297299166, 21.136145945807112 ], [ -86.767185786605665, 21.136245551390349 ], [ -86.767001587819635, 21.136145438962963 ], [ -86.767001899968605, 21.135945721152083 ], [ -86.76718641040965, 21.135846115763357 ] ] ] } },
{ "type": "Feature", "properties": { "hex_id": 584, "tipo_actual": "verde_inundable" }, "geometry": { "type": "Polygon", "coordinates": [ [ [ -86.767185474698209, 21.136445269196784 ], [ -86.767369673978195, 21.136545381425208 ], [ -86.767369362312238, 21.136745099227195 ], [ -86.767184850872326, 21.136844704795514 ], [ -86.767000651350827, 21.136744592367329 ], [ -86.767000963510753, 21.136544874570586 ], [ -86.767185474698209, 21.136445269196784 ] ] ] } },
{ "type": "Feature", "properties": { "hex_id": 585, "tipo_actual": "verde_inundable" }, "geometry": { "type": "Polygon", "coordinates": [ [ [ -86.767184538953913, 21.137044422587813 ], [ -86.767368738969395, 21.137144534817018 ], [ -86.76736842729251, 21.137344252604873 ], [ -86.767183915106159, 21.137443858158274 ], [ -86.766999714849149, 21.1373437457293 ], [ -86.767000027020032, 21.137144027946686 ], [ -86.767184538953913, 21.137044422587813 ] ] ] } },
{ "type": "Feature", "properties": { "hex_id": 586, "tipo_actual": "verde_inundable" }, "geometry": { "type": "Polygon", "coordinates": [ [ [ -86.767183603176804, 21.137643575936448 ], [ -86.767367803927797, 21.137743688166442 ], [ -86.76736749223997, 21.13794340594016 ], [ -86.767182979307151, 21.138043011478633 ], [ -86.76699877831463, 21.13794289904887 ], [ -86.766999090496455, 21.137743181280392 ], [ -86.767183603176804, 21.137643575936448 ] ] ] } },
{ "type": "Feature", "properties": { "hex_id": 587, "tipo_actual": "urbano" }, "geometry": { "type": "Polygon", "coordinates": [ [ [ -86.767182667366853, 21.138242729242677 ], [ -86.767366868853387, 21.13834284147346 ], [ -86.767366557154617, 21.138542559233041 ], [ -86.767182043475302, 21.138642164756604 ], [ -86.766997841747241, 21.138542052326045 ], [ -86.766998153940023, 21.138342334571693 ], [ -86.767182667366853, 21.138242729242677 ] ] ] } },
{ "type": "Feature", "properties": { "hex_id": 594, "tipo_actual": "urbano" }, "geometry": { "type": "Polygon", "coordinates": [ [ [ -86.767021246075331, 21.123563207679105 ], [ -86.767205429422432, 21.123663320089822 ], [ -86.767205117744766, 21.123863038192965 ], [ -86.767020622226369, 21.123962643880141 ], [ -86.766836438637938, 21.12386253126979 ], [ -86.766836750809205, 21.123662813171883 ], [ -86.767021246075331, 21.123563207679105 ] ] ] } },
{ "type": "Feature", "properties": { "hex_id": 595, "tipo_actual": "urbano" }, "geometry": { "type": "Polygon", "coordinates": [ [ [ -86.767020310296417, 21.124162361973596 ], [ -86.767204494378461, 21.124262474385109 ], [ -86.767204182689838, 21.124462192474127 ], [ -86.767019686425556, 21.124561798146381 ], [ -86.766835502102182, 21.124461685535227 ], [ -86.766835814284434, 21.124261967451453 ], [ -86.767020310296417, 21.124162361973596 ] ] ] } },
{ "type": "Feature", "properties": { "hex_id": 596, "tipo_actual": "verde_manglar" }, "geometry": { "type": "Polygon", "coordinates": [ [ [ -86.767019374484661, 21.124761516225711 ], [ -86.767203559301635, 21.124861628638023 ], [ -86.767203247602083, 21.125061346712915 ], [ -86.767018750591902, 21.125160952370244 ], [ -86.766834565533571, 21.125060839758294 ], [ -86.766834877726751, 21.124861121688642 ], [ -86.767019374484661, 21.124761516225711 ] ] ] } },
{ "type": "Feature", "properties": { "hex_id": 597, "tipo_actual": "verde_manglar" }, "geometry": { "type": "Polygon", "coordinates": [ [ [ -86.767018438640051, 21.125360670435455 ], [ -86.767202624192009, 21.12546078284856 ], [ -86.767202312481515, 21.125660500909316 ], [ -86.767017814725406, 21.125760106551731 ], [ -86.766833628932076, 21.125659993938974 ], [ -86.766833941136227, 21.125460275883459 ], [ -86.767018438640051, 21.125360670435455 ] ] ] } },
{ "type": "Feature", "properties": { "hex_id": 598, "tipo_actual": "verde_inundable" }, "geometry": { "type": "Polygon", "coordinates": [ [ [ -86.767017502762585, 21.125959824602809 ], [ -86.767201689049571, 21.126059937016713 ], [ -86.767201377328135, 21.126259655063347 ], [ -86.767016878826041, 21.12635926069084 ], [ -86.766832692297697, 21.126259148077278 ], [ -86.766833004512819, 21.126059430035884 ], [ -86.767017502762585, 21.125959824602809 ] ] ] } },
{ "type": "Feature", "properties": { "hex_id": 599, "tipo_actual": "verde_general" }, "geometry": { "type": "Polygon", "coordinates": [ [ [ -86.767016566852291, 21.126558978727786 ], [ -86.767200753874306, 21.126659091142493 ], [ -86.767200442141913, 21.12685880917499 ], [ -86.767015942893849, 21.126958414787559 ], [ -86.766831755630463, 21.126858302173204 ], [ -86.766832067856541, 21.12665858414594 ], [ -86.767016566852291, 21.126558978727786 ] ] ] } },
{ "type": "Feature", "properties": { "hex_id": 600, "tipo_actual": "verde_inundable" }, "geometry": { "type": "Polygon", "coordinates": [ [ [ -86.767015630909142, 21.127158132810386 ], [ -86.767199818666199, 21.127258245225878 ], [ -86.767199506922879, 21.127457963244257 ], [ -86.767015006928787, 21.127557568841908 ], [ -86.766830818930345, 21.127457456226743 ], [ -86.766831131167365, 21.127257738213611 ], [ -86.767015630909142, 21.127158132810386 ] ] ] } },
{ "type": "Feature", "properties": { "hex_id": 601, "tipo_actual": "verde_general" }, "geometry": { "type": "Polygon", "coordinates": [ [ [ -86.767014694933138, 21.127757286850603 ], [ -86.76719888342528, 21.127857399266887 ], [ -86.767198571671017, 21.128057117271137 ], [ -86.767014070930884, 21.12815672285387 ], [ -86.766829882197356, 21.128056610237905 ], [ -86.766830194445348, 21.127856892238892 ], [ -86.767014694933138, 21.127757286850603 ] ] ] } },
{ "type": "Feature", "properties": { "hex_id": 602, "tipo_actual": "verde_inundable" }, "geometry": { "type": "Polygon", "coordinates": [ [ [ -86.767013758924278, 21.128356440848432 ], [ -86.767197948151548, 21.128456553265515 ], [ -86.767197636386342, 21.128656271255633 ], [ -86.767013134900139, 21.128755876823448 ], [ -86.766828945431499, 21.12865576420668 ], [ -86.766829257690432, 21.1284560462218 ], [ -86.767013758924278, 21.128356440848432 ] ] ] } },
{ "type": "Feature", "properties": { "hex_id": 603, "tipo_actual": "verde_manglar" }, "geometry": { "type": "Polygon", "coordinates": [ [ [ -86.767012822882592, 21.128955594803884 ], [ -86.767197012844989, 21.12905570722176 ], [ -86.767196701068826, 21.129255425197751 ], [ -86.767012198836539, 21.129355030750634 ], [ -86.766828008632743, 21.129254918133075 ], [ -86.766828320902647, 21.129055200162323 ], [ -86.767012822882592, 21.128955594803884 ] ] ] } },
{ "type": "Feature", "properties": { "hex_id": 604, "tipo_actual": "verde_manglar" }, "geometry": { "type": "Polygon", "coordinates": [ [ [ -86.767011886808049, 21.129554748716945 ], [ -86.767196077505588, 21.129654861135613 ], [ -86.767195765718498, 21.129854579097483 ], [ -86.767011262740084, 21.129954184635444 ], [ -86.766827071801117, 21.129854072017086 ], [ -86.766827384081978, 21.129654354060452 ], [ -86.767011886808049, 21.129554748716945 ] ] ] } },
{ "type": "Feature", "properties": { "hex_id": 613, "tipo_actual": "verde_inundable" }, "geometry": { "type": "Polygon", "coordinates": [ [ [ -86.767003460658685, 21.134947132027037 ], [ -86.767187657973849, 21.135047244452846 ], [ -86.767187346088264, 21.135246962287539 ], [ -86.767002836393601, 21.13534656769119 ], [ -86.766818638836952, 21.135246455065634 ], [ -86.76681895121645, 21.135046737236184 ], [ -86.767003460658685, 21.134947132027037 ] ] ] } },
{ "type": "Feature", "properties": { "hex_id": 614, "tipo_actual": "urbano" }, "geometry": { "type": "Polygon", "coordinates": [ [ [ -86.767002524255588, 21.135546285516199 ], [ -86.767186722306178, 21.1356463979428 ], [ -86.76718641040965, 21.135846115763357 ], [ -86.767001899968605, 21.135945721152083 ], [ -86.76681770167653, 21.135845608525734 ], [ -86.766818014066999, 21.135645890710411 ], [ -86.767002524255588, 21.135546285516199 ] ] ] } },
{ "type": "Feature", "properties": { "hex_id": 615, "tipo_actual": "verde_inundable" }, "geometry": { "type": "Polygon", "coordinates": [ [ [ -86.767001587819635, 21.136145438962963 ], [ -86.767185786605665, 21.136245551390349 ], [ -86.767185474698209, 21.136445269196784 ], [ -86.767000963510753, 21.136544874570586 ], [ -86.76681676448321, 21.136444761943434 ], [ -86.766817076884635, 21.136245044142246 ], [ -86.767001587819635, 21.136145438962963 ] ] ] } },
{ "type": "Feature", "properties": { "hex_id": 616, "tipo_actual": "verde_inundable" }, "geometry": { "type": "Polygon", "coordinates": [ [ [ -86.767000651350827, 21.136744592367329 ], [ -86.767184850872326, 21.136844704795514 ], [ -86.767184538953913, 21.137044422587813 ], [ -86.767000027020032, 21.137144027946686 ], [ -86.76681582725702, 21.137043915318735 ], [ -86.766816139669402, 21.136844197531683 ], [ -86.767000651350827, 21.136744592367329 ] ] ] } },
{ "type": "Feature", "properties": { "hex_id": 617, "tipo_actual": "verde_inundable" }, "geometry": { "type": "Polygon", "coordinates": [ [ [ -86.766999714849149, 21.1373437457293 ], [ -86.767183915106159, 21.137443858158274 ], [ -86.767183603176804, 21.137643575936448 ], [ -86.766999090496455, 21.137743181280392 ], [ -86.766814889997931, 21.137643068651649 ], [ -86.766815202421284, 21.137443350878716 ], [ -86.766999714849149, 21.1373437457293 ] ] ] } },
{ "type": "Feature", "properties": { "hex_id": 618, "tipo_actual": "urbano" }, "geometry": { "type": "Polygon", "coordinates": [ [ [ -86.76699877831463, 21.13794289904887 ], [ -86.767182979307151, 21.138043011478633 ], [ -86.767182667366853, 21.138242729242677 ], [ -86.766998153940023, 21.138342334571693 ], [ -86.766813952705974, 21.138242221942157 ], [ -86.766814265140283, 21.138042504183357 ], [ -86.76699877831463, 21.13794289904887 ] ] ] } },
{ "type": "Feature", "properties": { "hex_id": 619, "tipo_actual": "verde_inundable" }, "geometry": { "type": "Polygon", "coordinates": [ [ [ -86.766997841747241, 21.138542052326045 ], [ -86.767182043475302, 21.138642164756604 ], [ -86.767181731524076, 21.138841882506508 ], [ -86.766997217350735, 21.138941487820603 ], [ -86.766813015381118, 21.138841375190264 ], [ -86.766813327826384, 21.1386416574456 ], [ -86.766997841747241, 21.138542052326045 ] ] ] } },
{ "type": "Feature", "properties": { "hex_id": 625, "tipo_actual": "urbano" }, "geometry": { "type": "Polygon", "coordinates": [ [ [ -86.766836438637938, 21.12386253126979 ], [ -86.767020622226369, 21.123962643880141 ], [ -86.767020310296417, 21.124162361973596 ], [ -86.766835814284434, 21.124261967451453 ], [ -86.76665163045466, 21.124161854641461 ], [ -86.766651942878227, 21.123962136553253 ], [ -86.766836438637938, 21.12386253126979 ] ] ] } },
{ "type": "Feature", "properties": { "hex_id": 626, "tipo_actual": "urbano" }, "geometry": { "type": "Polygon", "coordinates": [ [ [ -86.766835502102182, 21.124461685535227 ], [ -86.767019686425556, 21.124561798146381 ], [ -86.767019374484661, 21.124761516225711 ], [ -86.766834877726751, 21.124861121688642 ], [ -86.766650693162049, 21.124761008877851 ], [ -86.766651005596586, 21.124561290803761 ], [ -86.766835502102182, 21.124461685535227 ] ] ] } },
{ "type": "Feature", "properties": { "hex_id": 627, "tipo_actual": "verde_general" }, "geometry": { "type": "Polygon", "coordinates": [ [ [ -86.766834565533571, 21.125060839758294 ], [ -86.767018750591902, 21.125160952370244 ], [ -86.767018438640051, 21.125360670435455 ], [ -86.766833941136227, 21.125460275883459 ], [ -86.766649755836553, 21.125360163071853 ], [ -86.766650068282033, 21.125160445011893 ], [ -86.766834565533571, 21.125060839758294 ] ] ] } },
{ "type": "Feature", "properties": { "hex_id": 628, "tipo_actual": "verde_general" }, "geometry": { "type": "Polygon", "coordinates": [ [ [ -86.766833628932076, 21.125659993938974 ], [ -86.767017814725406, 21.125760106551731 ], [ -86.767017502762585, 21.125959824602809 ], [ -86.766833004512819, 21.126059430035884 ], [ -86.766648818478146, 21.125959317223479 ], [ -86.766649130934596, 21.125759599177645 ], [ -86.766833628932076, 21.125659993938974 ] ] ] } },
{ "type": "Feature", "properties": { "hex_id": 629, "tipo_actual": "verde_inundable" }, "geometry": { "type": "Polygon", "coordinates": [ [ [ -86.766832692297697, 21.126259148077278 ], [ -86.767016878826041, 21.12635926069084 ], [ -86.767016566852291, 21.126558978727786 ], [ -86.766832067856541, 21.12665858414594 ], [ -86.76664788108684, 21.126558471332725 ], [ -86.766648193554275, 21.126358753301012 ], [ -86.766832692297697, 21.126259148077278 ] ] ] } },
{ "type": "Feature", "properties": { "hex_id": 630, "tipo_actual": "verde_general" }, "geometry": { "type": "Polygon", "coordinates": [ [ [ -86.766831755630463, 21.126858302173204 ], [ -86.767015942893849, 21.126958414787559 ], [ -86.767015630909142, 21.127158132810386 ], [ -86.766831131167365, 21.127257738213611 ], [ -86.766646943662636, 21.127157625399583 ], [ -86.766647256141027, 21.126957907382003 ], [ -86.766831755630463, 21.126858302173204 ] ] ] } },
{ "type": "Feature", "properties": { "hex_id": 631, "tipo_actual": "verde_inundable" }, "geometry": { "type": "Polygon", "coordinates": [ [ [ -86.766830818930345, 21.127457456226743 ], [ -86.767015006928787, 21.127557568841908 ], [ -86.767014694933138, 21.127757286850603 ], [ -86.766830194445348, 21.127856892238892 ], [ -86.766646006205519, 21.127756779424072 ], [ -86.766646318694882, 21.127557061420621 ], [ -86.766830818930345, 21.127457456226743 ] ] ] } },
{ "type": "Feature", "properties": { "hex_id": 632, "tipo_actual": "verde_inundable" }, "geometry": { "type": "Polygon", "coordinates": [ [ [ -86.766829882197356, 21.128056610237905 ], [ -86.767014070930884, 21.12815672285387 ], [ -86.767013758924278, 21.128356440848432 ], [ -86.766829257690432, 21.1284560462218 ], [ -86.766645068715519, 21.128355933406162 ], [ -86.766645381215838, 21.128156215416844 ], [ -86.766829882197356, 21.128056610237905 ] ] ] } },
{ "type": "Feature", "properties": { "hex_id": 633, "tipo_actual": "verde_inundable" }, "geometry": { "type": "Polygon", "coordinates": [ [ [ -86.766828945431499, 21.12865576420668 ], [ -86.767013134900139, 21.128755876823448 ], [ -86.767012822882592, 21.128955594803884 ], [ -86.766828320902647, 21.129055200162323 ], [ -86.766644131192606, 21.128955087345883 ], [ -86.766644443703896, 21.128755369370687 ], [ -86.766828945431499, 21.12865576420668 ] ] ] } },
{ "type": "Feature", "properties": { "hex_id": 634, "tipo_actual": "verde_manglar" }, "geometry": { "type": "Polygon", "coordinates": [ [ [ -86.766828008632743, 21.129254918133075 ], [ -86.767012198836539, 21.129355030750634 ], [ -86.767011886808049, 21.129554748716945 ], [ -86.766827384081978, 21.129654354060452 ], [ -86.766643193636796, 21.129554241243209 ], [ -86.766643506159056, 21.129354523282146 ], [ -86.766828008632743, 21.129254918133075 ] ] ] } },
{ "type": "Feature", "properties": { "hex_id": 644, "tipo_actual": "urbano" }, "geometry": { "type": "Polygon", "coordinates": [ [ [ -86.766818638836952, 21.135246455065634 ], [ -86.767002836393601, 21.13534656769119 ], [ -86.767002524255588, 21.135546285516199 ], [ -86.766818014066999, 21.135645890710411 ], [ -86.76663381626885, 21.13554577788511 ], [ -86.766634128900805, 21.135346060065348 ], [ -86.766818638836952, 21.135246455065634 ] ] ] } },
{ "type": "Feature", "properties": { "hex_id": 645, "tipo_actual": "verde_inundable" }, "geometry": { "type": "Polygon", "coordinates": [ [ [ -86.76681770167653, 21.135845608525734 ], [ -86.767001899968605, 21.135945721152083 ], [ -86.767001587819635, 21.136145438962963 ], [ -86.766817076884635, 21.136245044142246 ], [ -86.766632878351061, 21.136144931316135 ], [ -86.766633190993986, 21.135945213510503 ], [ -86.76681770167653, 21.135845608525734 ] ] ] } },
{ "type": "Feature", "properties": { "hex_id": 646, "tipo_actual": "verde_inundable" }, "geometry": { "type": "Polygon", "coordinates": [ [ [ -86.76681676448321, 21.136444761943434 ], [ -86.767000963510753, 21.136544874570586 ], [ -86.767000651350827, 21.136744592367329 ], [ -86.766816139669402, 21.136844197531683 ], [ -86.766631940400373, 21.136744084704773 ], [ -86.766632253054254, 21.136544366913263 ], [ -86.76681676448321, 21.136444761943434 ] ] ] } },
{ "type": "Feature", "properties": { "hex_id": 647, "tipo_actual": "verde_inundable" }, "geometry": { "type": "Polygon", "coordinates": [ [ [ -86.76681582725702, 21.137043915318735 ], [ -86.767000027020032, 21.137144027946686 ], [ -86.766999714849149, 21.1373437457293 ], [ -86.766815202421284, 21.137443350878716 ], [ -86.766631002416759, 21.137343238051002 ], [ -86.766631315081625, 21.137143520273632 ], [ -86.76681582725702, 21.137043915318735 ] ] ] } },
{ "type": "Feature", "properties": { "hex_id": 648, "tipo_actual": "verde_inundable" }, "geometry": { "type": "Polygon", "coordinates": [ [ [ -86.766814889997931, 21.137643068651649 ], [ -86.766999090496455, 21.137743181280392 ], [ -86.76699877831463, 21.13794289904887 ], [ -86.766814265140283, 21.138042504183357 ], [ -86.766630064400246, 21.137942391354837 ], [ -86.766630377076069, 21.137742673591603 ], [ -86.766814889997931, 21.137643068651649 ] ] ] } },
{ "type": "Feature", "properties": { "hex_id": 649, "tipo_actual": "urbano" }, "geometry": { "type": "Polygon", "coordinates": [ [ [ -86.766813952705974, 21.138242221942157 ], [ -86.766998153940023, 21.138342334571693 ], [ -86.766997841747241, 21.138542052326045 ], [ -86.766813327826384, 21.1386416574456 ], [ -86.766629126350821, 21.13854154461627 ], [ -86.766629439037615, 21.138341826867169 ], [ -86.766813952705974, 21.138242221942157 ] ] ] } },
{ "type": "Feature", "properties": { "hex_id": 657, "tipo_actual": "urbano" }, "geometry": { "type": "Polygon", "coordinates": [ [ [ -86.76665163045466, 21.124161854641461 ], [ -86.766835814284434, 21.124261967451453 ], [ -86.766835502102182, 21.124461685535227 ], [ -86.766651005596586, 21.124561290803761 ], [ -86.766466821525498, 21.124461177794139 ], [ -86.766467134201349, 21.124261459715612 ], [ -86.76665163045466, 21.124161854641461 ] ] ] } },
{ "type": "Feature", "properties": { "hex_id": 658, "tipo_actual": "urbano" }, "geometry": { "type": "Polygon", "coordinates": [ [ [ -86.766650693162049, 21.124761008877851 ], [ -86.766834877726751, 21.124861121688642 ], [ -86.766834565533571, 21.125060839758294 ], [ -86.766650068282033, 21.125160445011893 ], [ -86.766465883476002, 21.12506033200145 ], [ -86.766466196162824, 21.124860613937052 ], [ -86.766650693162049, 21.124761008877851 ] ] ] } },
{ "type": "Feature", "properties": { "hex_id": 659, "tipo_actual": "verde_manglar" }, "geometry": { "type": "Polygon", "coordinates": [ [ [ -86.766649755836553, 21.125360163071853 ], [ -86.766833941136227, 21.125460275883459 ], [ -86.766833628932076, 21.125659993938974 ], [ -86.766649130934596, 21.125759599177645 ], [ -86.766464945393594, 21.125659486166388 ], [ -86.766465258091387, 21.125459768116119 ], [ -86.766649755836553, 21.125360163071853 ] ] ] } },
{ "type": "Feature", "properties": { "hex_id": 660, "tipo_actual": "verde_inundable" }, "geometry": { "type": "Polygon", "coordinates": [ [ [ -86.766648818478146, 21.125959317223479 ], [ -86.766833004512819, 21.126059430035884 ], [ -86.766832692297697, 21.126259148077278 ], [ -86.766648193554275, 21.126358753301012 ], [ -86.766464007278245, 21.126258640288949 ], [ -86.766464319987023, 21.12605892225281 ], [ -86.766648818478146, 21.125959317223479 ] ] ] } },
{ "type": "Feature", "properties": { "hex_id": 661, "tipo_actual": "verde_inundable" }, "geometry": { "type": "Polygon", "coordinates": [ [ [ -86.76664788108684, 21.126558471332725 ], [ -86.766832067856541, 21.12665858414594 ], [ -86.766831755630463, 21.126858302173204 ], [ -86.766647256141027, 21.126957907382003 ], [ -86.766463069129969, 21.126857794369126 ], [ -86.766463381849732, 21.126658076347109 ], [ -86.76664788108684, 21.126558471332725 ] ] ] } },
{ "type": "Feature", "properties": { "hex_id": 662, "tipo_actual": "verde_inundable" }, "geometry": { "type": "Polygon", "coordinates": [ [ [ -86.766646943662636, 21.127157625399583 ], [ -86.766831131167365, 21.127257738213611 ], [ -86.766830818930345, 21.127457456226743 ], [ -86.766646318694882, 21.127557061420621 ], [ -86.766462130948781, 21.127456948406923 ], [ -86.766462443679501, 21.127257230399035 ], [ -86.766646943662636, 21.127157625399583 ] ] ] } },
{ "type": "Feature", "properties": { "hex_id": 663, "tipo_actual": "verde_inundable" }, "geometry": { "type": "Polygon", "coordinates": [ [ [ -86.766646006205519, 21.127756779424072 ], [ -86.766830194445348, 21.127856892238892 ], [ -86.766829882197356, 21.128056610237905 ], [ -86.766645381215838, 21.128156215416844 ], [ -86.766461192734653, 21.128056102402333 ], [ -86.766461505476357, 21.12785638440857 ], [ -86.766646006205519, 21.127756779424072 ] ] ] } },
{ "type": "Feature", "properties": { "hex_id": 664, "tipo_actual": "verde_inundable" }, "geometry": { "type": "Polygon", "coordinates": [ [ [ -86.766645068715519, 21.128355933406162 ], [ -86.766829257690432, 21.1284560462218 ], [ -86.766828945431499, 21.12865576420668 ], [ -86.766644443703896, 21.128755369370687 ], [ -86.766460254487598, 21.128655256355366 ], [ -86.766460567240287, 21.128455538375732 ], [ -86.766645068715519, 21.128355933406162 ] ] ] } },
{ "type": "Feature", "properties": { "hex_id": 665, "tipo_actual": "verde_inundable" }, "geometry": { "type": "Polygon", "coordinates": [ [ [ -86.766644131192606, 21.128955087345883 ], [ -86.766828320902647, 21.129055200162323 ], [ -86.766828008632743, 21.129254918133075 ], [ -86.766643506159056, 21.129354523282146 ], [ -86.766459316207616, 21.129254410266007 ], [ -86.766459628971262, 21.129054692300503 ], [ -86.766644131192606, 21.128955087345883 ] ] ] } },
{ "type": "Feature", "properties": { "hex_id": 666, "tipo_actual": "verde_manglar" }, "geometry": { "type": "Polygon", "coordinates": [ [ [ -86.766643193636796, 21.129554241243209 ], [ -86.766827384081978, 21.129654354060452 ], [ -86.766827071801117, 21.129854072017086 ], [ -86.766642568581304, 21.129953677151217 ], [ -86.766458377894708, 21.129853564134272 ], [ -86.766458690669339, 21.129653846182894 ], [ -86.766643193636796, 21.129554241243209 ] ] ] } },
{ "type": "Feature", "properties": { "hex_id": 675, "tipo_actual": "urbano" }, "geometry": { "type": "Polygon", "coordinates": [ [ [ -86.766634754153728, 21.134946624411683 ], [ -86.76681895121645, 21.135046737236184 ], [ -86.766818638836952, 21.135246455065634 ], [ -86.766634128900805, 21.135346060065348 ], [ -86.766449931596597, 21.135245947041092 ], [ -86.766450244470022, 21.135046229216893 ], [ -86.766634754153728, 21.134946624411683 ] ] ] } },
{ "type": "Feature", "properties": { "hex_id": 676, "tipo_actual": "urbano" }, "geometry": { "type": "Polygon", "coordinates": [ [ [ -86.76663381626885, 21.13554577788511 ], [ -86.766818014066999, 21.135645890710411 ], [ -86.76681770167653, 21.135845608525734 ], [ -86.766633190993986, 21.135945213510503 ], [ -86.766448992954366, 21.135845100485444 ], [ -86.766449305838762, 21.135645382675367 ], [ -86.76663381626885, 21.13554577788511 ] ] ] } },
{ "type": "Feature", "properties": { "hex_id": 677, "tipo_actual": "verde_inundable" }, "geometry": { "type": "Polygon", "coordinates": [ [ [ -86.766632878351061, 21.136144931316135 ], [ -86.766817076884635, 21.136245044142246 ], [ -86.76681676448321, 21.136444761943434 ], [ -86.766632253054254, 21.136544366913263 ], [ -86.766448054279195, 21.136444253887394 ], [ -86.766448367174576, 21.136244536091453 ], [ -86.766632878351061, 21.136144931316135 ] ] ] } },
{ "type": "Feature", "properties": { "hex_id": 678, "tipo_actual": "verde_inundable" }, "geometry": { "type": "Polygon", "coordinates": [ [ [ -86.766631940400373, 21.136744084704773 ], [ -86.766816139669402, 21.136844197531683 ], [ -86.76681582725702, 21.137043915318735 ], [ -86.766631315081625, 21.137143520273632 ], [ -86.766447115571083, 21.137043407246949 ], [ -86.766447428477449, 21.136843689465142 ], [ -86.766631940400373, 21.136744084704773 ] ] ] } },
{ "type": "Feature", "properties": { "hex_id": 679, "tipo_actual": "verde_general" }, "geometry": { "type": "Polygon", "coordinates": [ [ [ -86.766631002416759, 21.137343238051002 ], [ -86.766815202421284, 21.137443350878716 ], [ -86.766814889997931, 21.137643068651649 ], [ -86.766630377076069, 21.137742673591603 ], [ -86.766446176830044, 21.13764256056411 ], [ -86.766446489747366, 21.137442842796435 ], [ -86.766631002416759, 21.137343238051002 ] ] ] } },
{ "type": "Feature", "properties": { "hex_id": 680, "tipo_actual": "urbano" }, "geometry": { "type": "Polygon", "coordinates": [ [ [ -86.766630064400246, 21.137942391354837 ], [ -86.766814265140283, 21.138042504183357 ], [ -86.766813952705974, 21.138242221942157 ], [ -86.766629439037615, 21.138341826867169 ], [ -86.76644523805605, 21.13824171383887 ], [ -86.766445550984372, 21.13804199608532 ], [ -86.766630064400246, 21.137942391354837 ] ] ] } },
{ "type": "Feature", "properties": { "hex_id": 681, "tipo_actual": "urbano" }, "geometry": { "type": "Polygon", "coordinates": [ [ [ -86.766629126350821, 21.13854154461627 ], [ -86.766813327826384, 21.1386416574456 ], [ -86.766813015381118, 21.138841375190264 ], [ -86.766628500966235, 21.138940980100337 ], [ -86.76644429924913, 21.138840867071227 ], [ -86.766444612188423, 21.138641149331814 ], [ -86.766629126350821, 21.13854154461627 ] ] ] } },
{ "type": "Feature", "properties": { "hex_id": 688, "tipo_actual": "urbano" }, "geometry": { "type": "Polygon", "coordinates": [ [ [ -86.766466821525498, 21.124461177794139 ], [ -86.766651005596586, 21.124561290803761 ], [ -86.766650693162049, 21.124761008877851 ], [ -86.766466196162824, 21.124860613937052 ], [ -86.766282011850436, 21.124760500727778 ], [ -86.766282324778572, 21.124560782658946 ], [ -86.766466821525498, 21.124461177794139 ] ] ] } },
{ "type": "Feature", "properties": { "hex_id": 689, "tipo_actual": "verde_inundable" }, "geometry": { "type": "Polygon", "coordinates": [ [ [ -86.766465883476002, 21.12506033200145 ], [ -86.766650068282033, 21.125160445011893 ], [ -86.766649755836553, 21.125360163071853 ], [ -86.766465258091387, 21.125459768116119 ], [ -86.766281073044013, 21.125359654906031 ], [ -86.766281385983163, 21.125159936851318 ], [ -86.766465883476002, 21.12506033200145 ] ] ] } },
{ "type": "Feature", "properties": { "hex_id": 690, "tipo_actual": "verde_inundable" }, "geometry": { "type": "Polygon", "coordinates": [ [ [ -86.766464945393594, 21.125659486166388 ], [ -86.766649130934596, 21.125759599177645 ], [ -86.766648818478146, 21.125959317223479 ], [ -86.766464319987023, 21.12605892225281 ], [ -86.766280134204663, 21.125958809041894 ], [ -86.76628044715477, 21.125759091001314 ], [ -86.766464945393594, 21.125659486166388 ] ] ] } },
{ "type": "Feature", "properties": { "hex_id": 691, "tipo_actual": "verde_inundable" }, "geometry": { "type": "Polygon", "coordinates": [ [ [ -86.766464007278245, 21.126258640288949 ], [ -86.766648193554275, 21.126358753301012 ], [ -86.76664788108684, 21.126558471332725 ], [ -86.766463381849732, 21.126658076347109 ], [ -86.766279195332359, 21.126557963135379 ], [ -86.766279508293451, 21.126358245108928 ], [ -86.766464007278245, 21.126258640288949 ] ] ] } },
{ "type": "Feature", "properties": { "hex_id": 692, "tipo_actual": "verde_inundable" }, "geometry": { "type": "Polygon", "coordinates": [ [ [ -86.766463069129969, 21.126857794369126 ], [ -86.766647256141027, 21.126957907382003 ], [ -86.766646943662636, 21.127157625399583 ], [ -86.766462443679501, 21.127257230399035 ], [ -86.7662782564271, 21.127157117186481 ], [ -86.766278569399176, 21.126957399174152 ], [ -86.766463069129969, 21.126857794369126 ] ] ] } },
{ "type": "Feature", "properties": { "hex_id": 693, "tipo_actual": "verde_inundable" }, "geometry": { "type": "Polygon", "coordinates": [ [ [ -86.766462130948781, 21.127456948406923 ], [ -86.766646318694882, 21.127557061420621 ], [ -86.766646006205519, 21.127756779424072 ], [ -86.766461505476357, 21.12785638440857 ], [ -86.766277317488886, 21.127756271195206 ], [ -86.766277630471947, 21.127556553197007 ], [ -86.766462130948781, 21.127456948406923 ] ] ] } },
{ "type": "Feature", "properties": { "hex_id": 694, "tipo_actual": "verde_inundable" }, "geometry": { "type": "Polygon", "coordinates": [ [ [ -86.766461192734653, 21.128056102402333 ], [ -86.766645381215838, 21.128156215416844 ], [ -86.766645068715519, 21.128355933406162 ], [ -86.766460567240287, 21.128455538375732 ], [ -86.766276378517716, 21.128355425161544 ], [ -86.766276691511763, 21.128155707177473 ], [ -86.766461192734653, 21.128056102402333 ] ] ] } },
{ "type": "Feature", "properties": { "hex_id": 695, "tipo_actual": "verde_general" }, "geometry": { "type": "Polygon", "coordinates": [ [ [ -86.766460254487598, 21.128655256355366 ], [ -86.766644443703896, 21.128755369370687 ], [ -86.766644131192606, 21.128955087345883 ], [ -86.766459628971262, 21.129054692300503 ], [ -86.766275439513592, 21.128954579085498 ], [ -86.766275752518624, 21.12875486111556 ], [ -86.766460254487598, 21.128655256355366 ] ] ] } },
{ "type": "Feature", "properties": { "hex_id": 696, "tipo_actual": "verde_inundable" }, "geometry": { "type": "Polygon", "coordinates": [ [ [ -86.766459316207616, 21.129254410266007 ], [ -86.766643506159056, 21.129354523282146 ], [ -86.766643193636796, 21.129554241243209 ], [ -86.766458690669339, 21.129653846182894 ], [ -86.766274500476513, 21.129553732967068 ], [ -86.766274813492529, 21.129354015011256 ], [ -86.766459316207616, 21.129254410266007 ] ] ] } },
{ "type": "Feature", "properties": { "hex_id": 697, "tipo_actual": "verde_manglar" }, "geometry": { "type": "Polygon", "coordinates": [ [ [ -86.766458377894708, 21.129853564134272 ], [ -86.766642568581304, 21.129953677151217 ], [ -86.766642256048073, 21.130153395098155 ], [ -86.766457752334475, 21.130253000022897 ], [ -86.766273561406479, 21.130152886806254 ], [ -86.766273874433494, 21.129953168864571 ], [ -86.766458377894708, 21.129853564134272 ] ] ] } },
{ "type": "Feature", "properties": { "hex_id": 705, "tipo_actual": "urbano" }, "geometry": { "type": "Polygon", "coordinates": [ [ [ -86.766450870205901, 21.134646793554346 ], [ -86.766635066774697, 21.134746906577789 ], [ -86.766634754153728, 21.134946624411683 ], [ -86.766450244470022, 21.135046229216893 ], [ -86.766266047659755, 21.134946115993699 ], [ -86.766266360774651, 21.13474639816506 ], [ -86.766450870205901, 21.134646793554346 ] ] ] } },
{ "type": "Feature", "properties": { "hex_id": 706, "tipo_actual": "urbano" }, "geometry": { "type": "Polygon", "coordinates": [ [ [ -86.766449931596597, 21.135245947041092 ], [ -86.766634128900805, 21.135346060065348 ], [ -86.76663381626885, 21.13554577788511 ], [ -86.766449305838762, 21.135645382675367 ], [ -86.766265108293084, 21.135545269451367 ], [ -86.766265421418964, 21.135345551636856 ], [ -86.766449931596597, 21.135245947041092 ] ] ] } },
{ "type": "Feature", "properties": { "hex_id": 707, "tipo_actual": "verde_inundable" }, "geometry": { "type": "Polygon", "coordinates": [ [ [ -86.766448992954366, 21.135845100485444 ], [ -86.766633190993986, 21.135945213510503 ], [ -86.766632878351061, 21.136144931316135 ], [ -86.766448367174576, 21.136244536091453 ], [ -86.766264168893471, 21.136144422866629 ], [ -86.766264482030337, 21.135944705066255 ], [ -86.766448992954366, 21.135845100485444 ] ] ] } },
{ "type": "Feature", "properties": { "hex_id": 708, "tipo_actual": "verde_inundable" }, "geometry": { "type": "Polygon", "coordinates": [ [ [ -86.766448054279195, 21.136444253887394 ], [ -86.766632253054254, 21.136544366913263 ], [ -86.766631940400373, 21.136744084704773 ], [ -86.766447428477449, 21.136843689465142 ], [ -86.766263229460876, 21.136743576239507 ], [ -86.766263542608741, 21.136543858453255 ], [ -86.766448054279195, 21.136444253887394 ] ] ] } },
{ "type": "Feature", "properties": { "hex_id": 709, "tipo_actual": "verde_inundable" }, "geometry": { "type": "Polygon", "coordinates": [ [ [ -86.766447115571083, 21.137043407246949 ], [ -86.766631315081625, 21.137143520273632 ], [ -86.766631002416759, 21.137343238051002 ], [ -86.766446489747366, 21.137442842796435 ], [ -86.766262289995339, 21.137342729569976 ], [ -86.766262603154175, 21.137143011797864 ], [ -86.766447115571083, 21.137043407246949 ] ] ] } },
{ "type": "Feature", "properties": { "hex_id": 710, "tipo_actual": "urbano" }, "geometry": { "type": "Polygon", "coordinates": [ [ [ -86.766446176830044, 21.13764256056411 ], [ -86.766630377076069, 21.137742673591603 ], [ -86.766630064400246, 21.137942391354837 ], [ -86.766445550984372, 21.13804199608532 ], [ -86.766261350496833, 21.137941882858051 ], [ -86.766261663666654, 21.137742165100068 ], [ -86.766446176830044, 21.13764256056411 ] ] ] } },
{ "type": "Feature", "properties": { "hex_id": 711, "tipo_actual": "urbano" }, "geometry": { "type": "Polygon", "coordinates": [ [ [ -86.76644523805605, 21.13824171383887 ], [ -86.766629439037615, 21.138341826867169 ], [ -86.766629126350821, 21.13854154461627 ], [ -86.766444612188423, 21.138641149331814 ], [ -86.766260410965359, 21.138541036103724 ], [ -86.766260724146179, 21.138341318359874 ], [ -86.76644523805605, 21.13824171383887 ] ] ] } },
{ "type": "Feature", "properties": { "hex_id": 719, "tipo_actual": "urbano" }, "geometry": { "type": "Polygon", "coordinates": [ [ [ -86.766282950623875, 21.124161346507158 ], [ -86.766467134201349, 21.124261459715612 ], [ -86.766466821525498, 21.124461177794139 ], [ -86.766282324778572, 21.124560782658946 ], [ -86.766098140959798, 21.124460669250851 ], [ -86.766098454129249, 21.124260951177575 ], [ -86.766282950623875, 21.124161346507158 ] ] ] } },
{ "type": "Feature", "properties": { "hex_id": 720, "tipo_actual": "urbano" }, "geometry": { "type": "Polygon", "coordinates": [ [ [ -86.766282011850436, 21.124760500727778 ], [ -86.766466196162824, 21.124860613937052 ], [ -86.766465883476002, 21.12506033200145 ], [ -86.766281385983163, 21.125159936851318 ], [ -86.766097201429417, 21.125059823442399 ], [ -86.766097514609882, 21.124860105383256 ], [ -86.766282011850436, 21.124760500727778 ] ] ] } },
{ "type": "Feature", "properties": { "hex_id": 721, "tipo_actual": "verde_inundable" }, "geometry": { "type": "Polygon", "coordinates": [ [ [ -86.766281073044013, 21.125359654906031 ], [ -86.766465258091387, 21.125459768116119 ], [ -86.766464945393594, 21.125659486166388 ], [ -86.76628044715477, 21.125759091001314 ], [ -86.766096261866082, 21.125658977591559 ], [ -86.766096575057517, 21.125459259546549 ], [ -86.766281073044013, 21.125359654906031 ] ] ] } },
{ "type": "Feature", "properties": { "hex_id": 722, "tipo_actual": "verde_inundable" }, "geometry": { "type": "Polygon", "coordinates": [ [ [ -86.766280134204663, 21.125958809041894 ], [ -86.766464319987023, 21.12605892225281 ], [ -86.766464007278245, 21.126258640288949 ], [ -86.766279508293451, 21.126358245108928 ], [ -86.766095322269749, 21.126258131698346 ], [ -86.766095635472198, 21.126058413667462 ], [ -86.766280134204663, 21.125958809041894 ] ] ] } },
{ "type": "Feature", "properties": { "hex_id": 723, "tipo_actual": "verde_inundable" }, "geometry": { "type": "Polygon", "coordinates": [ [ [ -86.766279195332359, 21.126557963135379 ], [ -86.766463381849732, 21.126658076347109 ], [ -86.766463069129969, 21.126857794369126 ], [ -86.766278569399176, 21.126957399174152 ], [ -86.76609438264046, 21.126857285762757 ], [ -86.766094695853894, 21.126657567745994 ], [ -86.766279195332359, 21.126557963135379 ] ] ] } },
{ "type": "Feature", "properties": { "hex_id": 724, "tipo_actual": "verde_inundable" }, "geometry": { "type": "Polygon", "coordinates": [ [ [ -86.7662782564271, 21.127157117186481 ], [ -86.766462443679501, 21.127257230399035 ], [ -86.766462130948781, 21.127456948406923 ], [ -86.766277630471947, 21.127556553197007 ], [ -86.766093442978189, 21.127456439784776 ], [ -86.766093756202608, 21.127256721782153 ], [ -86.7662782564271, 21.127157117186481 ] ] ] } },
{ "type": "Feature", "properties": { "hex_id": 725, "tipo_actual": "verde_inundable" }, "geometry": { "type": "Polygon", "coordinates": [ [ [ -86.766277317488886, 21.127756271195206 ], [ -86.766461505476357, 21.12785638440857 ], [ -86.766461192734653, 21.128056102402333 ], [ -86.766276691511763, 21.128155707177473 ], [ -86.76609250328292, 21.128055593764419 ], [ -86.766092816518352, 21.127855875775918 ], [ -86.766277317488886, 21.127756271195206 ] ] ] } },
{ "type": "Feature", "properties": { "hex_id": 726, "tipo_actual": "verde_inundable" }, "geometry": { "type": "Polygon", "coordinates": [ [ [ -86.766276378517716, 21.128355425161544 ], [ -86.766460567240287, 21.128455538375732 ], [ -86.766460254487598, 21.128655256355366 ], [ -86.766275752518624, 21.12875486111556 ], [ -86.766091563554681, 21.128654747701674 ], [ -86.766091876801099, 21.128455029727309 ], [ -86.766276378517716, 21.128355425161544 ] ] ] } },
{ "type": "Feature", "properties": { "hex_id": 727, "tipo_actual": "verde_inundable" }, "geometry": { "type": "Polygon", "coordinates": [ [ [ -86.766275439513592, 21.128954579085498 ], [ -86.766459628971262, 21.129054692300503 ], [ -86.766459316207616, 21.129254410266007 ], [ -86.766274813492529, 21.129354015011256 ], [ -86.766090623793474, 21.129253901596552 ], [ -86.766090937050876, 21.12905418363631 ], [ -86.766275439513592, 21.128954579085498 ] ] ] } },
{ "type": "Feature", "properties": { "hex_id": 728, "tipo_actual": "verde_inundable" }, "geometry": { "type": "Polygon", "coordinates": [ [ [ -86.766274500476513, 21.129553732967068 ], [ -86.766458690669339, 21.129653846182894 ], [ -86.766458377894708, 21.129853564134272 ], [ -86.766273874433494, 21.129953168864571 ], [ -86.766089683999269, 21.129853055449043 ], [ -86.76608999726767, 21.129653337502919 ], [ -86.766274500476513, 21.129553732967068 ] ] ] } },
{ "type": "Feature", "properties": { "hex_id": 729, "tipo_actual": "verde_inundable" }, "geometry": { "type": "Polygon", "coordinates": [ [ [ -86.766273561406479, 21.130152886806254 ], [ -86.766457752334475, 21.130253000022897 ], [ -86.766457439548873, 21.13045271796015 ], [ -86.766272935341476, 21.130552322675502 ], [ -86.76608874417208, 21.13045220925914 ], [ -86.766089057451481, 21.130252491327152 ], [ -86.766273561406479, 21.130152886806254 ] ] ] } },
{ "type": "Feature", "properties": { "hex_id": 737, "tipo_actual": "urbano" }, "geometry": { "type": "Polygon", "coordinates": [ [ [ -86.766266047659755, 21.134946115993699 ], [ -86.766450244470022, 21.135046229216893 ], [ -86.766449931596597, 21.135245947041092 ], [ -86.766265421418964, 21.135345551636856 ], [ -86.766081224367227, 21.135245438213907 ], [ -86.766081537734564, 21.135045720394967 ], [ -86.766266047659755, 21.134946115993699 ] ] ] } },
{ "type": "Feature", "properties": { "hex_id": 738, "tipo_actual": "verde_general" }, "geometry": { "type": "Polygon", "coordinates": [ [ [ -86.766265108293084, 21.135545269451367 ], [ -86.766449305838762, 21.135645382675367 ], [ -86.766448992954366, 21.135845100485444 ], [ -86.766264482030337, 21.135944705066255 ], [ -86.766080284243174, 21.135844591642488 ], [ -86.766080597621524, 21.13564487383767 ], [ -86.766265108293084, 21.135545269451367 ] ] ] } },
{ "type": "Feature", "properties": { "hex_id": 739, "tipo_actual": "verde_inundable" }, "geometry": { "type": "Polygon", "coordinates": [ [ [ -86.766264168893471, 21.136144422866629 ], [ -86.766448367174576, 21.136244536091453 ], [ -86.766448054279195, 21.136444253887394 ], [ -86.766263542608741, 21.136543858453255 ], [ -86.766079344086151, 21.136443745028664 ], [ -86.766079657475487, 21.136244027237982 ], [ -86.766264168893471, 21.136144422866629 ] ] ] } },
{ "type": "Feature", "properties": { "hex_id": 740, "tipo_actual": "verde_inundable" }, "geometry": { "type": "Polygon", "coordinates": [ [ [ -86.766263229460876, 21.136743576239507 ], [ -86.766447428477449, 21.136843689465142 ], [ -86.766447115571083, 21.137043407246949 ], [ -86.766262603154175, 21.137143011797864 ], [ -86.766078403896131, 21.137042898372442 ], [ -86.766078717296466, 21.136843180595896 ], [ -86.766263229460876, 21.136743576239507 ] ] ] } },
{ "type": "Feature", "properties": { "hex_id": 741, "tipo_actual": "verde_inundable" }, "geometry": { "type": "Polygon", "coordinates": [ [ [ -86.766262289995339, 21.137342729569976 ], [ -86.766446489747366, 21.137442842796435 ], [ -86.766446176830044, 21.13764256056411 ], [ -86.766261663666654, 21.137742165100068 ], [ -86.766077463673113, 21.137642051673833 ], [ -86.766077777084448, 21.137442333911412 ], [ -86.766262289995339, 21.137342729569976 ] ] ] } },
{ "type": "Feature", "properties": { "hex_id": 742, "tipo_actual": "urbano" }, "geometry": { "type": "Polygon", "coordinates": [ [ [ -86.766261350496833, 21.137941882858051 ], [ -86.766445550984372, 21.13804199608532 ], [ -86.76644523805605, 21.13824171383887 ], [ -86.766260724146179, 21.138341318359874 ], [ -86.766076523417112, 21.138241204932815 ], [ -86.766076836839446, 21.138041487184534 ], [ -86.766261350496833, 21.137941882858051 ] ] ] } },
{ "type": "Feature", "properties": { "hex_id": 751, "tipo_actual": "verde_inundable" }, "geometry": { "type": "Polygon", "coordinates": [ [ [ -86.766097201429417, 21.125059823442399 ], [ -86.766281385983163, 21.125159936851318 ], [ -86.766281073044013, 21.125359654906031 ], [ -86.766096575057517, 21.125459259546549 ], [ -86.765912390262471, 21.125359145937978 ], [ -86.76591270369525, 21.125159427888523 ], [ -86.766097201429417, 21.125059823442399 ] ] ] } },
{ "type": "Feature", "properties": { "hex_id": 752, "tipo_actual": "verde_general" }, "geometry": { "type": "Polygon", "coordinates": [ [ [ -86.766096261866082, 21.125658977591559 ], [ -86.76628044715477, 21.125759091001314 ], [ -86.766280134204663, 21.125958809041894 ], [ -86.766095635472198, 21.126058413667462 ], [ -86.765911449942166, 21.125958300058052 ], [ -86.76591176338593, 21.125758582022733 ], [ -86.766096261866082, 21.125658977591559 ] ] ] } },
{ "type": "Feature", "properties": { "hex_id": 753, "tipo_actual": "verde_inundable" }, "geometry": { "type": "Polygon", "coordinates": [ [ [ -86.766095322269749, 21.126258131698346 ], [ -86.766279508293451, 21.126358245108928 ], [ -86.766279195332359, 21.126557963135379 ], [ -86.766094695853894, 21.126657567745994 ], [ -86.765910509588863, 21.126557454135757 ], [ -86.765910823043626, 21.126357736114564 ], [ -86.766095322269749, 21.126258131698346 ] ] ] } },
{ "type": "Feature", "properties": { "hex_id": 754, "tipo_actual": "verde_inundable" }, "geometry": { "type": "Polygon", "coordinates": [ [ [ -86.76609438264046, 21.126857285762757 ], [ -86.766278569399176, 21.126957399174152 ], [ -86.7662782564271, 21.127157117186481 ], [ -86.766093756202608, 21.127256721782153 ], [ -86.765909569202535, 21.127156608171077 ], [ -86.765909882668311, 21.12695689016401 ], [ -86.76609438264046, 21.126857285762757 ] ] ] } },
{ "type": "Feature", "properties": { "hex_id": 755, "tipo_actual": "verde_inundable" }, "geometry": { "type": "Polygon", "coordinates": [ [ [ -86.766093442978189, 21.127456439784776 ], [ -86.766277630471947, 21.127556553197007 ], [ -86.766277317488886, 21.127756271195206 ], [ -86.766092816518352, 21.127855875775918 ], [ -86.765908628783222, 21.127755762164014 ], [ -86.765908942259998, 21.127556044171076 ], [ -86.766093442978189, 21.127456439784776 ] ] ] } },
{ "type": "Feature", "properties": { "hex_id": 756, "tipo_actual": "verde_inundable" }, "geometry": { "type": "Polygon", "coordinates": [ [ [ -86.76609250328292, 21.128055593764419 ], [ -86.766276691511763, 21.128155707177473 ], [ -86.766276378517716, 21.128355425161544 ], [ -86.766091876801099, 21.128455029727309 ], [ -86.765907688330898, 21.128354916114571 ], [ -86.765908001818673, 21.128155198135758 ], [ -86.76609250328292, 21.128055593764419 ] ] ] } },
{ "type": "Feature", "properties": { "hex_id": 757, "tipo_actual": "verde_inundable" }, "geometry": { "type": "Polygon", "coordinates": [ [ [ -86.766091563554681, 21.128654747701674 ], [ -86.766275752518624, 21.12875486111556 ], [ -86.766275439513592, 21.128954579085498 ], [ -86.766090937050876, 21.12905418363631 ], [ -86.765906747845563, 21.128954070022736 ], [ -86.765907061344336, 21.12875435205806 ], [ -86.766091563554681, 21.128654747701674 ] ] ] } },
{ "type": "Feature", "properties": { "hex_id": 758, "tipo_actual": "verde_inundable" }, "geometry": { "type": "Polygon", "coordinates": [ [ [ -86.766090623793474, 21.129253901596552 ], [ -86.766274813492529, 21.129354015011256 ], [ -86.766274500476513, 21.129553732967068 ], [ -86.76608999726767, 21.129653337502919 ], [ -86.765905807327215, 21.129553223888525 ], [ -86.765906120837002, 21.129353505937971 ], [ -86.766090623793474, 21.129253901596552 ] ] ] } },
{ "type": "Feature", "properties": { "hex_id": 759, "tipo_actual": "verde_manglar" }, "geometry": { "type": "Polygon", "coordinates": [ [ [ -86.766089683999269, 21.129853055449043 ], [ -86.766273874433494, 21.129953168864571 ], [ -86.766273561406479, 21.130152886806254 ], [ -86.766089057451481, 21.130252491327152 ], [ -86.765904866775884, 21.130152377711919 ], [ -86.765905180296656, 21.129952659775505 ], [ -86.766089683999269, 21.129853055449043 ] ] ] } },
{ "type": "Feature", "properties": { "hex_id": 767, "tipo_actual": "urbano" }, "geometry": { "type": "Polygon", "coordinates": [ [ [ -86.766082164458282, 21.134646284742935 ], [ -86.766266360774651, 21.13474639816506 ], [ -86.766266047659755, 21.134946115993699 ], [ -86.766081537734564, 21.135045720394967 ], [ -86.765897341176753, 21.134945606773091 ], [ -86.765897654785562, 21.134745888949713 ], [ -86.766082164458282, 21.134646284742935 ] ] ] } },
{ "type": "Feature", "properties": { "hex_id": 768, "tipo_actual": "urbano" }, "geometry": { "type": "Polygon", "coordinates": [ [ [ -86.766081224367227, 21.135245438213907 ], [ -86.766265421418964, 21.135345551636856 ], [ -86.766265108293084, 21.135545269451367 ], [ -86.766080597621524, 21.13564487383767 ], [ -86.765896400328302, 21.13554476021497 ], [ -86.765896713948123, 21.135345042405724 ], [ -86.766081224367227, 21.135245438213907 ] ] ] } },
{ "type": "Feature", "properties": { "hex_id": 769, "tipo_actual": "verde_inundable" }, "geometry": { "type": "Polygon", "coordinates": [ [ [ -86.766080284243174, 21.135844591642488 ], [ -86.766264482030337, 21.135944705066255 ], [ -86.766264168893471, 21.136144422866629 ], [ -86.766079657475487, 21.136244027237982 ], [ -86.765895459446853, 21.13614391361445 ], [ -86.765895773077673, 21.135944195819338 ], [ -86.766080284243174, 21.135844591642488 ] ] ] } },
{ "type": "Feature", "properties": { "hex_id": 770, "tipo_actual": "verde_inundable" }, "geometry": { "type": "Polygon", "coordinates": [ [ [ -86.766079344086151, 21.136443745028664 ], [ -86.766263542608741, 21.136543858453255 ], [ -86.766263229460876, 21.136743576239507 ], [ -86.766078717296466, 21.136843180595896 ], [ -86.765894518532392, 21.136743066971533 ], [ -86.765894832174212, 21.136543349190553 ], [ -86.766079344086151, 21.136443745028664 ] ] ] } },
{ "type": "Feature", "properties": { "hex_id": 771, "tipo_actual": "verde_inundable" }, "geometry": { "type": "Polygon", "coordinates": [ [ [ -86.766078403896131, 21.137042898372442 ], [ -86.766262603154175, 21.137143011797864 ], [ -86.766262289995339, 21.137342729569976 ], [ -86.766077777084448, 21.137442333911412 ], [ -86.765893577584905, 21.137342220286222 ], [ -86.765893891237738, 21.137142502519367 ], [ -86.766078403896131, 21.137042898372442 ] ] ] } },
{ "type": "Feature", "properties": { "hex_id": 772, "tipo_actual": "urbano" }, "geometry": { "type": "Polygon", "coordinates": [ [ [ -86.766077463673113, 21.137642051673833 ], [ -86.766261663666654, 21.137742165100068 ], [ -86.766261350496833, 21.137941882858051 ], [ -86.766076836839446, 21.138041487184534 ], [ -86.765892636604406, 21.137941373558508 ], [ -86.765892950268238, 21.137741655805794 ], [ -86.766077463673113, 21.137642051673833 ] ] ] } },
{ "type": "Feature", "properties": { "hex_id": 773, "tipo_actual": "urbano" }, "geometry": { "type": "Polygon", "coordinates": [ [ [ -86.766076523417112, 21.138241204932815 ], [ -86.766260724146179, 21.138341318359874 ], [ -86.766260410965359, 21.138541036103724 ], [ -86.76607589656146, 21.138640640415247 ], [ -86.765891695590881, 21.1385405267884 ], [ -86.765892009265713, 21.138340809049815 ], [ -86.766076523417112, 21.138241204932815 ] ] ] } },
{ "type": "Feature", "properties": { "hex_id": 783, "tipo_actual": "verde_inundable" }, "geometry": { "type": "Polygon", "coordinates": [ [ [ -86.765912390262471, 21.125359145937978 ], [ -86.766096575057517, 21.125459259546549 ], [ -86.766096261866082, 21.125658977591559 ], [ -86.76591176338593, 21.125758582022733 ], [ -86.765727578349569, 21.125658468214496 ], [ -86.765727892034661, 21.125458750174751 ], [ -86.765912390262471, 21.125359145937978 ] ] ] } },
{ "type": "Feature", "properties": { "hex_id": 784, "tipo_actual": "verde_general" }, "geometry": { "type": "Polygon", "coordinates": [ [ [ -86.765911449942166, 21.125958300058052 ], [ -86.766095635472198, 21.126058413667462 ], [ -86.766095322269749, 21.126258131698346 ], [ -86.765910823043626, 21.126357736114564 ], [ -86.765726637272266, 21.126257622305484 ], [ -86.765726950968372, 21.126057904279861 ], [ -86.765911449942166, 21.125958300058052 ] ] ] } },
{ "type": "Feature", "properties": { "hex_id": 785, "tipo_actual": "urbano" }, "geometry": { "type": "Polygon", "coordinates": [ [ [ -86.765910509588863, 21.126557454135757 ], [ -86.766094695853894, 21.126657567745994 ], [ -86.76609438264046, 21.126857285762757 ], [ -86.765909882668311, 21.12695689016401 ], [ -86.765725696161937, 21.126856776354096 ], [ -86.765726009869056, 21.126657058342605 ], [ -86.765910509588863, 21.126557454135757 ] ] ] } },
{ "type": "Feature", "properties": { "hex_id": 786, "tipo_actual": "urbano" }, "geometry": { "type": "Polygon", "coordinates": [ [ [ -86.765909569202535, 21.127156608171077 ], [ -86.766093756202608, 21.127256721782153 ], [ -86.766093442978189, 21.127456439784776 ], [ -86.765908942259998, 21.127556044171076 ], [ -86.765724755018582, 21.127455930360323 ], [ -86.7657250687367, 21.127256212362958 ], [ -86.765909569202535, 21.127156608171077 ] ] ] } },
{ "type": "Feature", "properties": { "hex_id": 787, "tipo_actual": "verde_inundable" }, "geometry": { "type": "Polygon", "coordinates": [ [ [ -86.765908628783222, 21.127755762164014 ], [ -86.766092816518352, 21.127855875775918 ], [ -86.76609250328292, 21.128055593764419 ], [ -86.765908001818673, 21.128155198135758 ], [ -86.7657238138422, 21.128055084324167 ], [ -86.765724127571318, 21.127855366340928 ], [ -86.765908628783222, 21.127755762164014 ] ] ] } },
{ "type": "Feature", "properties": { "hex_id": 788, "tipo_actual": "verde_inundable" }, "geometry": { "type": "Polygon", "coordinates": [ [ [ -86.765907688330898, 21.128354916114571 ], [ -86.766091876801099, 21.128455029727309 ], [ -86.766091563554681, 21.128654747701674 ], [ -86.765907061344336, 21.12875435205806 ], [ -86.765722872632779, 21.128654238245627 ], [ -86.765723186372909, 21.128454520276517 ], [ -86.765907688330898, 21.128354916114571 ] ] ] } },
{ "type": "Feature", "properties": { "hex_id": 789, "tipo_actual": "verde_inundable" }, "geometry": { "type": "Polygon", "coordinates": [ [ [ -86.765906747845563, 21.128954070022736 ], [ -86.766090937050876, 21.12905418363631 ], [ -86.766090623793474, 21.129253901596552 ], [ -86.765906120837002, 21.129353505937971 ], [ -86.765721931390317, 21.129253392124703 ], [ -86.765722245141475, 21.129053674169725 ], [ -86.765906747845563, 21.128954070022736 ] ] ] } },
{ "type": "Feature", "properties": { "hex_id": 790, "tipo_actual": "verde_inundable" }, "geometry": { "type": "Polygon", "coordinates": [ [ [ -86.765905807327215, 21.129553223888525 ], [ -86.76608999726767, 21.129653337502919 ], [ -86.766089683999269, 21.129853055449043 ], [ -86.765905180296656, 21.129952659775505 ], [ -86.765720990114815, 21.129852545961398 ], [ -86.765721303877001, 21.129652828020543 ], [ -86.765905807327215, 21.129553223888525 ] ] ] } },
{ "type": "Feature", "properties": { "hex_id": 791, "tipo_actual": "verde_manglar" }, "geometry": { "type": "Polygon", "coordinates": [ [ [ -86.765904866775884, 21.130152377711919 ], [ -86.766089057451481, 21.130252491327152 ], [ -86.76608874417208, 21.13045220925914 ], [ -86.765904239723298, 21.130551813570641 ], [ -86.765720048806301, 21.130451699755707 ], [ -86.765720362579486, 21.130251981828977 ], [ -86.765904866775884, 21.130152377711919 ] ] ] } },
{ "type": "Feature", "properties": { "hex_id": 792, "tipo_actual": "verde_manglar" }, "geometry": { "type": "Polygon", "coordinates": [ [ [ -86.765903926191527, 21.130751531492933 ], [ -86.766088117602308, 21.130851645108997 ], [ -86.766087804311937, 21.131051363026856 ], [ -86.765903299116943, 21.131150967323393 ], [ -86.765719107464747, 21.131050853507613 ], [ -86.765719421248932, 21.130851135595027 ], [ -86.765903926191527, 21.130751531492933 ] ] ] } },
{ "type": "Feature", "properties": { "hex_id": 794, "tipo_actual": "verde_manglar" }, "geometry": { "type": "Polygon", "coordinates": [ [ [ -86.765902044923791, 21.131949838927788 ], [ -86.766086237805027, 21.132049952545515 ], [ -86.766085924492643, 21.132249670435115 ], [ -86.765901417805196, 21.132349274701731 ], [ -86.765717224682533, 21.132249160884282 ], [ -86.765717538488744, 21.132049442999946 ], [ -86.765902044923791, 21.131949838927788 ] ] ] } },
{ "type": "Feature", "properties": { "hex_id": 795, "tipo_actual": "verde_manglar" }, "geometry": { "type": "Polygon", "coordinates": [ [ [ -86.765901104240399, 21.132548992581636 ], [ -86.766085297856904, 21.132649106200194 ], [ -86.766084984533535, 21.132848824075658 ], [ -86.765900477099805, 21.132948428327317 ], [ -86.765716283241872, 21.132848314509026 ], [ -86.765716597059097, 21.132648596638827 ], [ -86.765901104240399, 21.132548992581636 ] ] ] } },
{ "type": "Feature", "properties": { "hex_id": 799, "tipo_actual": "urbano" }, "geometry": { "type": "Polygon", "coordinates": [ [ [ -86.765897341176753, 21.134945606773091 ], [ -86.766081537734564, 21.135045720394967 ], [ -86.766081224367227, 21.135245438213907 ], [ -86.765896713948123, 21.135345042405724 ], [ -86.765712517148842, 21.135244928584083 ], [ -86.76571283101012, 21.135045210770414 ], [ -86.765897341176753, 21.134945606773091 ] ] ] } },
{ "type": "Feature", "properties": { "hex_id": 800, "tipo_actual": "verde_inundable" }, "geometry": { "type": "Polygon", "coordinates": [ [ [ -86.765896400328302, 21.13554476021497 ], [ -86.766080597621524, 21.13564487383767 ], [ -86.766080284243174, 21.135844591642488 ], [ -86.765895773077673, 21.135944195819338 ], [ -86.765711575542994, 21.135844081996861 ], [ -86.765711889415286, 21.135644364197319 ], [ -86.765896400328302, 21.13554476021497 ] ] ] } },
{ "type": "Feature", "properties": { "hex_id": 801, "tipo_actual": "verde_inundable" }, "geometry": { "type": "Polygon", "coordinates": [ [ [ -86.765895459446853, 21.13614391361445 ], [ -86.766079657475487, 21.136244027237982 ], [ -86.766079344086151, 21.136443745028664 ], [ -86.765894832174212, 21.136543349190553 ], [ -86.765710633904092, 21.136443235367246 ], [ -86.765710947787397, 21.136243517581828 ], [ -86.765895459446853, 21.13614391361445 ] ] ] } },
{ "type": "Feature", "properties": { "hex_id": 802, "tipo_actual": "verde_inundable" }, "geometry": { "type": "Polygon", "coordinates": [ [ [ -86.765894518532392, 21.136743066971533 ], [ -86.766078717296466, 21.136843180595896 ], [ -86.766078403896131, 21.137042898372442 ], [ -86.765893891237738, 21.137142502519367 ], [ -86.765709692232164, 21.137042388695225 ], [ -86.765710006126483, 21.136842670923947 ], [ -86.765894518532392, 21.136743066971533 ] ] ] } },
{ "type": "Feature", "properties": { "hex_id": 803, "tipo_actual": "verde_inundable" }, "geometry": { "type": "Polygon", "coordinates": [ [ [ -86.765893577584905, 21.137342220286222 ], [ -86.766077777084448, 21.137442333911412 ], [ -86.766077463673113, 21.137642051673833 ], [ -86.765892950268238, 21.137741655805794 ], [ -86.765708750527196, 21.13764154198082 ], [ -86.765709064432514, 21.137441824223664 ], [ -86.765893577584905, 21.137342220286222 ] ] ] } },
{ "type": "Feature", "properties": { "hex_id": 804, "tipo_actual": "urbano" }, "geometry": { "type": "Polygon", "coordinates": [ [ [ -86.765892636604406, 21.137941373558508 ], [ -86.766076836839446, 21.138041487184534 ], [ -86.766076523417112, 21.138241204932815 ], [ -86.765892009265713, 21.138340809049815 ], [ -86.765707808789173, 21.138240695224006 ], [ -86.765708122705519, 21.13804097748098 ], [ -86.765892636604406, 21.137941373558508 ] ] ] } },
{ "type": "Feature", "properties": { "hex_id": 814, "tipo_actual": "verde_inundable" }, "geometry": { "type": "Polygon", "coordinates": [ [ [ -86.765727578349569, 21.125658468214496 ], [ -86.76591176338593, 21.125758582022733 ], [ -86.765911449942166, 21.125958300058052 ], [ -86.765726950968372, 21.126057904279861 ], [ -86.765542765690668, 21.125957790271961 ], [ -86.765543079628088, 21.125758072241908 ], [ -86.765727578349569, 21.125658468214496 ] ] ] } },
{ "type": "Feature", "properties": { "hex_id": 815, "tipo_actual": "urbano" }, "geometry": { "type": "Polygon", "coordinates": [ [ [ -86.765726637272266, 21.126257622305484 ], [ -86.765910823043626, 21.126357736114564 ], [ -86.765910509588863, 21.126557454135757 ], [ -86.765726009869056, 21.126657058342605 ], [ -86.765541823856353, 21.126556944333853 ], [ -86.7655421378048, 21.126357226317928 ], [ -86.765726637272266, 21.126257622305484 ] ] ] } },
{ "type": "Feature", "properties": { "hex_id": 816, "tipo_actual": "urbano" }, "geometry": { "type": "Polygon", "coordinates": [ [ [ -86.765725696161937, 21.126856776354096 ], [ -86.765909882668311, 21.12695689016401 ], [ -86.765909569202535, 21.127156608171077 ], [ -86.7657250687367, 21.127256212362958 ], [ -86.765540881988997, 21.12715609835336 ], [ -86.765541195948458, 21.126956380351569 ], [ -86.765725696161937, 21.126856776354096 ] ] ] } },
{ "type": "Feature", "properties": { "hex_id": 817, "tipo_actual": "urbano" }, "geometry": { "type": "Polygon", "coordinates": [ [ [ -86.765724755018582, 21.127455930360323 ], [ -86.765908942259998, 21.127556044171076 ], [ -86.765908628783222, 21.127755762164014 ], [ -86.765724127571318, 21.127855366340928 ], [ -86.765539940088559, 21.127755252330495 ], [ -86.765540254059033, 21.127555534342832 ], [ -86.765724755018582, 21.127455930360323 ] ] ] } },
{ "type": "Feature", "properties": { "hex_id": 818, "tipo_actual": "verde_inundable" }, "geometry": { "type": "Polygon", "coordinates": [ [ [ -86.7657238138422, 21.128055084324167 ], [ -86.765908001818673, 21.128155198135758 ], [ -86.765907688330898, 21.128354916114571 ], [ -86.765723186372909, 21.128454520276517 ], [ -86.76553899815508, 21.128354406265238 ], [ -86.765539312136568, 21.128154688291705 ], [ -86.7657238138422, 21.128055084324167 ] ] ] } },
{ "type": "Feature", "properties": { "hex_id": 819, "tipo_actual": "verde_inundable" }, "geometry": { "type": "Polygon", "coordinates": [ [ [ -86.765722872632779, 21.128654238245627 ], [ -86.765907061344336, 21.12875435205806 ], [ -86.765906747845563, 21.128954070022736 ], [ -86.765722245141475, 21.129053674169725 ], [ -86.765538056188532, 21.128953560157601 ], [ -86.765538370181062, 21.12875384219819 ], [ -86.765722872632779, 21.128654238245627 ] ] ] } },
{ "type": "Feature", "properties": { "hex_id": 820, "tipo_actual": "verde_inundable" }, "geometry": { "type": "Polygon", "coordinates": [ [ [ -86.765721931390317, 21.129253392124703 ], [ -86.765906120837002, 21.129353505937971 ], [ -86.765905807327215, 21.129553223888525 ], [ -86.765721303877001, 21.129652828020543 ], [ -86.76553711418893, 21.129552714007577 ], [ -86.765537428192474, 21.129352996062295 ], [ -86.765721931390317, 21.129253392124703 ] ] ] } },
{ "type": "Feature", "properties": { "hex_id": 821, "tipo_actual": "verde_inundable" }, "geometry": { "type": "Polygon", "coordinates": [ [ [ -86.765720990114815, 21.129852545961398 ], [ -86.765905180296656, 21.129952659775505 ], [ -86.765904866775884, 21.130152377711919 ], [ -86.765720362579486, 21.130251981828977 ], [ -86.765536172156274, 21.130151867815165 ], [ -86.765536486170831, 21.129952149884012 ], [ -86.765720990114815, 21.129852545961398 ] ] ] } },
{ "type": "Feature", "properties": { "hex_id": 822, "tipo_actual": "verde_manglar" }, "geometry": { "type": "Polygon", "coordinates": [ [ [ -86.765720048806301, 21.130451699755707 ], [ -86.765904239723298, 21.130551813570641 ], [ -86.765903926191527, 21.130751531492933 ], [ -86.765719421248932, 21.130851135595027 ], [ -86.765535230090549, 21.130751021580366 ], [ -86.765535544116133, 21.130551303663349 ], [ -86.765720048806301, 21.130451699755707 ] ] ] } },
{ "type": "Feature", "properties": { "hex_id": 823, "tipo_actual": "verde_manglar" }, "geometry": { "type": "Polygon", "coordinates": [ [ [ -86.765719107464747, 21.131050853507613 ], [ -86.765903299116943, 21.131150967323393 ], [ -86.765902985574158, 21.13135068523156 ], [ -86.765718479885365, 21.131450289318678 ], [ -86.76553428799177, 21.131350175303179 ], [ -86.765534602028367, 21.131150457400285 ], [ -86.765719107464747, 21.131050853507613 ] ] ] } },
{ "type": "Feature", "properties": { "hex_id": 824, "tipo_actual": "verde_manglar" }, "geometry": { "type": "Polygon", "coordinates": [ [ [ -86.765718166090153, 21.131650007217143 ], [ -86.765902358477575, 21.131750121033757 ], [ -86.765902044923791, 21.131949838927788 ], [ -86.765717538488744, 21.132049442999946 ], [ -86.765533345859922, 21.131949328983602 ], [ -86.765533659907547, 21.131749611094843 ], [ -86.765718166090153, 21.131650007217143 ] ] ] } },
{ "type": "Feature", "properties": { "hex_id": 825, "tipo_actual": "verde_manglar" }, "geometry": { "type": "Polygon", "coordinates": [ [ [ -86.765717224682533, 21.132249160884282 ], [ -86.765901417805196, 21.132349274701731 ], [ -86.765901104240399, 21.132548992581636 ], [ -86.765716597059097, 21.132648596638827 ], [ -86.765532403695005, 21.132548482621644 ], [ -86.765532717753658, 21.132348764747 ], [ -86.765717224682533, 21.132249160884282 ] ] ] } },
{ "type": "Feature", "properties": { "hex_id": 826, "tipo_actual": "verde_manglar" }, "geometry": { "type": "Polygon", "coordinates": [ [ [ -86.765716283241872, 21.132848314509026 ], [ -86.765900477099805, 21.132948428327317 ], [ -86.765900163523995, 21.13314814619309 ], [ -86.765715655596395, 21.133247750235309 ], [ -86.765531461497048, 21.133147636217288 ], [ -86.7655317755667, 21.132947918356781 ], [ -86.765716283241872, 21.132848314509026 ] ] ] } },
{ "type": "Feature", "properties": { "hex_id": 829, "tipo_actual": "urbano" }, "geometry": { "type": "Polygon", "coordinates": [ [ [ -86.765713458721663, 21.134645775128913 ], [ -86.765897654785562, 21.134745888949713 ], [ -86.765897341176753, 21.134945606773091 ], [ -86.76571283101012, 21.135045210770414 ], [ -86.765528634704765, 21.134945096749856 ], [ -86.765528948807486, 21.134745378931743 ], [ -86.765713458721663, 21.134645775128913 ] ] ] } },
{ "type": "Feature", "properties": { "hex_id": 830, "tipo_actual": "verde_inundable" }, "geometry": { "type": "Polygon", "coordinates": [ [ [ -86.765712517148842, 21.135244928584083 ], [ -86.765896713948123, 21.135345042405724 ], [ -86.765896400328302, 21.13554476021497 ], [ -86.765711889415286, 21.135644364197319 ], [ -86.765527692374533, 21.135544250175922 ], [ -86.765528006488282, 21.135344532371942 ], [ -86.765712517148842, 21.135244928584083 ] ] ] } },
{ "type": "Feature", "properties": { "hex_id": 831, "tipo_actual": "verde_inundable" }, "geometry": { "type": "Polygon", "coordinates": [ [ [ -86.765711575542994, 21.135844081996861 ], [ -86.765895773077673, 21.135944195819338 ], [ -86.765895459446853, 21.13614391361445 ], [ -86.765710947787397, 21.136243517581828 ], [ -86.765526750011247, 21.13614340355959 ], [ -86.765527064136023, 21.135943685769746 ], [ -86.765711575542994, 21.135844081996861 ] ] ] } },
{ "type": "Feature", "properties": { "hex_id": 832, "tipo_actual": "verde_inundable" }, "geometry": { "type": "Polygon", "coordinates": [ [ [ -86.765710633904092, 21.136443235367246 ], [ -86.765894832174212, 21.136543349190553 ], [ -86.765894518532392, 21.136743066971533 ], [ -86.765710006126483, 21.136842670923947 ], [ -86.765525807614893, 21.136742556900863 ], [ -86.765526121750682, 21.136542839125156 ], [ -86.765710633904092, 21.136443235367246 ] ] ] } },
{ "type": "Feature", "properties": { "hex_id": 833, "tipo_actual": "verde_inundable" }, "geometry": { "type": "Polygon", "coordinates": [ [ [ -86.765709692232164, 21.137042388695225 ], [ -86.765893891237738, 21.137142502519367 ], [ -86.765893577584905, 21.137342220286222 ], [ -86.765709064432514, 21.137441824223664 ], [ -86.765524865185469, 21.137341710199745 ], [ -86.765525179332286, 21.137141992438163 ], [ -86.765709692232164, 21.137042388695225 ] ] ] } },
{ "type": "Feature", "properties": { "hex_id": 834, "tipo_actual": "urbano" }, "geometry": { "type": "Polygon", "coordinates": [ [ [ -86.765708750527196, 21.13764154198082 ], [ -86.765892950268238, 21.137741655805794 ], [ -86.765892636604406, 21.137941373558508 ], [ -86.765708122705519, 21.13804097748098 ], [ -86.765523922722977, 21.137940863456219 ], [ -86.765524236880808, 21.137741145708773 ], [ -86.765708750527196, 21.13764154198082 ] ] ] } },
{ "type": "Feature", "properties": { "hex_id": 846, "tipo_actual": "urbano" }, "geometry": { "type": "Polygon", "coordinates": [ [ [ -86.765542765690668, 21.125957790271961 ], [ -86.765726950968372, 21.126057904279861 ], [ -86.765726637272266, 21.126257622305484 ], [ -86.7655421378048, 21.126357226317928 ], [ -86.765357952285797, 21.126257112110356 ], [ -86.765358266475545, 21.126057394090004 ], [ -86.765542765690668, 21.125957790271961 ] ] ] } },
{ "type": "Feature", "properties": { "hex_id": 847, "tipo_actual": "urbano" }, "geometry": { "type": "Polygon", "coordinates": [ [ [ -86.765541823856353, 21.126556944333853 ], [ -86.765726009869056, 21.126657058342605 ], [ -86.765725696161937, 21.126856776354096 ], [ -86.765541195948458, 21.126956380351569 ], [ -86.765357009694426, 21.126856266143147 ], [ -86.765357323895216, 21.126656548136921 ], [ -86.765541823856353, 21.126556944333853 ] ] ] } },
{ "type": "Feature", "properties": { "hex_id": 848, "tipo_actual": "urbano" }, "geometry": { "type": "Polygon", "coordinates": [ [ [ -86.765540881988997, 21.12715609835336 ], [ -86.7657250687367, 21.127256212362958 ], [ -86.765724755018582, 21.127455930360323 ], [ -86.765540254059033, 21.127555534342832 ], [ -86.765356067069987, 21.127455420133547 ], [ -86.765356381281805, 21.127255702141458 ], [ -86.765540881988997, 21.12715609835336 ] ] ] } },
{ "type": "Feature", "properties": { "hex_id": 849, "tipo_actual": "urbano" }, "geometry": { "type": "Polygon", "coordinates": [ [ [ -86.765539940088559, 21.127755252330495 ], [ -86.765724127571318, 21.127855366340928 ], [ -86.7657238138422, 21.128055084324167 ], [ -86.765539312136568, 21.128154688291705 ], [ -86.765355124412466, 21.128054574081574 ], [ -86.765355438635325, 21.12785485610361 ], [ -86.765539940088559, 21.127755252330495 ] ] ] } },
{ "type": "Feature", "properties": { "hex_id": 850, "tipo_actual": "verde_inundable" }, "geometry": { "type": "Polygon", "coordinates": [ [ [ -86.76553899815508, 21.128354406265238 ], [ -86.765723186372909, 21.128454520276517 ], [ -86.765722872632779, 21.128654238245627 ], [ -86.765538370181062, 21.12875384219819 ], [ -86.765354181721861, 21.12865372798721 ], [ -86.765354495955734, 21.128454010023379 ], [ -86.76553899815508, 21.128354406265238 ] ] ] } },
{ "type": "Feature", "properties": { "hex_id": 851, "tipo_actual": "verde_inundable" }, "geometry": { "type": "Polygon", "coordinates": [ [ [ -86.765538056188532, 21.128953560157601 ], [ -86.765722245141475, 21.129053674169725 ], [ -86.765721931390317, 21.129253392124703 ], [ -86.765537428192474, 21.129352996062295 ], [ -86.765353238998173, 21.129252881850466 ], [ -86.765353553243074, 21.12905316390076 ], [ -86.765538056188532, 21.128953560157601 ] ] ] } },
{ "type": "Feature", "properties": { "hex_id": 852, "tipo_actual": "verde_inundable" }, "geometry": { "type": "Polygon", "coordinates": [ [ [ -86.76553711418893, 21.129552714007577 ], [ -86.765721303877001, 21.129652828020543 ], [ -86.765720990114815, 21.129852545961398 ], [ -86.765536486170831, 21.129952149884012 ], [ -86.765352296241389, 21.129852035671338 ], [ -86.765352610497331, 21.129652317735758 ], [ -86.76553711418893, 21.129552714007577 ] ] ] } },
{ "type": "Feature", "properties": { "hex_id": 853, "tipo_actual": "verde_inundable" }, "geometry": { "type": "Polygon", "coordinates": [ [ [ -86.765536172156274, 21.130151867815165 ], [ -86.765720362579486, 21.130251981828977 ], [ -86.765720048806301, 21.130451699755707 ], [ -86.765535544116133, 21.130551303663349 ], [ -86.765351353451535, 21.130451189449822 ], [ -86.765351667718505, 21.130251471528368 ], [ -86.765536172156274, 21.130151867815165 ] ] ] } },
{ "type": "Feature", "properties": { "hex_id": 854, "tipo_actual": "verde_inundable" }, "geometry": { "type": "Polygon", "coordinates": [ [ [ -86.765535230090549, 21.130751021580366 ], [ -86.765719421248932, 21.130851135595027 ], [ -86.765719107464747, 21.131050853507613 ], [ -86.765534602028367, 21.131150457400285 ], [ -86.765350410628585, 21.131050343185912 ], [ -86.765350724906568, 21.13085062527859 ], [ -86.765535230090549, 21.130751021580366 ] ] ] } },
{ "type": "Feature", "properties": { "hex_id": 855, "tipo_actual": "verde_inundable" }, "geometry": { "type": "Polygon", "coordinates": [ [ [ -86.76553428799177, 21.131350175303179 ], [ -86.765718479885365, 21.131450289318678 ], [ -86.765718166090153, 21.131650007217143 ], [ -86.765533659907547, 21.131749611094843 ], [ -86.765349467772552, 21.131649496879618 ], [ -86.765349782061563, 21.131449778986422 ], [ -86.76553428799177, 21.131350175303179 ] ] ] } },
{ "type": "Feature", "properties": { "hex_id": 856, "tipo_actual": "verde_inundable" }, "geometry": { "type": "Polygon", "coordinates": [ [ [ -86.765533345859922, 21.131949328983602 ], [ -86.765717538488744, 21.132049442999946 ], [ -86.765717224682533, 21.132249160884282 ], [ -86.765532717753658, 21.132348764747 ], [ -86.765348524883422, 21.132248650530936 ], [ -86.765348839183474, 21.13204893265187 ], [ -86.765533345859922, 21.131949328983602 ] ] ] } },
{ "type": "Feature", "properties": { "hex_id": 857, "tipo_actual": "verde_manglar" }, "geometry": { "type": "Polygon", "coordinates": [ [ [ -86.765532403695005, 21.132548482621644 ], [ -86.765716597059097, 21.132648596638827 ], [ -86.765716283241872, 21.132848314509026 ], [ -86.7655317755667, 21.132947918356781 ], [ -86.765347581961208, 21.132847804139853 ], [ -86.765347896272289, 21.132648086274926 ], [ -86.765532403695005, 21.132548482621644 ] ] ] } },
{ "type": "Feature", "properties": { "hex_id": 858, "tipo_actual": "verde_manglar" }, "geometry": { "type": "Polygon", "coordinates": [ [ [ -86.765531461497048, 21.133147636217288 ], [ -86.765715655596395, 21.133247750235309 ], [ -86.765715341768171, 21.133447468091386 ], [ -86.765530833346702, 21.133547071924163 ], [ -86.765346639005926, 21.13344695770639 ], [ -86.76534695332802, 21.133247239855596 ], [ -86.765531461497048, 21.133147636217288 ] ] ] } },
{ "type": "Feature", "properties": { "hex_id": 861, "tipo_actual": "urbano" }, "geometry": { "type": "Polygon", "coordinates": [ [ [ -86.765528634704765, 21.134945096749856 ], [ -86.76571283101012, 21.135045210770414 ], [ -86.765712517148842, 21.135244928584083 ], [ -86.765528006488282, 21.135344532371942 ], [ -86.76534380994147, 21.135244418151625 ], [ -86.765344124296675, 21.135044700343219 ], [ -86.765528634704765, 21.134945096749856 ] ] ] } },
{ "type": "Feature", "properties": { "hex_id": 862, "tipo_actual": "verde_general" }, "geometry": { "type": "Polygon", "coordinates": [ [ [ -86.765527692374533, 21.135544250175922 ], [ -86.765711889415286, 21.135644364197319 ], [ -86.765711575542994, 21.135844081996861 ], [ -86.765527064136023, 21.135943685769746 ], [ -86.765342866853814, 21.135843571548584 ], [ -86.765343181220047, 21.135643853754306 ], [ -86.765527692374533, 21.135544250175922 ] ] ] } },
{ "type": "Feature", "properties": { "hex_id": 863, "tipo_actual": "verde_inundable" }, "geometry": { "type": "Polygon", "coordinates": [ [ [ -86.765526750011247, 21.13614340355959 ], [ -86.765710947787397, 21.136243517581828 ], [ -86.765710633904092, 21.136443235367246 ], [ -86.765526121750682, 21.136542839125156 ], [ -86.765341923733061, 21.136442724903134 ], [ -86.765342238110321, 21.136243007122996 ], [ -86.765526750011247, 21.13614340355959 ] ] ] } },
{ "type": "Feature", "properties": { "hex_id": 864, "tipo_actual": "verde_inundable" }, "geometry": { "type": "Polygon", "coordinates": [ [ [ -86.765525807614893, 21.136742556900863 ], [ -86.765710006126483, 21.136842670923947 ], [ -86.765709692232164, 21.137042388695225 ], [ -86.765525179332286, 21.137141992438163 ], [ -86.765340980579211, 21.137041878215296 ], [ -86.765341294967513, 21.136842160449287 ], [ -86.765525807614893, 21.136742556900863 ] ] ] } },
{ "type": "Feature", "properties": { "hex_id": 865, "tipo_actual": "urbano" }, "geometry": { "type": "Polygon", "coordinates": [ [ [ -86.765524865185469, 21.137341710199745 ], [ -86.765709064432514, 21.137441824223664 ], [ -86.765708750527196, 21.13764154198082 ], [ -86.765524236880808, 21.137741145708773 ], [ -86.765340037392278, 21.137641031485064 ], [ -86.765340351791608, 21.137441313733184 ], [ -86.765524865185469, 21.137341710199745 ] ] ] } },
{ "type": "Feature", "properties": { "hex_id": 866, "tipo_actual": "verde_inundable" }, "geometry": { "type": "Polygon", "coordinates": [ [ [ -86.765523922722977, 21.137940863456219 ], [ -86.765708122705519, 21.13804097748098 ], [ -86.765707808789173, 21.138240695224006 ], [ -86.765523294396274, 21.138340298936974 ], [ -86.765339094172248, 21.138240184712426 ], [ -86.765339408582605, 21.13804046697468 ], [ -86.765523922722977, 21.137940863456219 ] ] ] } },
{ "type": "Feature", "properties": { "hex_id": 877, "tipo_actual": "urbano" }, "geometry": { "type": "Polygon", "coordinates": [ [ [ -86.765357952285797, 21.126257112110356 ], [ -86.7655421378048, 21.126357226317928 ], [ -86.765541823856353, 21.126556944333853 ], [ -86.765357323895216, 21.126656548136921 ], [ -86.765173138134884, 21.126556433729668 ], [ -86.765173452577002, 21.126356715719027 ], [ -86.765357952285797, 21.126257112110356 ] ] ] } },
{ "type": "Feature", "properties": { "hex_id": 878, "tipo_actual": "urbano" }, "geometry": { "type": "Polygon", "coordinates": [ [ [ -86.765357009694426, 21.126856266143147 ], [ -86.765541195948458, 21.126956380351569 ], [ -86.765540881988997, 21.12715609835336 ], [ -86.765356381281805, 21.127255702141458 ], [ -86.765172194786459, 21.127155587733348 ], [ -86.765172509239605, 21.126955869736829 ], [ -86.765357009694426, 21.126856266143147 ] ] ] } },
{ "type": "Feature", "properties": { "hex_id": 879, "tipo_actual": "urbano" }, "geometry": { "type": "Polygon", "coordinates": [ [ [ -86.765356067069987, 21.127455420133547 ], [ -86.765540254059033, 21.127555534342832 ], [ -86.765539940088559, 21.127755252330495 ], [ -86.765355438635325, 21.12785485610361 ], [ -86.765171251404922, 21.127754741694648 ], [ -86.76517156586911, 21.127555023712254 ], [ -86.765356067069987, 21.127455420133547 ] ] ] } },
{ "type": "Feature", "properties": { "hex_id": 880, "tipo_actual": "urbano" }, "geometry": { "type": "Polygon", "coordinates": [ [ [ -86.765355124412466, 21.128054574081574 ], [ -86.765539312136568, 21.128154688291705 ], [ -86.76553899815508, 21.128354406265238 ], [ -86.765354495955734, 21.128454010023379 ], [ -86.765170307990275, 21.128353895613557 ], [ -86.765170622465519, 21.1281541776453 ], [ -86.765355124412466, 21.128054574081574 ] ] ] } },
{ "type": "Feature", "properties": { "hex_id": 881, "tipo_actual": "urbano" }, "geometry": { "type": "Polygon", "coordinates": [ [ [ -86.765354181721861, 21.12865372798721 ], [ -86.765538370181062, 21.12875384219819 ], [ -86.765538056188532, 21.128953560157601 ], [ -86.765353553243074, 21.12905316390076 ], [ -86.76516936454253, 21.128953049490079 ], [ -86.765169679028787, 21.128753331535954 ], [ -86.765354181721861, 21.12865372798721 ] ] ] } },
{ "type": "Feature", "properties": { "hex_id": 882, "tipo_actual": "verde_inundable" }, "geometry": { "type": "Polygon", "coordinates": [ [ [ -86.765353238998173, 21.129252881850466 ], [ -86.765537428192474, 21.129352996062295 ], [ -86.76553711418893, 21.129552714007577 ], [ -86.765352610497331, 21.129652317735758 ], [ -86.765168421061659, 21.129552203324227 ], [ -86.765168735558973, 21.129352485384221 ], [ -86.765353238998173, 21.129252881850466 ] ] ] } },
{ "type": "Feature", "properties": { "hex_id": 883, "tipo_actual": "verde_inundable" }, "geometry": { "type": "Polygon", "coordinates": [ [ [ -86.765352296241389, 21.129852035671338 ], [ -86.765536486170831, 21.129952149884012 ], [ -86.765536172156274, 21.130151867815165 ], [ -86.765351667718505, 21.130251471528368 ], [ -86.765167477547692, 21.130151357115981 ], [ -86.765167792056019, 21.129951639190107 ], [ -86.765352296241389, 21.129852035671338 ] ] ] } },
{ "type": "Feature", "properties": { "hex_id": 884, "tipo_actual": "verde_inundable" }, "geometry": { "type": "Polygon", "coordinates": [ [ [ -86.765351353451535, 21.130451189449822 ], [ -86.765535544116133, 21.130551303663349 ], [ -86.765535230090549, 21.130751021580366 ], [ -86.765350724906568, 21.13085062527859 ], [ -86.765166534000599, 21.130750510865347 ], [ -86.765166848519968, 21.130550792953606 ], [ -86.765351353451535, 21.130451189449822 ] ] ] } },
{ "type": "Feature", "properties": { "hex_id": 885, "tipo_actual": "verde_inundable" }, "geometry": { "type": "Polygon", "coordinates": [ [ [ -86.765350410628585, 21.131050343185912 ], [ -86.765534602028367, 21.131150457400285 ], [ -86.76553428799177, 21.131350175303179 ], [ -86.765349782061563, 21.131449778986422 ], [ -86.765165590420395, 21.131349664572326 ], [ -86.765165904950805, 21.131149946674718 ], [ -86.765350410628585, 21.131050343185912 ] ] ] } },
{ "type": "Feature", "properties": { "hex_id": 886, "tipo_actual": "verde_general" }, "geometry": { "type": "Polygon", "coordinates": [ [ [ -86.765349467772552, 21.131649496879618 ], [ -86.765533659907547, 21.131749611094843 ], [ -86.765533345859922, 21.131949328983602 ], [ -86.765348839183474, 21.13204893265187 ], [ -86.765164646807094, 21.131948818236914 ], [ -86.765164961348546, 21.131749100353435 ], [ -86.765349467772552, 21.131649496879618 ] ] ] } },
{ "type": "Feature", "properties": { "hex_id": 887, "tipo_actual": "verde_inundable" }, "geometry": { "type": "Polygon", "coordinates": [ [ [ -86.765348524883422, 21.132248650530936 ], [ -86.765532717753658, 21.132348764747 ], [ -86.765532403695005, 21.132548482621644 ], [ -86.765347896272289, 21.132648086274926 ], [ -86.765163703160667, 21.132547971859118 ], [ -86.765164017713147, 21.132348253989758 ], [ -86.765348524883422, 21.132248650530936 ] ] ] } },
{ "type": "Feature", "properties": { "hex_id": 888, "tipo_actual": "verde_manglar" }, "geometry": { "type": "Polygon", "coordinates": [ [ [ -86.765347581961208, 21.132847804139853 ], [ -86.7655317755667, 21.132947918356781 ], [ -86.765531461497048, 21.133147636217288 ], [ -86.76534695332802, 21.133247239855596 ], [ -86.765162759481115, 21.133147125438928 ], [ -86.765163074044636, 21.132947407583696 ], [ -86.765347581961208, 21.132847804139853 ] ] ] } },
{ "type": "Feature", "properties": { "hex_id": 891, "tipo_actual": "urbano" }, "geometry": { "type": "Polygon", "coordinates": [ [ [ -86.765344752996043, 21.134645264712272 ], [ -86.765528948807486, 21.134745378931743 ], [ -86.765528634704765, 21.134945096749856 ], [ -86.765344124296675, 21.135044700343219 ], [ -86.76515992824379, 21.134944585923989 ], [ -86.765160242840437, 21.134744868111159 ], [ -86.765344752996043, 21.134645264712272 ] ] ] } },
{ "type": "Feature", "properties": { "hex_id": 892, "tipo_actual": "verde_inundable" }, "geometry": { "type": "Polygon", "coordinates": [ [ [ -86.76534380994147, 21.135244418151625 ], [ -86.765528006488282, 21.135344532371942 ], [ -86.765527692374533, 21.135544250175922 ], [ -86.765343181220047, 21.135643853754306 ], [ -86.765158984431778, 21.135543739334224 ], [ -86.765159299039468, 21.135344021535523 ], [ -86.76534380994147, 21.135244418151625 ] ] ] } },
{ "type": "Feature", "properties": { "hex_id": 893, "tipo_actual": "verde_inundable" }, "geometry": { "type": "Polygon", "coordinates": [ [ [ -86.765342866853814, 21.135843571548584 ], [ -86.765527064136023, 21.135943685769746 ], [ -86.765526750011247, 21.13614340355959 ], [ -86.765342238110321, 21.136243007122996 ], [ -86.76515804058667, 21.136142892702058 ], [ -86.765158355205386, 21.135943174917493 ], [ -86.765342866853814, 21.135843571548584 ] ] ] } },
{ "type": "Feature", "properties": { "hex_id": 894, "tipo_actual": "verde_inundable" }, "geometry": { "type": "Polygon", "coordinates": [ [ [ -86.765341923733061, 21.136442724903134 ], [ -86.765526121750682, 21.136542839125156 ], [ -86.765525807614893, 21.136742556900863 ], [ -86.765341294967513, 21.136842160449287 ], [ -86.765157096708421, 21.136742046027496 ], [ -86.76515741133818, 21.136542328257057 ], [ -86.765341923733061, 21.136442724903134 ] ] ] } },
{ "type": "Feature", "properties": { "hex_id": 895, "tipo_actual": "urbano" }, "geometry": { "type": "Polygon", "coordinates": [ [ [ -86.765340980579211, 21.137041878215296 ], [ -86.765525179332286, 21.137141992438163 ], [ -86.765524865185469, 21.137341710199745 ], [ -86.765340351791608, 21.137441313733184 ], [ -86.765156152797061, 21.137341199310537 ], [ -86.765156467437862, 21.137141481554234 ], [ -86.765340980579211, 21.137041878215296 ] ] ] } },
{ "type": "Feature", "properties": { "hex_id": 896, "tipo_actual": "urbano" }, "geometry": { "type": "Polygon", "coordinates": [ [ [ -86.765340037392278, 21.137641031485064 ], [ -86.765524236880808, 21.137741145708773 ], [ -86.765523922722977, 21.137940863456219 ], [ -86.765339408582605, 21.13804046697468 ], [ -86.76515520885259, 21.13794035255118 ], [ -86.765155523504419, 21.13774063480901 ], [ -86.765340037392278, 21.137641031485064 ] ] ] } },
{ "type": "Feature", "properties": { "hex_id": 908, "tipo_actual": "verde_inundable" }, "geometry": { "type": "Polygon", "coordinates": [ [ [ -86.765174081450198, 21.125957279683615 ], [ -86.765358266475545, 21.126057394090004 ], [ -86.765357952285797, 21.126257112110356 ], [ -86.765173452577002, 21.126356715719027 ], [ -86.764989267310327, 21.126256601112956 ], [ -86.76498958199376, 21.126056883097892 ], [ -86.765174081450198, 21.125957279683615 ] ] ] } },
{ "type": "Feature", "properties": { "hex_id": 909, "tipo_actual": "urbano" }, "geometry": { "type": "Polygon", "coordinates": [ [ [ -86.765173138134884, 21.126556433729668 ], [ -86.765357323895216, 21.126656548136921 ], [ -86.765357009694426, 21.126856266143147 ], [ -86.765172509239605, 21.126955869736829 ], [ -86.764988323237944, 21.126855755129899 ], [ -86.764988637932433, 21.12665603712896 ], [ -86.765173138134884, 21.126556433729668 ] ] ] } },
{ "type": "Feature", "properties": { "hex_id": 910, "tipo_actual": "urbano" }, "geometry": { "type": "Polygon", "coordinates": [ [ [ -86.765172194786459, 21.127155587733348 ], [ -86.765356381281805, 21.127255702141458 ], [ -86.765356067069987, 21.127455420133547 ], [ -86.76517156586911, 21.127555023712254 ], [ -86.764987379132435, 21.127454909104458 ], [ -86.764987693837952, 21.127255191117648 ], [ -86.765172194786459, 21.127155587733348 ] ] ] } },
{ "type": "Feature", "properties": { "hex_id": 911, "tipo_actual": "urbano" }, "geometry": { "type": "Polygon", "coordinates": [ [ [ -86.765171251404922, 21.127754741694648 ], [ -86.765355438635325, 21.12785485610361 ], [ -86.765355124412466, 21.128054574081574 ], [ -86.765170622465519, 21.1281541776453 ], [ -86.764986434993773, 21.12805406303664 ], [ -86.764986749710346, 21.127854345063952 ], [ -86.765171251404922, 21.127754741694648 ] ] ] } },
{ "type": "Feature", "properties": { "hex_id": 912, "tipo_actual": "urbano" }, "geometry": { "type": "Polygon", "coordinates": [ [ [ -86.765170307990275, 21.128353895613557 ], [ -86.765354495955734, 21.128454010023379 ], [ -86.765354181721861, 21.12865372798721 ], [ -86.765169679028787, 21.128753331535954 ], [ -86.764985490821985, 21.128653216926427 ], [ -86.7649858055496, 21.128453498967879 ], [ -86.765170307990275, 21.128353895613557 ] ] ] } },
{ "type": "Feature", "properties": { "hex_id": 913, "tipo_actual": "urbano" }, "geometry": { "type": "Polygon", "coordinates": [ [ [ -86.76516936454253, 21.128953049490079 ], [ -86.765353553243074, 21.12905316390076 ], [ -86.765353238998173, 21.129252881850466 ], [ -86.765168735558973, 21.129352485384221 ], [ -86.764984546617058, 21.129252370773838 ], [ -86.764984861355714, 21.129052652829415 ], [ -86.76516936454253, 21.128953049490079 ] ] ] } },
{ "type": "Feature", "properties": { "hex_id": 914, "tipo_actual": "verde_inundable" }, "geometry": { "type": "Polygon", "coordinates": [ [ [ -86.765168421061659, 21.129552203324227 ], [ -86.765352610497331, 21.129652317735758 ], [ -86.765352296241389, 21.129852035671338 ], [ -86.765167792056019, 21.129951639190107 ], [ -86.76498360237899, 21.129851524578864 ], [ -86.764983917128703, 21.129651806648567 ], [ -86.765168421061659, 21.129552203324227 ] ] ] } },
{ "type": "Feature", "properties": { "hex_id": 915, "tipo_actual": "verde_inundable" }, "geometry": { "type": "Polygon", "coordinates": [ [ [ -86.765167477547692, 21.130151357115981 ], [ -86.765351667718505, 21.130251471528368 ], [ -86.765351353451535, 21.130451189449822 ], [ -86.765166848519968, 21.130550792953606 ], [ -86.764982658107783, 21.1304506783415 ], [ -86.764982972868538, 21.130250960425329 ], [ -86.765167477547692, 21.130151357115981 ] ] ] } },
{ "type": "Feature", "properties": { "hex_id": 916, "tipo_actual": "verde_general" }, "geometry": { "type": "Polygon", "coordinates": [ [ [ -86.765166534000599, 21.130750510865347 ], [ -86.765350724906568, 21.13085062527859 ], [ -86.765350410628585, 21.131050343185912 ], [ -86.765165904950805, 21.131149946674718 ], [ -86.764981713803451, 21.131049832061741 ], [ -86.764982028575233, 21.130850114159706 ], [ -86.765166534000599, 21.130750510865347 ] ] ] } },
{ "type": "Feature", "properties": { "hex_id": 917, "tipo_actual": "verde_inundable" }, "geometry": { "type": "Polygon", "coordinates": [ [ [ -86.765165590420395, 21.131349664572326 ], [ -86.765349782061563, 21.131449778986422 ], [ -86.765349467772552, 21.131649496879618 ], [ -86.765164961348546, 21.131749100353435 ], [ -86.764980769465964, 21.131648985739602 ], [ -86.764981084248802, 21.131449267851696 ], [ -86.765165590420395, 21.131349664572326 ] ] ] } },
{ "type": "Feature", "properties": { "hex_id": 918, "tipo_actual": "verde_inundable" }, "geometry": { "type": "Polygon", "coordinates": [ [ [ -86.765164646807094, 21.131948818236914 ], [ -86.765348839183474, 21.13204893265187 ], [ -86.765348524883422, 21.132248650530936 ], [ -86.765164017713147, 21.132348253989758 ], [ -86.764979825095352, 21.132248139375069 ], [ -86.764980139889232, 21.132048421501292 ], [ -86.765164646807094, 21.131948818236914 ] ] ] } },
{ "type": "Feature", "properties": { "hex_id": 919, "tipo_actual": "verde_inundable" }, "geometry": { "type": "Polygon", "coordinates": [ [ [ -86.765163703160667, 21.132547971859118 ], [ -86.765347896272289, 21.132648086274926 ], [ -86.765347581961208, 21.132847804139853 ], [ -86.765163074044636, 21.132947407583696 ], [ -86.764978880691601, 21.132847292968147 ], [ -86.764979195496522, 21.132647575108503 ], [ -86.765163703160667, 21.132547971859118 ] ] ] } },
{ "type": "Feature", "properties": { "hex_id": 920, "tipo_actual": "verde_manglar" }, "geometry": { "type": "Polygon", "coordinates": [ [ [ -86.765162759481115, 21.133147125438928 ], [ -86.76534695332802, 21.133247239855596 ], [ -86.765346639005926, 21.13344695770639 ], [ -86.765162130343029, 21.133546561135248 ], [ -86.764977936254681, 21.133446446518828 ], [ -86.764978251070673, 21.133246728673317 ], [ -86.765162759481115, 21.133147125438928 ] ] ] } },
{ "type": "Feature", "properties": { "hex_id": 923, "tipo_actual": "verde_inundable" }, "geometry": { "type": "Polygon", "coordinates": [ [ [ -86.76515992824379, 21.134944585923989 ], [ -86.765344124296675, 21.135044700343219 ], [ -86.76534380994147, 21.135244418151625 ], [ -86.765159299039468, 21.135344021535523 ], [ -86.76497510274514, 21.135243906916521 ], [ -86.764975417594258, 21.135044189113408 ], [ -86.76515992824379, 21.134944585923989 ] ] ] } },
{ "type": "Feature", "properties": { "hex_id": 924, "tipo_actual": "verde_inundable" }, "geometry": { "type": "Polygon", "coordinates": [ [ [ -86.765158984431778, 21.135543739334224 ], [ -86.765343181220047, 21.135643853754306 ], [ -86.765342866853814, 21.135843571548584 ], [ -86.765158355205386, 21.135943174917493 ], [ -86.764974158175676, 21.135843060297635 ], [ -86.764974473035835, 21.13564334250864 ], [ -86.765158984431778, 21.135543739334224 ] ] ] } },
{ "type": "Feature", "properties": { "hex_id": 925, "tipo_actual": "verde_inundable" }, "geometry": { "type": "Polygon", "coordinates": [ [ [ -86.76515804058667, 21.136142892702058 ], [ -86.765342238110321, 21.136243007122996 ], [ -86.765341923733061, 21.136442724903134 ], [ -86.76515741133818, 21.136542328257057 ], [ -86.764973213573057, 21.136442213636343 ], [ -86.764973528444287, 21.136242495861481 ], [ -86.76515804058667, 21.136142892702058 ] ] ] } },
{ "type": "Feature", "properties": { "hex_id": 926, "tipo_actual": "verde_inundable" }, "geometry": { "type": "Polygon", "coordinates": [ [ [ -86.765157096708421, 21.136742046027496 ], [ -86.765341294967513, 21.136842160449287 ], [ -86.765340980579211, 21.137041878215296 ], [ -86.765156467437862, 21.137141481554234 ], [ -86.764972268937299, 21.137041366932653 ], [ -86.764972583819571, 21.136841649171924 ], [ -86.765157096708421, 21.136742046027496 ] ] ] } },
{ "type": "Feature", "properties": { "hex_id": 927, "tipo_actual": "urbano" }, "geometry": { "type": "Polygon", "coordinates": [ [ [ -86.765156152797061, 21.137341199310537 ], [ -86.765340351791608, 21.137441313733184 ], [ -86.765340037392278, 21.137641031485064 ], [ -86.765155523504419, 21.13774063480901 ], [ -86.764971324268402, 21.137640520186576 ], [ -86.764971639161715, 21.137440802439968 ], [ -86.765156152797061, 21.137341199310537 ] ] ] } },
{ "type": "Feature", "properties": { "hex_id": 939, "tipo_actual": "urbano" }, "geometry": { "type": "Polygon", "coordinates": [ [ [ -86.764989267310327, 21.126256601112956 ], [ -86.765173452577002, 21.126356715719027 ], [ -86.765173138134884, 21.126556433729668 ], [ -86.764988637932433, 21.12665603712896 ], [ -86.764804452424443, 21.12655592232321 ], [ -86.764804767360232, 21.126356204317855 ], [ -86.764989267310327, 21.126256601112956 ] ] ] } },
{ "type": "Feature", "properties": { "hex_id": 940, "tipo_actual": "urbano" }, "geometry": { "type": "Polygon", "coordinates": [ [ [ -86.764988323237944, 21.126855755129899 ], [ -86.765172509239605, 21.126955869736829 ], [ -86.765172194786459, 21.127155587733348 ], [ -86.764987693837952, 21.127255191117648 ], [ -86.764803507594962, 21.127155076311031 ], [ -86.764803822541808, 21.126955358319798 ], [ -86.764988323237944, 21.126855755129899 ] ] ] } },
{ "type": "Feature", "properties": { "hex_id": 941, "tipo_actual": "urbano" }, "geometry": { "type": "Polygon", "coordinates": [ [ [ -86.764987379132435, 21.127454909104458 ], [ -86.76517156586911, 21.127555023712254 ], [ -86.765171251404922, 21.127754741694648 ], [ -86.764986749710346, 21.127854345063952 ], [ -86.764802562732328, 21.127754230256471 ], [ -86.764802877690229, 21.127554512279367 ], [ -86.764987379132435, 21.127454909104458 ] ] ] } },
{ "type": "Feature", "properties": { "hex_id": 942, "tipo_actual": "urbano" }, "geometry": { "type": "Polygon", "coordinates": [ [ [ -86.764986434993773, 21.12805406303664 ], [ -86.765170622465519, 21.1281541776453 ], [ -86.765170307990275, 21.128353895613557 ], [ -86.7649858055496, 21.128453498967879 ], [ -86.764801617836525, 21.128353384159521 ], [ -86.764801932805469, 21.12815366619655 ], [ -86.764986434993773, 21.12805406303664 ] ] ] } },
{ "type": "Feature", "properties": { "hex_id": 943, "tipo_actual": "urbano" }, "geometry": { "type": "Polygon", "coordinates": [ [ [ -86.764985490821985, 21.128653216926427 ], [ -86.765169679028787, 21.128753331535954 ], [ -86.76516936454253, 21.128953049490079 ], [ -86.764984861355714, 21.129052652829415 ], [ -86.764800672907555, 21.12895253802019 ], [ -86.764800987887554, 21.128752820071348 ], [ -86.764985490821985, 21.128653216926427 ] ] ] } },
{ "type": "Feature", "properties": { "hex_id": 944, "tipo_actual": "urbano" }, "geometry": { "type": "Polygon", "coordinates": [ [ [ -86.764984546617058, 21.129252370773838 ], [ -86.765168735558973, 21.129352485384221 ], [ -86.765168421061659, 21.129552203324227 ], [ -86.764983917128703, 21.129651806648567 ], [ -86.76479972794543, 21.129551691838476 ], [ -86.764800042936486, 21.129351973903756 ], [ -86.764984546617058, 21.129252370773838 ] ] ] } },
{ "type": "Feature", "properties": { "hex_id": 945, "tipo_actual": "urbano" }, "geometry": { "type": "Polygon", "coordinates": [ [ [ -86.76498360237899, 21.129851524578864 ], [ -86.765167792056019, 21.129951639190107 ], [ -86.765167477547692, 21.130151357115981 ], [ -86.764982972868538, 21.130250960425329 ], [ -86.764798782950137, 21.130150845614367 ], [ -86.764799097952263, 21.129951127693776 ], [ -86.76498360237899, 21.129851524578864 ] ] ] } },
{ "type": "Feature", "properties": { "hex_id": 946, "tipo_actual": "verde_inundable" }, "geometry": { "type": "Polygon", "coordinates": [ [ [ -86.764982658107783, 21.1304506783415 ], [ -86.765166848519968, 21.130550792953606 ], [ -86.765166534000599, 21.130750510865347 ], [ -86.764982028575233, 21.130850114159706 ], [ -86.764797837921677, 21.130749999347877 ], [ -86.764798152934858, 21.130550281441419 ], [ -86.764982658107783, 21.1304506783415 ] ] ] } },
{ "type": "Feature", "properties": { "hex_id": 947, "tipo_actual": "verde_inundable" }, "geometry": { "type": "Polygon", "coordinates": [ [ [ -86.764981713803451, 21.131049832061741 ], [ -86.765165904950805, 21.131149946674718 ], [ -86.765165590420395, 21.131349664572326 ], [ -86.764981084248802, 21.131449267851696 ], [ -86.764796892860062, 21.131349153038997 ], [ -86.7647972078843, 21.131149435146668 ], [ -86.764981713803451, 21.131049832061741 ] ] ] } },
{ "type": "Feature", "properties": { "hex_id": 948, "tipo_actual": "verde_inundable" }, "geometry": { "type": "Polygon", "coordinates": [ [ [ -86.764980769465964, 21.131648985739602 ], [ -86.765164961348546, 21.131749100353435 ], [ -86.765164646807094, 21.131948818236914 ], [ -86.764980139889232, 21.132048421501292 ], [ -86.764795947765279, 21.131948306687729 ], [ -86.764796262800559, 21.131748588809526 ], [ -86.764980769465964, 21.131648985739602 ] ] ] } },
{ "type": "Feature", "properties": { "hex_id": 949, "tipo_actual": "verde_general" }, "geometry": { "type": "Polygon", "coordinates": [ [ [ -86.764979825095352, 21.132248139375069 ], [ -86.765164017713147, 21.132348253989758 ], [ -86.765163703160667, 21.132547971859118 ], [ -86.764979195496522, 21.132647575108503 ], [ -86.764795002637328, 21.13254746029407 ], [ -86.764795317683664, 21.132347742429999 ], [ -86.764979825095352, 21.132248139375069 ] ] ] } },
{ "type": "Feature", "properties": { "hex_id": 950, "tipo_actual": "verde_manglar" }, "geometry": { "type": "Polygon", "coordinates": [ [ [ -86.764978880691601, 21.132847292968147 ], [ -86.765163074044636, 21.132947407583696 ], [ -86.765162759481115, 21.133147125438928 ], [ -86.764978251070673, 21.133246728673317 ], [ -86.764794057476223, 21.133146613858017 ], [ -86.764794372533615, 21.132946896008072 ], [ -86.764978880691601, 21.132847292968147 ] ] ] } },
{ "type": "Feature", "properties": { "hex_id": 953, "tipo_actual": "verde_inundable" }, "geometry": { "type": "Polygon", "coordinates": [ [ [ -86.764976047281465, 21.134644753493021 ], [ -86.765160242840437, 21.134744868111159 ], [ -86.76515992824379, 21.134944585923989 ], [ -86.764975417594258, 21.135044189113408 ], [ -86.764791221793871, 21.134944074295504 ], [ -86.764791536884417, 21.13474435648796 ], [ -86.764976047281465, 21.134644753493021 ] ] ] } },
{ "type": "Feature", "properties": { "hex_id": 954, "tipo_actual": "verde_inundable" }, "geometry": { "type": "Polygon", "coordinates": [ [ [ -86.76497510274514, 21.135243906916521 ], [ -86.765159299039468, 21.135344021535523 ], [ -86.765158984431778, 21.135543739334224 ], [ -86.764974473035835, 21.13564334250864 ], [ -86.764790276500079, 21.135543227689876 ], [ -86.764790591601695, 21.135343509896462 ], [ -86.76497510274514, 21.135243906916521 ] ] ] } },
{ "type": "Feature", "properties": { "hex_id": 955, "tipo_actual": "verde_inundable" }, "geometry": { "type": "Polygon", "coordinates": [ [ [ -86.764974158175676, 21.135843060297635 ], [ -86.765158355205386, 21.135943174917493 ], [ -86.76515804058667, 21.136142892702058 ], [ -86.764973528444287, 21.136242495861481 ], [ -86.76478933117312, 21.136142381041847 ], [ -86.764789646285791, 21.135942663262568 ], [ -86.764974158175676, 21.135843060297635 ] ] ] } },
{ "type": "Feature", "properties": { "hex_id": 956, "tipo_actual": "verde_inundable" }, "geometry": { "type": "Polygon", "coordinates": [ [ [ -86.764973213573057, 21.136442213636343 ], [ -86.76515741133818, 21.136542328257057 ], [ -86.765157096708421, 21.136742046027496 ], [ -86.764972583819571, 21.136841649171924 ], [ -86.764788385812992, 21.136741534351426 ], [ -86.76478870093672, 21.136541816586277 ], [ -86.764973213573057, 21.136442213636343 ] ] ] } },
{ "type": "Feature", "properties": { "hex_id": 957, "tipo_actual": "urbano" }, "geometry": { "type": "Polygon", "coordinates": [ [ [ -86.764972268937299, 21.137041366932653 ], [ -86.765156467437862, 21.137141481554234 ], [ -86.765156152797061, 21.137341199310537 ], [ -86.764971639161715, 21.137440802439968 ], [ -86.764787440419681, 21.137340687618611 ], [ -86.76478775555448, 21.137140969867584 ], [ -86.764972268937299, 21.137041366932653 ] ] ] } },
{ "type": "Feature", "properties": { "hex_id": 958, "tipo_actual": "urbano" }, "geometry": { "type": "Polygon", "coordinates": [ [ [ -86.764971324268402, 21.137640520186576 ], [ -86.765155523504419, 21.13774063480901 ], [ -86.76515520885259, 21.13794035255118 ], [ -86.764970694470705, 21.138039955665622 ], [ -86.764786494993217, 21.137939840843387 ], [ -86.764786810139057, 21.1377401231065 ], [ -86.764971324268402, 21.137640520186576 ] ] ] } },
{ "type": "Feature", "properties": { "hex_id": 971, "tipo_actual": "urbano" }, "geometry": { "type": "Polygon", "coordinates": [ [ [ -86.764804452424443, 21.12655592232321 ], [ -86.764988637932433, 21.12665603712896 ], [ -86.764988323237944, 21.126855755129899 ], [ -86.764803822541808, 21.126955358319798 ], [ -86.764619636792503, 21.126855243314367 ], [ -86.764619951980663, 21.126655525318718 ], [ -86.764804452424443, 21.12655592232321 ] ] ] } },
{ "type": "Feature", "properties": { "hex_id": 972, "tipo_actual": "urbano" }, "geometry": { "type": "Polygon", "coordinates": [ [ [ -86.764803507594962, 21.127155076311031 ], [ -86.764987693837952, 21.127255191117648 ], [ -86.764987379132435, 21.127454909104458 ], [ -86.764802877690229, 21.127554512279367 ], [ -86.764618691205911, 21.127454397273048 ], [ -86.764619006405127, 21.127254679291536 ], [ -86.764803507594962, 21.127155076311031 ] ] ] } },
{ "type": "Feature", "properties": { "hex_id": 973, "tipo_actual": "urbano" }, "geometry": { "type": "Polygon", "coordinates": [ [ [ -86.764802562732328, 21.127754230256471 ], [ -86.764986749710346, 21.127854345063952 ], [ -86.764986434993773, 21.12805406303664 ], [ -86.764801932805469, 21.12815366619655 ], [ -86.764617745586122, 21.12805355118936 ], [ -86.764618060796408, 21.12785383322197 ], [ -86.764802562732328, 21.127754230256471 ] ] ] } },
{ "type": "Feature", "properties": { "hex_id": 974, "tipo_actual": "urbano" }, "geometry": { "type": "Polygon", "coordinates": [ [ [ -86.764801617836525, 21.128353384159521 ], [ -86.7649858055496, 21.128453498967879 ], [ -86.764985490821985, 21.128653216926427 ], [ -86.764800987887554, 21.128752820071348 ], [ -86.764616799933151, 21.128652705063281 ], [ -86.764617115154493, 21.12845298711002 ], [ -86.764801617836525, 21.128353384159521 ] ] ] } },
{ "type": "Feature", "properties": { "hex_id": 975, "tipo_actual": "urbano" }, "geometry": { "type": "Polygon", "coordinates": [ [ [ -86.764800672907555, 21.12895253802019 ], [ -86.764984861355714, 21.129052652829415 ], [ -86.764984546617058, 21.129252370773838 ], [ -86.764800042936486, 21.129351973903756 ], [ -86.764615854246998, 21.129251858894822 ], [ -86.764616169479396, 21.129052140955686 ], [ -86.764800672907555, 21.12895253802019 ] ] ] } },
{ "type": "Feature", "properties": { "hex_id": 976, "tipo_actual": "urbano" }, "geometry": { "type": "Polygon", "coordinates": [ [ [ -86.76479972794543, 21.129551691838476 ], [ -86.764983917128703, 21.129651806648567 ], [ -86.76498360237899, 21.129851524578864 ], [ -86.764799097952263, 21.129951127693776 ], [ -86.764614908527633, 21.129851012683975 ], [ -86.764615223771102, 21.129651294758961 ], [ -86.76479972794543, 21.129551691838476 ] ] ] } },
{ "type": "Feature", "properties": { "hex_id": 977, "tipo_actual": "verde_inundable" }, "geometry": { "type": "Polygon", "coordinates": [ [ [ -86.764798782950137, 21.130150845614367 ], [ -86.764982972868538, 21.130250960425329 ], [ -86.764982658107783, 21.1304506783415 ], [ -86.764798152934858, 21.130550281441419 ], [ -86.764613962775087, 21.130450166430737 ], [ -86.764614278029626, 21.130250448519856 ], [ -86.764798782950137, 21.130150845614367 ] ] ] } },
{ "type": "Feature", "properties": { "hex_id": 978, "tipo_actual": "verde_inundable" }, "geometry": { "type": "Polygon", "coordinates": [ [ [ -86.764797837921677, 21.130749999347877 ], [ -86.764982028575233, 21.130850114159706 ], [ -86.764981713803451, 21.131049832061741 ], [ -86.7647972078843, 21.131149435146668 ], [ -86.764613016989358, 21.131049320135112 ], [ -86.764613332254953, 21.130849602238357 ], [ -86.764797837921677, 21.130749999347877 ] ] ] } },
{ "type": "Feature", "properties": { "hex_id": 979, "tipo_actual": "verde_inundable" }, "geometry": { "type": "Polygon", "coordinates": [ [ [ -86.764796892860062, 21.131349153038997 ], [ -86.764981084248802, 21.131449267851696 ], [ -86.764980769465964, 21.131648985739602 ], [ -86.764796262800559, 21.131748588809526 ], [ -86.764612071170433, 21.1316484737971 ], [ -86.764612386447098, 21.13144875591448 ], [ -86.764796892860062, 21.131349153038997 ] ] ] } },
{ "type": "Feature", "properties": { "hex_id": 980, "tipo_actual": "verde_inundable" }, "geometry": { "type": "Polygon", "coordinates": [ [ [ -86.764795947765279, 21.131948306687729 ], [ -86.764980139889232, 21.132048421501292 ], [ -86.764979825095352, 21.132248139375069 ], [ -86.764795317683664, 21.132347742429999 ], [ -86.764611125318325, 21.132247627416692 ], [ -86.764611440606046, 21.132047909548202 ], [ -86.764795947765279, 21.131948306687729 ] ] ] } },
{ "type": "Feature", "properties": { "hex_id": 981, "tipo_actual": "verde_manglar" }, "geometry": { "type": "Polygon", "coordinates": [ [ [ -86.764795002637328, 21.13254746029407 ], [ -86.764979195496522, 21.132647575108503 ], [ -86.764978880691601, 21.132847292968147 ], [ -86.764794372533615, 21.132946896008072 ], [ -86.764610179433006, 21.132846780993894 ], [ -86.764610494731798, 21.13264706313954 ], [ -86.764795002637328, 21.13254746029407 ] ] ] } },
{ "type": "Feature", "properties": { "hex_id": 984, "tipo_actual": "verde_inundable" }, "geometry": { "type": "Polygon", "coordinates": [ [ [ -86.76479216705448, 21.134344920858734 ], [ -86.76497636211954, 21.134445035675768 ], [ -86.764976047281465, 21.134644753493021 ], [ -86.764791536884417, 21.13474435648796 ], [ -86.764607341577928, 21.13464424147115 ], [ -86.764607656909916, 21.134444523659191 ], [ -86.76479216705448, 21.134344920858734 ] ] ] } },
{ "type": "Feature", "properties": { "hex_id": 985, "tipo_actual": "verde_inundable" }, "geometry": { "type": "Polygon", "coordinates": [ [ [ -86.764791221793871, 21.134944074295504 ], [ -86.764975417594258, 21.135044189113408 ], [ -86.76497510274514, 21.135243906916521 ], [ -86.764790591601695, 21.135343509896462 ], [ -86.764606395559852, 21.135243394878781 ], [ -86.76460671090291, 21.135043677080954 ], [ -86.764791221793871, 21.134944074295504 ] ] ] } },
{ "type": "Feature", "properties": { "hex_id": 986, "tipo_actual": "verde_general" }, "geometry": { "type": "Polygon", "coordinates": [ [ [ -86.764790276500079, 21.135543227689876 ], [ -86.764974473035835, 21.13564334250864 ], [ -86.764974158175676, 21.135843060297635 ], [ -86.764789646285791, 21.135942663262568 ], [ -86.764605449508565, 21.135842548244018 ], [ -86.764605764862694, 21.135642830460316 ], [ -86.764790276500079, 21.135543227689876 ] ] ] } },
{ "type": "Feature", "properties": { "hex_id": 987, "tipo_actual": "verde_inundable" }, "geometry": { "type": "Polygon", "coordinates": [ [ [ -86.76478933117312, 21.136142381041847 ], [ -86.764973528444287, 21.136242495861481 ], [ -86.764973213573057, 21.136442213636343 ], [ -86.76478870093672, 21.136541816586277 ], [ -86.76460450342411, 21.136441701566852 ], [ -86.76460481878928, 21.136241983797287 ], [ -86.76478933117312, 21.136142381041847 ] ] ] } },
{ "type": "Feature", "properties": { "hex_id": 988, "tipo_actual": "urbano" }, "geometry": { "type": "Polygon", "coordinates": [ [ [ -86.764788385812992, 21.136741534351426 ], [ -86.764972583819571, 21.136841649171924 ], [ -86.764972268937299, 21.137041366932653 ], [ -86.76478775555448, 21.137140969867584 ], [ -86.764603557306444, 21.137040854847296 ], [ -86.764603872682684, 21.13684113709186 ], [ -86.764788385812992, 21.136741534351426 ] ] ] } },
{ "type": "Feature", "properties": { "hex_id": 989, "tipo_actual": "urbano" }, "geometry": { "type": "Polygon", "coordinates": [ [ [ -86.764787440419681, 21.137340687618611 ], [ -86.764971639161715, 21.137440802439968 ], [ -86.764971324268402, 21.137640520186576 ], [ -86.764786810139057, 21.1377401231065 ], [ -86.764602611155567, 21.137640008085338 ], [ -86.764602926542878, 21.137440290344035 ], [ -86.764787440419681, 21.137340687618611 ] ] ] } },
{ "type": "Feature", "properties": { "hex_id": 1001, "tipo_actual": "urbano" }, "geometry": { "type": "Polygon", "coordinates": [ [ [ -86.764620582345927, 21.126256089313291 ], [ -86.764804767360232, 21.126356204317855 ], [ -86.764804452424443, 21.12655592232321 ], [ -86.764619951980663, 21.126655525318718 ], [ -86.764435766725043, 21.126555410114474 ], [ -86.764436082154504, 21.126355692114409 ], [ -86.764620582345927, 21.126256089313291 ] ] ] } },
{ "type": "Feature", "properties": { "hex_id": 1002, "tipo_actual": "urbano" }, "geometry": { "type": "Polygon", "coordinates": [ [ [ -86.764619636792503, 21.126855243314367 ], [ -86.764803822541808, 21.126955358319798 ], [ -86.764803507594962, 21.127155076311031 ], [ -86.764619006405127, 21.127254679291536 ], [ -86.764434820414507, 21.127154564086414 ], [ -86.764435135855052, 21.126954846100471 ], [ -86.764619636792503, 21.126855243314367 ] ] ] } },
{ "type": "Feature", "properties": { "hex_id": 1003, "tipo_actual": "urbano" }, "geometry": { "type": "Polygon", "coordinates": [ [ [ -86.764618691205911, 21.127454397273048 ], [ -86.764802877690229, 21.127554512279367 ], [ -86.764802562732328, 21.127754230256471 ], [ -86.764618060796408, 21.12785383322197 ], [ -86.764433874070775, 21.127753718015967 ], [ -86.764434189522376, 21.12755400004416 ], [ -86.764618691205911, 21.127454397273048 ] ] ] } },
{ "type": "Feature", "properties": { "hex_id": 1004, "tipo_actual": "urbano" }, "geometry": { "type": "Polygon", "coordinates": [ [ [ -86.764617745586122, 21.12805355118936 ], [ -86.764801932805469, 21.12815366619655 ], [ -86.764801617836525, 21.128353384159521 ], [ -86.764617115154493, 21.12845298711002 ], [ -86.764432927693818, 21.128352871903129 ], [ -86.764433243156489, 21.128153153945458 ], [ -86.764617745586122, 21.12805355118936 ] ] ] } },
{ "type": "Feature", "properties": { "hex_id": 1005, "tipo_actual": "urbano" }, "geometry": { "type": "Polygon", "coordinates": [ [ [ -86.764616799933151, 21.128652705063281 ], [ -86.764800987887554, 21.128752820071348 ], [ -86.764800672907555, 21.12895253802019 ], [ -86.764616169479396, 21.129052140955686 ], [ -86.764431981283636, 21.128952025747918 ], [ -86.764432296757377, 21.128752307804369 ], [ -86.764616799933151, 21.128652705063281 ] ] ] } },
{ "type": "Feature", "properties": { "hex_id": 1006, "tipo_actual": "urbano" }, "geometry": { "type": "Polygon", "coordinates": [ [ [ -86.764615854246998, 21.129251858894822 ], [ -86.764800042936486, 21.129351973903756 ], [ -86.76479972794543, 21.129551691838476 ], [ -86.764615223771102, 21.129651294758961 ], [ -86.764431034840257, 21.129551179550315 ], [ -86.764431350325069, 21.129351461620896 ], [ -86.764615854246998, 21.129251858894822 ] ] ] } },
{ "type": "Feature", "properties": { "hex_id": 1007, "tipo_actual": "urbano" }, "geometry": { "type": "Polygon", "coordinates": [ [ [ -86.764614908527633, 21.129851012683975 ], [ -86.764799097952263, 21.129951127693776 ], [ -86.764798782950137, 21.130150845614367 ], [ -86.764614278029626, 21.130250448519856 ], [ -86.764430088363639, 21.130150333310329 ], [ -86.764430403859535, 21.129950615395039 ], [ -86.764614908527633, 21.129851012683975 ] ] ] } },
{ "type": "Feature", "properties": { "hex_id": 1008, "tipo_actual": "verde_inundable" }, "geometry": { "type": "Polygon", "coordinates": [ [ [ -86.764613962775087, 21.130450166430737 ], [ -86.764798152934858, 21.130550281441419 ], [ -86.764797837921677, 21.130749999347877 ], [ -86.764613332254953, 21.130849602238357 ], [ -86.764429141853824, 21.130749487027952 ], [ -86.764429457360791, 21.130549769126787 ], [ -86.764613962775087, 21.130450166430737 ] ] ] } },
{ "type": "Feature", "properties": { "hex_id": 1009, "tipo_actual": "verde_inundable" }, "geometry": { "type": "Polygon", "coordinates": [ [ [ -86.764613016989358, 21.131049320135112 ], [ -86.7647972078843, 21.131149435146668 ], [ -86.764796892860062, 21.131349153038997 ], [ -86.764612386447098, 21.13144875591448 ], [ -86.764428195310785, 21.131348640703187 ], [ -86.764428510828822, 21.131148922816156 ], [ -86.764613016989358, 21.131049320135112 ] ] ] } },
{ "type": "Feature", "properties": { "hex_id": 1010, "tipo_actual": "verde_inundable" }, "geometry": { "type": "Polygon", "coordinates": [ [ [ -86.764612071170433, 21.1316484737971 ], [ -86.764796262800559, 21.131748588809526 ], [ -86.764795947765279, 21.131948306687729 ], [ -86.764611440606046, 21.132047909548202 ], [ -86.764427248734535, 21.131947794336028 ], [ -86.764427564263642, 21.131748076463133 ], [ -86.764612071170433, 21.1316484737971 ] ] ] } },
{ "type": "Feature", "properties": { "hex_id": 1011, "tipo_actual": "verde_general" }, "geometry": { "type": "Polygon", "coordinates": [ [ [ -86.764611125318325, 21.132247627416692 ], [ -86.764795317683664, 21.132347742429999 ], [ -86.764795002637328, 21.13254746029407 ], [ -86.764610494731798, 21.13264706313954 ], [ -86.764426302125074, 21.132546947926489 ], [ -86.764426617665251, 21.132347230067719 ], [ -86.764611125318325, 21.132247627416692 ] ] ] } },
{ "type": "Feature", "properties": { "hex_id": 1012, "tipo_actual": "verde_manglar" }, "geometry": { "type": "Polygon", "coordinates": [ [ [ -86.764610179433006, 21.132846780993894 ], [ -86.764794372533615, 21.132946896008072 ], [ -86.764794057476223, 21.133146613858017 ], [ -86.764609548824367, 21.133246216688491 ], [ -86.764425355482373, 21.133146101474555 ], [ -86.764425671033635, 21.132946383629907 ], [ -86.764610179433006, 21.132846780993894 ] ] ] } },
{ "type": "Feature", "properties": { "hex_id": 1015, "tipo_actual": "verde_inundable" }, "geometry": { "type": "Polygon", "coordinates": [ [ [ -86.764607341577928, 21.13464424147115 ], [ -86.764791536884417, 21.13474435648796 ], [ -86.764791221793871, 21.134944074295504 ], [ -86.76460671090291, 21.135043677080954 ], [ -86.76442251535498, 21.134943561864382 ], [ -86.764422830939466, 21.134743844062136 ], [ -86.764607341577928, 21.13464424147115 ] ] ] } },
{ "type": "Feature", "properties": { "hex_id": 1016, "tipo_actual": "urbano" }, "geometry": { "type": "Polygon", "coordinates": [ [ [ -86.764606395559852, 21.135243394878781 ], [ -86.764790591601695, 21.135343509896462 ], [ -86.764790276500079, 21.135543227689876 ], [ -86.764605764862694, 21.135642830460316 ], [ -86.764421568579408, 21.13554271524287 ], [ -86.764421884174965, 21.13534299745475 ], [ -86.764606395559852, 21.135243394878781 ] ] ] } },
{ "type": "Feature", "properties": { "hex_id": 1017, "tipo_actual": "urbano" }, "geometry": { "type": "Polygon", "coordinates": [ [ [ -86.764605449508565, 21.135842548244018 ], [ -86.764789646285791, 21.135942663262568 ], [ -86.76478933117312, 21.136142381041847 ], [ -86.76460481878928, 21.136241983797287 ], [ -86.764420621770626, 21.136141868578953 ], [ -86.764420937377238, 21.135942150804976 ], [ -86.764605449508565, 21.135842548244018 ] ] ] } },
{ "type": "Feature", "properties": { "hex_id": 1018, "tipo_actual": "urbano" }, "geometry": { "type": "Polygon", "coordinates": [ [ [ -86.76460450342411, 21.136441701566852 ], [ -86.76478870093672, 21.136541816586277 ], [ -86.764788385812992, 21.136741534351426 ], [ -86.764603872682684, 21.13684113709186 ], [ -86.764419674928618, 21.136741021872652 ], [ -86.764419990546301, 21.136541304112797 ], [ -86.76460450342411, 21.136441701566852 ] ] ] } },
{ "type": "Feature", "properties": { "hex_id": 1019, "tipo_actual": "urbano" }, "geometry": { "type": "Polygon", "coordinates": [ [ [ -86.764603557306444, 21.137040854847296 ], [ -86.76478775555448, 21.137140969867584 ], [ -86.764787440419681, 21.137340687618611 ], [ -86.764602926542878, 21.137440290344035 ], [ -86.764418728053386, 21.137340175123946 ], [ -86.764419043682153, 21.137140457378226 ], [ -86.764603557306444, 21.137040854847296 ] ] ] } },
{ "type": "Feature", "properties": { "hex_id": 1033, "tipo_actual": "urbano" }, "geometry": { "type": "Polygon", "coordinates": [ [ [ -86.764435766725043, 21.126555410114474 ], [ -86.764619951980663, 21.126655525318718 ], [ -86.764619636792503, 21.126855243314367 ], [ -86.764435135855052, 21.126954846100471 ], [ -86.764250950358132, 21.126854730696543 ], [ -86.764251266039977, 21.126655012706195 ], [ -86.764435766725043, 21.126555410114474 ] ] ] } },
{ "type": "Feature", "properties": { "hex_id": 1034, "tipo_actual": "urbano" }, "geometry": { "type": "Polygon", "coordinates": [ [ [ -86.764434820414507, 21.127154564086414 ], [ -86.764619006405127, 21.127254679291536 ], [ -86.764618691205911, 21.127454397273048 ], [ -86.764434189522376, 21.12755400004416 ], [ -86.764250003290456, 21.127453884639333 ], [ -86.764250318983372, 21.127254166663114 ], [ -86.764434820414507, 21.127154564086414 ] ] ] } },
{ "type": "Feature", "properties": { "hex_id": 1035, "tipo_actual": "urbano" }, "geometry": { "type": "Polygon", "coordinates": [ [ [ -86.764433874070775, 21.127753718015967 ], [ -86.764618060796408, 21.12785383322197 ], [ -86.764617745586122, 21.12805355118936 ], [ -86.764433243156489, 21.128153153945458 ], [ -86.764249056189527, 21.128053038539747 ], [ -86.764249371893541, 21.127853320577653 ], [ -86.764433874070775, 21.127753718015967 ] ] ] } },
{ "type": "Feature", "properties": { "hex_id": 1036, "tipo_actual": "urbano" }, "geometry": { "type": "Polygon", "coordinates": [ [ [ -86.764432927693818, 21.128352871903129 ], [ -86.764617115154493, 21.12845298711002 ], [ -86.764616799933151, 21.128652705063281 ], [ -86.764432296757377, 21.128752307804369 ], [ -86.764248109055387, 21.128652192397766 ], [ -86.764248424770457, 21.128452474449809 ], [ -86.764432927693818, 21.128352871903129 ] ] ] } },
{ "type": "Feature", "properties": { "hex_id": 1037, "tipo_actual": "urbano" }, "geometry": { "type": "Polygon", "coordinates": [ [ [ -86.764431981283636, 21.128952025747918 ], [ -86.764616169479396, 21.129052140955686 ], [ -86.764615854246998, 21.129251858894822 ], [ -86.764431350325069, 21.129351461620896 ], [ -86.76424716188798, 21.129251346213412 ], [ -86.764247477614134, 21.129051628279576 ], [ -86.764431981283636, 21.128952025747918 ] ] ] } },
{ "type": "Feature", "properties": { "hex_id": 1038, "tipo_actual": "urbano" }, "geometry": { "type": "Polygon", "coordinates": [ [ [ -86.764431034840257, 21.129551179550315 ], [ -86.764615223771102, 21.129651294758961 ], [ -86.764614908527633, 21.129851012683975 ], [ -86.764430403859535, 21.129950615395039 ], [ -86.764246214687333, 21.129850499986667 ], [ -86.764246530424586, 21.129650782066957 ], [ -86.764431034840257, 21.129551179550315 ] ] ] } },
{ "type": "Feature", "properties": { "hex_id": 1039, "tipo_actual": "urbano" }, "geometry": { "type": "Polygon", "coordinates": [ [ [ -86.764430088363639, 21.130150333310329 ], [ -86.764614278029626, 21.130250448519856 ], [ -86.764613962775087, 21.130450166430737 ], [ -86.764429457360791, 21.130549769126787 ], [ -86.764245267453461, 21.130449653717537 ], [ -86.76424558320177, 21.130249935811957 ], [ -86.764430088363639, 21.130150333310329 ] ] ] } },
{ "type": "Feature", "properties": { "hex_id": 1040, "tipo_actual": "verde_inundable" }, "geometry": { "type": "Polygon", "coordinates": [ [ [ -86.764429141853824, 21.130749487027952 ], [ -86.764613332254953, 21.130849602238357 ], [ -86.764613016989358, 21.131049320135112 ], [ -86.764428510828822, 21.131148922816156 ], [ -86.764244320186336, 21.13104880740601 ], [ -86.76424463594573, 21.130849089514562 ], [ -86.764429141853824, 21.130749487027952 ] ] ] } },
{ "type": "Feature", "properties": { "hex_id": 1041, "tipo_actual": "verde_inundable" }, "geometry": { "type": "Polygon", "coordinates": [ [ [ -86.764428195310785, 21.131348640703187 ], [ -86.764612386447098, 21.13144875591448 ], [ -86.764612071170433, 21.1316484737971 ], [ -86.764427564263642, 21.131748076463133 ], [ -86.764243372885957, 21.131647961052099 ], [ -86.76424368865645, 21.131448243174777 ], [ -86.764428195310785, 21.131348640703187 ] ] ] } },
{ "type": "Feature", "properties": { "hex_id": 1042, "tipo_actual": "verde_inundable" }, "geometry": { "type": "Polygon", "coordinates": [ [ [ -86.764427248734535, 21.131947794336028 ], [ -86.764611440606046, 21.132047909548202 ], [ -86.764611125318325, 21.132247627416692 ], [ -86.764426617665251, 21.132347230067719 ], [ -86.764242425552354, 21.132247114655801 ], [ -86.764242741333916, 21.132047396792608 ], [ -86.764427248734535, 21.131947794336028 ] ] ] } },
{ "type": "Feature", "properties": { "hex_id": 1043, "tipo_actual": "verde_manglar" }, "geometry": { "type": "Polygon", "coordinates": [ [ [ -86.764426302125074, 21.132546947926489 ], [ -86.764610494731798, 21.13264706313954 ], [ -86.764610179433006, 21.132846780993894 ], [ -86.764425671033635, 21.132946383629907 ], [ -86.764241478185511, 21.132846268217108 ], [ -86.764241793978144, 21.132646550368051 ], [ -86.764426302125074, 21.132546947926489 ] ] ] } },
{ "type": "Feature", "properties": { "hex_id": 1046, "tipo_actual": "verde_inundable" }, "geometry": { "type": "Polygon", "coordinates": [ [ [ -86.764423462097341, 21.134344408443503 ], [ -86.764607656909916, 21.134444523659191 ], [ -86.764607341577928, 21.13464424147115 ], [ -86.764422830939466, 21.134743844062136 ], [ -86.764238635885462, 21.134643728646672 ], [ -86.764238951711363, 21.134444010840006 ], [ -86.764423462097341, 21.134344408443503 ] ] ] } },
{ "type": "Feature", "properties": { "hex_id": 1047, "tipo_actual": "urbano" }, "geometry": { "type": "Polygon", "coordinates": [ [ [ -86.76442251535498, 21.134943561864382 ], [ -86.76460671090291, 21.135043677080954 ], [ -86.764606395559852, 21.135243394878781 ], [ -86.764421884174965, 21.13534299745475 ], [ -86.76423768838562, 21.135242882038405 ], [ -86.764238004222605, 21.135043164245875 ], [ -86.76442251535498, 21.134943561864382 ] ] ] } },
{ "type": "Feature", "properties": { "hex_id": 1048, "tipo_actual": "urbano" }, "geometry": { "type": "Polygon", "coordinates": [ [ [ -86.764421568579408, 21.13554271524287 ], [ -86.764605764862694, 21.135642830460316 ], [ -86.764605449508565, 21.135842548244018 ], [ -86.764420937377238, 21.135942150804976 ], [ -86.764236740852553, 21.135842035387746 ], [ -86.764237056700594, 21.135642317609342 ], [ -86.764421568579408, 21.13554271524287 ] ] ] } },
{ "type": "Feature", "properties": { "hex_id": 1049, "tipo_actual": "verde_inundable" }, "geometry": { "type": "Polygon", "coordinates": [ [ [ -86.764420621770626, 21.136141868578953 ], [ -86.76460481878928, 21.136241983797287 ], [ -86.76460450342411, 21.136441701566852 ], [ -86.764419990546301, 21.136541304112797 ], [ -86.764235793286218, 21.136441188694679 ], [ -86.764236109145358, 21.136241470930415 ], [ -86.764420621770626, 21.136141868578953 ] ] ] } },
{ "type": "Feature", "properties": { "hex_id": 1050, "tipo_actual": "urbano" }, "geometry": { "type": "Polygon", "coordinates": [ [ [ -86.764419674928618, 21.136741021872652 ], [ -86.764603872682684, 21.13684113709186 ], [ -86.764603557306444, 21.137040854847296 ], [ -86.764419043682153, 21.137140457378226 ], [ -86.76423484568663, 21.137040341959224 ], [ -86.764235161556854, 21.136840624209089 ], [ -86.764419674928618, 21.136741021872652 ] ] ] } },
{ "type": "Feature", "properties": { "hex_id": 1051, "tipo_actual": "verde_inundable" }, "geometry": { "type": "Polygon", "coordinates": [ [ [ -86.764418728053386, 21.137340175123946 ], [ -86.764602926542878, 21.137440290344035 ], [ -86.764602611155567, 21.137640008085338 ], [ -86.764418096784766, 21.137739610601255 ], [ -86.764233898053803, 21.137639495181368 ], [ -86.764234213935111, 21.137439777445362 ], [ -86.764418728053386, 21.137340175123946 ] ] ] } },
{ "type": "Feature", "properties": { "hex_id": 1063, "tipo_actual": "verde_inundable" }, "geometry": { "type": "Polygon", "coordinates": [ [ [ -86.764251897392569, 21.126255576711362 ], [ -86.764436082154504, 21.126355692114409 ], [ -86.764435766725043, 21.126555410114474 ], [ -86.764251266039977, 21.126655012706195 ], [ -86.764067081036728, 21.126554897103457 ], [ -86.764067396959874, 21.1263551791087 ], [ -86.764251897392569, 21.126255576711362 ] ] ] } },
{ "type": "Feature", "properties": { "hex_id": 1064, "tipo_actual": "urbano" }, "geometry": { "type": "Polygon", "coordinates": [ [ [ -86.764250950358132, 21.126854730696543 ], [ -86.764435135855052, 21.126954846100471 ], [ -86.764434820414507, 21.127154564086414 ], [ -86.764250318983372, 21.127254166663114 ], [ -86.764066133245151, 21.127154051059485 ], [ -86.764066449179381, 21.126954333078853 ], [ -86.764250950358132, 21.126854730696543 ] ] ] } },
{ "type": "Feature", "properties": { "hex_id": 1065, "tipo_actual": "urbano" }, "geometry": { "type": "Polygon", "coordinates": [ [ [ -86.764250003290456, 21.127453884639333 ], [ -86.764434189522376, 21.12755400004416 ], [ -86.764433874070775, 21.127753718015967 ], [ -86.764249371893541, 21.127853320577653 ], [ -86.764065185420293, 21.127753204973132 ], [ -86.764065501365607, 21.127553487006626 ], [ -86.764250003290456, 21.127453884639333 ] ] ] } },
{ "type": "Feature", "properties": { "hex_id": 1066, "tipo_actual": "urbano" }, "geometry": { "type": "Polygon", "coordinates": [ [ [ -86.764249056189527, 21.128053038539747 ], [ -86.764433243156489, 21.128153153945458 ], [ -86.764432927693818, 21.128352871903129 ], [ -86.764248424770457, 21.128452474449809 ], [ -86.764064237562181, 21.128352358844388 ], [ -86.76406455351858, 21.128152640892022 ], [ -86.764249056189527, 21.128053038539747 ] ] ] } },
{ "type": "Feature", "properties": { "hex_id": 1067, "tipo_actual": "urbano" }, "geometry": { "type": "Polygon", "coordinates": [ [ [ -86.764248109055387, 21.128652192397766 ], [ -86.764432296757377, 21.128752307804369 ], [ -86.764431981283636, 21.128952025747918 ], [ -86.764247477614134, 21.129051628279576 ], [ -86.764063289670787, 21.128951512673265 ], [ -86.764063605638285, 21.128751794735027 ], [ -86.764248109055387, 21.128652192397766 ] ] ] } },
{ "type": "Feature", "properties": { "hex_id": 1068, "tipo_actual": "urbano" }, "geometry": { "type": "Polygon", "coordinates": [ [ [ -86.76424716188798, 21.129251346213412 ], [ -86.764431350325069, 21.129351461620896 ], [ -86.764431034840257, 21.129551179550315 ], [ -86.764246530424586, 21.129650782066957 ], [ -86.764062341746154, 21.12955066645976 ], [ -86.764062657724736, 21.129350948535638 ], [ -86.76424716188798, 21.129251346213412 ] ] ] } },
{ "type": "Feature", "properties": { "hex_id": 1069, "tipo_actual": "urbano" }, "geometry": { "type": "Polygon", "coordinates": [ [ [ -86.764246214687333, 21.129850499986667 ], [ -86.764430403859535, 21.129950615395039 ], [ -86.764430088363639, 21.130150333310329 ], [ -86.76424558320177, 21.130249935811957 ], [ -86.764061393788225, 21.130149820203862 ], [ -86.764061709777906, 21.129950102293872 ], [ -86.764246214687333, 21.129850499986667 ] ] ] } },
{ "type": "Feature", "properties": { "hex_id": 1070, "tipo_actual": "verde_inundable" }, "geometry": { "type": "Polygon", "coordinates": [ [ [ -86.764245267453461, 21.130449653717537 ], [ -86.764429457360791, 21.130549769126787 ], [ -86.764429141853824, 21.130749487027952 ], [ -86.76424463594573, 21.130849089514562 ], [ -86.764060445797043, 21.130748973905579 ], [ -86.764060761797808, 21.130549256009719 ], [ -86.764245267453461, 21.130449653717537 ] ] ] } },
{ "type": "Feature", "properties": { "hex_id": 1071, "tipo_actual": "verde_inundable" }, "geometry": { "type": "Polygon", "coordinates": [ [ [ -86.764244320186336, 21.13104880740601 ], [ -86.764428510828822, 21.131148922816156 ], [ -86.764428195310785, 21.131348640703187 ], [ -86.76424368865645, 21.131448243174777 ], [ -86.764059497772593, 21.131348127564902 ], [ -86.764059813784428, 21.131148409683171 ], [ -86.764244320186336, 21.13104880740601 ] ] ] } },
{ "type": "Feature", "properties": { "hex_id": 1072, "tipo_actual": "verde_inundable" }, "geometry": { "type": "Polygon", "coordinates": [ [ [ -86.764243372885957, 21.131647961052099 ], [ -86.764427564263642, 21.131748076463133 ], [ -86.764427248734535, 21.131947794336028 ], [ -86.764242741333916, 21.132047396792608 ], [ -86.764058549714875, 21.131947281181837 ], [ -86.764058865737795, 21.131747563314242 ], [ -86.764243372885957, 21.131647961052099 ] ] ] } },
{ "type": "Feature", "properties": { "hex_id": 1073, "tipo_actual": "verde_inundable" }, "geometry": { "type": "Polygon", "coordinates": [ [ [ -86.764242425552354, 21.132247114655801 ], [ -86.764426617665251, 21.132347230067719 ], [ -86.764426302125074, 21.132546947926489 ], [ -86.764241793978144, 21.132646550368051 ], [ -86.764057601623875, 21.132546434756385 ], [ -86.764057917657894, 21.132346716902912 ], [ -86.764242425552354, 21.132247114655801 ] ] ] } },
{ "type": "Feature", "properties": { "hex_id": 1074, "tipo_actual": "verde_manglar" }, "geometry": { "type": "Polygon", "coordinates": [ [ [ -86.764241478185511, 21.132846268217108 ], [ -86.764425671033635, 21.132946383629907 ], [ -86.764425355482373, 21.133146101474555 ], [ -86.764240846589118, 21.1332457039011 ], [ -86.764056653499608, 21.133145588288539 ], [ -86.764056969544725, 21.132945870449195 ], [ -86.764241478185511, 21.132846268217108 ] ] ] } },
{ "type": "Feature", "properties": { "hex_id": 1076, "tipo_actual": "verde_inundable" }, "geometry": { "type": "Polygon", "coordinates": [ [ [ -86.764239583352051, 21.134044575212545 ], [ -86.764423777670743, 21.134144690627114 ], [ -86.764423462097341, 21.134344408443503 ], [ -86.764238951711363, 21.134444010840006 ], [ -86.764054757151271, 21.134343895225665 ], [ -86.764055073218572, 21.134144177414584 ], [ -86.764239583352051, 21.134044575212545 ] ] ] } },
{ "type": "Feature", "properties": { "hex_id": 1077, "tipo_actual": "verde_general" }, "geometry": { "type": "Polygon", "coordinates": [ [ [ -86.764238635885462, 21.134643728646672 ], [ -86.764422830939466, 21.134743844062136 ], [ -86.76442251535498, 21.134943561864382 ], [ -86.764238004222605, 21.135043164245875 ], [ -86.764053808927201, 21.134943048630639 ], [ -86.764054125005586, 21.134743330833693 ], [ -86.764238635885462, 21.134643728646672 ] ] ] } },
{ "type": "Feature", "properties": { "hex_id": 1078, "tipo_actual": "urbano" }, "geometry": { "type": "Polygon", "coordinates": [ [ [ -86.76423768838562, 21.135242882038405 ], [ -86.764421884174965, 21.13534299745475 ], [ -86.764421568579408, 21.13554271524287 ], [ -86.764237056700594, 21.135642317609342 ], [ -86.764052860669835, 21.135542201993214 ], [ -86.764053176759319, 21.135342484210405 ], [ -86.76423768838562, 21.135242882038405 ] ] ] } },
{ "type": "Feature", "properties": { "hex_id": 1079, "tipo_actual": "urbano" }, "geometry": { "type": "Polygon", "coordinates": [ [ [ -86.764236740852553, 21.135842035387746 ], [ -86.764420937377238, 21.135942150804976 ], [ -86.764420621770626, 21.136141868578953 ], [ -86.764236109145358, 21.136241470930415 ], [ -86.764051912379216, 21.136141355313395 ], [ -86.764052228479798, 21.135941637544711 ], [ -86.764236740852553, 21.135842035387746 ] ] ] } },
{ "type": "Feature", "properties": { "hex_id": 1080, "tipo_actual": "urbano" }, "geometry": { "type": "Polygon", "coordinates": [ [ [ -86.764235793286218, 21.136441188694679 ], [ -86.764419990546301, 21.136541304112797 ], [ -86.764419674928618, 21.136741021872652 ], [ -86.764235161556854, 21.136840624209089 ], [ -86.764050964055315, 21.136740508591178 ], [ -86.764051280166981, 21.136540790836627 ], [ -86.764235793286218, 21.136441188694679 ] ] ] } },
{ "type": "Feature", "properties": { "hex_id": 1081, "tipo_actual": "urbano" }, "geometry": { "type": "Polygon", "coordinates": [ [ [ -86.76423484568663, 21.137040341959224 ], [ -86.764419043682153, 21.137140457378226 ], [ -86.764418728053386, 21.137340175123946 ], [ -86.764234213935111, 21.137439777445362 ], [ -86.764050015698146, 21.137339661826562 ], [ -86.764050331820897, 21.13713994408614 ], [ -86.76423484568663, 21.137040341959224 ] ] ] } },
{ "type": "Feature", "properties": { "hex_id": 1095, "tipo_actual": "urbano" }, "geometry": { "type": "Polygon", "coordinates": [ [ [ -86.764067081036728, 21.126554897103457 ], [ -86.764251266039977, 21.126655012706195 ], [ -86.764250950358132, 21.126854730696543 ], [ -86.764066449179381, 21.126954333078853 ], [ -86.763882263934832, 21.126854217276424 ], [ -86.763882580110348, 21.12665449929138 ], [ -86.764067081036728, 21.126554897103457 ] ] ] } },
{ "type": "Feature", "properties": { "hex_id": 1096, "tipo_actual": "urbano" }, "geometry": { "type": "Polygon", "coordinates": [ [ [ -86.764066133245151, 21.127154051059485 ], [ -86.764250318983372, 21.127254166663114 ], [ -86.764250003290456, 21.127453884639333 ], [ -86.764065501365607, 21.127553487006626 ], [ -86.763881315386087, 21.127453371203298 ], [ -86.763881631572687, 21.12725365323239 ], [ -86.764066133245151, 21.127154051059485 ] ] ] } },
{ "type": "Feature", "properties": { "hex_id": 1097, "tipo_actual": "urbano" }, "geometry": { "type": "Polygon", "coordinates": [ [ [ -86.764065185420293, 21.127753204973132 ], [ -86.764249371893541, 21.127853320577653 ], [ -86.764249056189527, 21.128053038539747 ], [ -86.76406455351858, 21.128152640892022 ], [ -86.763880366804031, 21.128052525087785 ], [ -86.76388068300173, 21.127852807130999 ], [ -86.764065185420293, 21.127753204973132 ] ] ] } },
{ "type": "Feature", "properties": { "hex_id": 1098, "tipo_actual": "urbano" }, "geometry": { "type": "Polygon", "coordinates": [ [ [ -86.764064237562181, 21.128352358844388 ], [ -86.764248424770457, 21.128452474449809 ], [ -86.764248109055387, 21.128652192397766 ], [ -86.764063605638285, 21.128751794735027 ], [ -86.763879418188679, 21.128651678929891 ], [ -86.763879734397491, 21.128451960987238 ], [ -86.764064237562181, 21.128352358844388 ] ] ] } },
{ "type": "Feature", "properties": { "hex_id": 1099, "tipo_actual": "urbano" }, "geometry": { "type": "Polygon", "coordinates": [ [ [ -86.764063289670787, 21.128951512673265 ], [ -86.764247477614134, 21.129051628279576 ], [ -86.76424716188798, 21.129251346213412 ], [ -86.764062657724736, 21.129350948535638 ], [ -86.763878469540046, 21.129250832729614 ], [ -86.763878785759971, 21.129051114801083 ], [ -86.764063289670787, 21.128951512673265 ] ] ] } },
{ "type": "Feature", "properties": { "hex_id": 1100, "tipo_actual": "urbano" }, "geometry": { "type": "Polygon", "coordinates": [ [ [ -86.764062341746154, 21.12955066645976 ], [ -86.764246530424586, 21.129650782066957 ], [ -86.764246214687333, 21.129850499986667 ], [ -86.764061709777906, 21.129950102293872 ], [ -86.763877520858131, 21.129849986486946 ], [ -86.763877837089126, 21.129650268572544 ], [ -86.764062341746154, 21.12955066645976 ] ] ] } },
{ "type": "Feature", "properties": { "hex_id": 1101, "tipo_actual": "urbano" }, "geometry": { "type": "Polygon", "coordinates": [ [ [ -86.764061393788225, 21.130149820203862 ], [ -86.76424558320177, 21.130249935811957 ], [ -86.764245267453461, 21.130449653717537 ], [ -86.764060761797808, 21.130549256009719 ], [ -86.763876572142905, 21.130449140201893 ], [ -86.763876888385013, 21.13024942230162 ], [ -86.764061393788225, 21.130149820203862 ] ] ] } },
{ "type": "Feature", "properties": { "hex_id": 1102, "tipo_actual": "verde_general" }, "geometry": { "type": "Polygon", "coordinates": [ [ [ -86.764060445797043, 21.130748973905579 ], [ -86.76424463594573, 21.130849089514562 ], [ -86.764244320186336, 21.13104880740601 ], [ -86.764059813784428, 21.131148409683171 ], [ -86.763875623394384, 21.131048293874446 ], [ -86.76387593964759, 21.130848575988303 ], [ -86.764060445797043, 21.130748973905579 ] ] ] } },
{ "type": "Feature", "properties": { "hex_id": 1103, "tipo_actual": "verde_inundable" }, "geometry": { "type": "Polygon", "coordinates": [ [ [ -86.764059497772593, 21.131348127564902 ], [ -86.76424368865645, 21.131448243174777 ], [ -86.764243372885957, 21.131647961052099 ], [ -86.764058865737795, 21.131747563314242 ], [ -86.76387467461258, 21.131647447504616 ], [ -86.763874990876872, 21.131447729632605 ], [ -86.764059497772593, 21.131348127564902 ] ] ] } },
{ "type": "Feature", "properties": { "hex_id": 1104, "tipo_actual": "verde_inundable" }, "geometry": { "type": "Polygon", "coordinates": [ [ [ -86.764058549714875, 21.131947281181837 ], [ -86.764242741333916, 21.132047396792608 ], [ -86.764242425552354, 21.132247114655801 ], [ -86.764057917657894, 21.132346716902912 ], [ -86.763873725797467, 21.13224660109239 ], [ -86.763874042072871, 21.132046883234509 ], [ -86.764058549714875, 21.131947281181837 ] ] ] } },
{ "type": "Feature", "properties": { "hex_id": 1105, "tipo_actual": "verde_manglar" }, "geometry": { "type": "Polygon", "coordinates": [ [ [ -86.764057601623875, 21.132546434756385 ], [ -86.764241793978144, 21.132646550368051 ], [ -86.764241478185511, 21.132846268217108 ], [ -86.764056969544725, 21.132945870449195 ], [ -86.763872776949071, 21.132845754637774 ], [ -86.763873093235574, 21.132646036794029 ], [ -86.764057601623875, 21.132546434756385 ] ] ] } },
{ "type": "Feature", "properties": { "hex_id": 1108, "tipo_actual": "urbano" }, "geometry": { "type": "Polygon", "coordinates": [ [ [ -86.764054757151271, 21.134343895225665 ], [ -86.764238951711363, 21.134444010840006 ], [ -86.764238635885462, 21.134643728646672 ], [ -86.764054125005586, 21.134743330833693 ], [ -86.763869930204081, 21.134643215019572 ], [ -86.763870246523865, 21.134443497218221 ], [ -86.764054757151271, 21.134343895225665 ] ] ] } },
{ "type": "Feature", "properties": { "hex_id": 1109, "tipo_actual": "urbano" }, "geometry": { "type": "Polygon", "coordinates": [ [ [ -86.764053808927201, 21.134943048630639 ], [ -86.764238004222605, 21.135043164245875 ], [ -86.76423768838562, 21.135242882038405 ], [ -86.764053176759319, 21.135342484210405 ], [ -86.763868981222487, 21.135242368395385 ], [ -86.763869297553384, 21.135042650608163 ], [ -86.764053808927201, 21.134943048630639 ] ] ] } },
{ "type": "Feature", "properties": { "hex_id": 1110, "tipo_actual": "urbano" }, "geometry": { "type": "Polygon", "coordinates": [ [ [ -86.764052860669835, 21.135542201993214 ], [ -86.764237056700594, 21.135642317609342 ], [ -86.764236740852553, 21.135842035387746 ], [ -86.764052228479798, 21.135941637544711 ], [ -86.763868032207597, 21.1358415217288 ], [ -86.763868348549593, 21.135641803955707 ], [ -86.764052860669835, 21.135542201993214 ] ] ] } },
{ "type": "Feature", "properties": { "hex_id": 1111, "tipo_actual": "urbano" }, "geometry": { "type": "Polygon", "coordinates": [ [ [ -86.764051912379216, 21.136141355313395 ], [ -86.764236109145358, 21.136241470930415 ], [ -86.764235793286218, 21.136441188694679 ], [ -86.764051280166981, 21.136540790836627 ], [ -86.763867083159397, 21.136440675019813 ], [ -86.763867399512492, 21.136240957260849 ], [ -86.764051912379216, 21.136141355313395 ] ] ] } },
{ "type": "Feature", "properties": { "hex_id": 1112, "tipo_actual": "urbano" }, "geometry": { "type": "Polygon", "coordinates": [ [ [ -86.764050964055315, 21.136740508591178 ], [ -86.764235161556854, 21.136840624209089 ], [ -86.76423484568663, 21.137040341959224 ], [ -86.764050331820897, 21.13713994408614 ], [ -86.763866134077915, 21.137039828268435 ], [ -86.763866450442109, 21.136840110523611 ], [ -86.764050964055315, 21.136740508591178 ] ] ] } },
{ "type": "Feature", "properties": { "hex_id": 1126, "tipo_actual": "urbano" }, "geometry": { "type": "Polygon", "coordinates": [ [ [ -86.763882263934832, 21.126854217276424 ], [ -86.764066449179381, 21.126954333078853 ], [ -86.764066133245151, 21.127154051059485 ], [ -86.763881631572687, 21.12725365323239 ], [ -86.763697446086866, 21.12715353723026 ], [ -86.763697762514781, 21.126953819254936 ], [ -86.763882263934832, 21.126854217276424 ] ] ] } },
{ "type": "Feature", "properties": { "hex_id": 1127, "tipo_actual": "urbano" }, "geometry": { "type": "Polygon", "coordinates": [ [ [ -86.763881315386087, 21.127453371203298 ], [ -86.764065501365607, 21.127553487006626 ], [ -86.764065185420293, 21.127753204973132 ], [ -86.76388068300173, 21.127852807130999 ], [ -86.763696496780909, 21.12775269112797 ], [ -86.763696813219923, 21.127552973166779 ], [ -86.763881315386087, 21.127453371203298 ] ] ] } },
{ "type": "Feature", "properties": { "hex_id": 1128, "tipo_actual": "urbano" }, "geometry": { "type": "Polygon", "coordinates": [ [ [ -86.763880366804031, 21.128052525087785 ], [ -86.76406455351858, 21.128152640892022 ], [ -86.764064237562181, 21.128352358844388 ], [ -86.763879734397491, 21.128451960987238 ], [ -86.763695547441628, 21.128351844983296 ], [ -86.763695863891755, 21.128152127036238 ], [ -86.763880366804031, 21.128052525087785 ] ] ] } },
{ "type": "Feature", "properties": { "hex_id": 1129, "tipo_actual": "urbano" }, "geometry": { "type": "Polygon", "coordinates": [ [ [ -86.763879418188679, 21.128651678929891 ], [ -86.764063605638285, 21.128751794735027 ], [ -86.764063289670787, 21.128951512673265 ], [ -86.763878785759971, 21.129051114801083 ], [ -86.763694598069037, 21.128950998796242 ], [ -86.763694914530262, 21.128751280863305 ], [ -86.763879418188679, 21.128651678929891 ] ] ] } },
{ "type": "Feature", "properties": { "hex_id": 1130, "tipo_actual": "urbano" }, "geometry": { "type": "Polygon", "coordinates": [ [ [ -86.763878469540046, 21.129250832729614 ], [ -86.764062657724736, 21.129350948535638 ], [ -86.764062341746154, 21.12955066645976 ], [ -86.763877837089126, 21.129650268572544 ], [ -86.763693648663136, 21.129550152566797 ], [ -86.763693965135474, 21.129350434647989 ], [ -86.763878469540046, 21.129250832729614 ] ] ] } },
{ "type": "Feature", "properties": { "hex_id": 1131, "tipo_actual": "urbano" }, "geometry": { "type": "Polygon", "coordinates": [ [ [ -86.763877520858131, 21.129849986486946 ], [ -86.764061709777906, 21.129950102293872 ], [ -86.764061393788225, 21.130149820203862 ], [ -86.763876888385013, 21.13024942230162 ], [ -86.763692699223895, 21.130149306294967 ], [ -86.763693015707346, 21.129949588390286 ], [ -86.763877520858131, 21.129849986486946 ] ] ] } },
{ "type": "Feature", "properties": { "hex_id": 1132, "tipo_actual": "urbano" }, "geometry": { "type": "Polygon", "coordinates": [ [ [ -86.763876572142905, 21.130449140201893 ], [ -86.764060761797808, 21.130549256009719 ], [ -86.764060445797043, 21.130748973905579 ], [ -86.76387593964759, 21.130848575988303 ], [ -86.763691749751345, 21.130748459980747 ], [ -86.763692066245895, 21.130548742090198 ], [ -86.763876572142905, 21.130449140201893 ] ] ] } },
{ "type": "Feature", "properties": { "hex_id": 1133, "tipo_actual": "verde_inundable" }, "geometry": { "type": "Polygon", "coordinates": [ [ [ -86.763875623394384, 21.131048293874446 ], [ -86.764059813784428, 21.131148409683171 ], [ -86.764059497772593, 21.131348127564902 ], [ -86.763874990876872, 21.131447729632605 ], [ -86.763690800245485, 21.13134761362414 ], [ -86.763691116751133, 21.13114789574772 ], [ -86.763875623394384, 21.131048293874446 ] ] ] } },
{ "type": "Feature", "properties": { "hex_id": 1134, "tipo_actual": "verde_inundable" }, "geometry": { "type": "Polygon", "coordinates": [ [ [ -86.76387467461258, 21.131647447504616 ], [ -86.764058865737795, 21.131747563314242 ], [ -86.764058549714875, 21.131947281181837 ], [ -86.763874042072871, 21.132046883234509 ], [ -86.763689850706285, 21.131946767225141 ], [ -86.763690167223047, 21.131747049362854 ], [ -86.76387467461258, 21.131647447504616 ] ] ] } },
{ "type": "Feature", "properties": { "hex_id": 1135, "tipo_actual": "verde_inundable" }, "geometry": { "type": "Polygon", "coordinates": [ [ [ -86.763873725797467, 21.13224660109239 ], [ -86.764057917657894, 21.132346716902912 ], [ -86.764057601623875, 21.132546434756385 ], [ -86.763873093235574, 21.132646036794029 ], [ -86.763688901133776, 21.132545920783752 ], [ -86.76368921766165, 21.13234620293559 ], [ -86.763873725797467, 21.13224660109239 ] ] ] } },
{ "type": "Feature", "properties": { "hex_id": 1136, "tipo_actual": "verde_manglar" }, "geometry": { "type": "Polygon", "coordinates": [ [ [ -86.763872776949071, 21.132845754637774 ], [ -86.764056969544725, 21.132945870449195 ], [ -86.764056653499608, 21.133145588288539 ], [ -86.763872144364967, 21.13324519031115 ], [ -86.763687951527928, 21.133145074299971 ], [ -86.7636882680669, 21.132945356465935 ], [ -86.763872776949071, 21.132845754637774 ] ] ] } },
{ "type": "Feature", "properties": { "hex_id": 1138, "tipo_actual": "urbano" }, "geometry": { "type": "Polygon", "coordinates": [ [ [ -86.763870879152364, 21.134044061601369 ], [ -86.764055073218572, 21.134144177414584 ], [ -86.764054757151271, 21.134343895225665 ], [ -86.763870246523865, 21.134443497218221 ], [ -86.763686052216286, 21.13434338120523 ], [ -86.763686368777485, 21.134143663399463 ], [ -86.763870879152364, 21.134044061601369 ] ] ] } },
{ "type": "Feature", "properties": { "hex_id": 1139, "tipo_actual": "urbano" }, "geometry": { "type": "Polygon", "coordinates": [ [ [ -86.763869930204081, 21.134643215019572 ], [ -86.764054125005586, 21.134743330833693 ], [ -86.764053808927201, 21.134943048630639 ], [ -86.763869297553384, 21.135042650608163 ], [ -86.763685102510479, 21.134942534594266 ], [ -86.76368541908279, 21.134742816802632 ], [ -86.763869930204081, 21.134643215019572 ] ] ] } },
{ "type": "Feature", "properties": { "hex_id": 1140, "tipo_actual": "urbano" }, "geometry": { "type": "Polygon", "coordinates": [ [ [ -86.763868981222487, 21.135242368395385 ], [ -86.764053176759319, 21.135342484210405 ], [ -86.764052860669835, 21.135542201993214 ], [ -86.763868348549593, 21.135641803955707 ], [ -86.763684152771347, 21.135541687940911 ], [ -86.763684469354757, 21.135341970163406 ], [ -86.763868981222487, 21.135242368395385 ] ] ] } },
{ "type": "Feature", "properties": { "hex_id": 1141, "tipo_actual": "urbano" }, "geometry": { "type": "Polygon", "coordinates": [ [ [ -86.763868032207597, 21.1358415217288 ], [ -86.764052228479798, 21.135941637544711 ], [ -86.764051912379216, 21.136141355313395 ], [ -86.763867399512492, 21.136240957260849 ], [ -86.763683202998877, 21.136140841245155 ], [ -86.763683519593414, 21.135941123481786 ], [ -86.763868032207597, 21.1358415217288 ] ] ] } },
{ "type": "Feature", "properties": { "hex_id": 1142, "tipo_actual": "urbano" }, "geometry": { "type": "Polygon", "coordinates": [ [ [ -86.763867083159397, 21.136440675019813 ], [ -86.764051280166981, 21.136540790836627 ], [ -86.764050964055315, 21.136740508591178 ], [ -86.763866450442109, 21.136840110523611 ], [ -86.76368225319311, 21.136739994507 ], [ -86.763682569798746, 21.136540276757763 ], [ -86.763867083159397, 21.136440675019813 ] ] ] } },
{ "type": "Feature", "properties": { "hex_id": 1143, "tipo_actual": "urbano" }, "geometry": { "type": "Polygon", "coordinates": [ [ [ -86.763866134077915, 21.137039828268435 ], [ -86.764050331820897, 21.13713994408614 ], [ -86.764050015698146, 21.137339661826562 ], [ -86.763865501338415, 21.137439263743961 ], [ -86.763681303353991, 21.137339147726451 ], [ -86.76368161997074, 21.137139429991343 ], [ -86.763866134077915, 21.137039828268435 ] ] ] } },
{ "type": "Feature", "properties": { "hex_id": 1157, "tipo_actual": "urbano" }, "geometry": { "type": "Polygon", "coordinates": [ [ [ -86.763698395359498, 21.126554383290163 ], [ -86.763882580110348, 21.12665449929138 ], [ -86.763882263934832, 21.126854217276424 ], [ -86.763697762514781, 21.126953819254936 ], [ -86.76351357752263, 21.126853703054017 ], [ -86.763513894191831, 21.126653985074292 ], [ -86.763698395359498, 21.126554383290163 ] ] ] } },
{ "type": "Feature", "properties": { "hex_id": 1158, "tipo_actual": "urbano" }, "geometry": { "type": "Polygon", "coordinates": [ [ [ -86.763697446086866, 21.12715353723026 ], [ -86.763881631572687, 21.12725365323239 ], [ -86.763881315386087, 21.127453371203298 ], [ -86.763696813219923, 21.127552973166779 ], [ -86.763512627492801, 21.127452856964947 ], [ -86.763512944173115, 21.12725313899935 ], [ -86.763697446086866, 21.12715353723026 ] ] ] } },
{ "type": "Feature", "properties": { "hex_id": 1159, "tipo_actual": "urbano" }, "geometry": { "type": "Polygon", "coordinates": [ [ [ -86.763696496780909, 21.12775269112797 ], [ -86.76388068300173, 21.127852807130999 ], [ -86.763880366804031, 21.128052525087785 ], [ -86.763695863891755, 21.128152127036238 ], [ -86.763511677429605, 21.128052010833493 ], [ -86.763511994121046, 21.127852292882014 ], [ -86.763696496780909, 21.12775269112797 ] ] ] } },
{ "type": "Feature", "properties": { "hex_id": 1160, "tipo_actual": "urbano" }, "geometry": { "type": "Polygon", "coordinates": [ [ [ -86.763695547441628, 21.128351844983296 ], [ -86.763879734397491, 21.128451960987238 ], [ -86.763879418188679, 21.128651678929891 ], [ -86.763694914530262, 21.128751280863305 ], [ -86.763510727333099, 21.128651164659644 ], [ -86.763511044035639, 21.128451446722309 ], [ -86.763695547441628, 21.128351844983296 ] ] ] } },
{ "type": "Feature", "properties": { "hex_id": 1161, "tipo_actual": "urbano" }, "geometry": { "type": "Polygon", "coordinates": [ [ [ -86.763694598069037, 21.128950998796242 ], [ -86.763878785759971, 21.129051114801083 ], [ -86.763878469540046, 21.129250832729614 ], [ -86.763693965135474, 21.129350434647989 ], [ -86.763509777203225, 21.129250318443425 ], [ -86.763510093916878, 21.129050600520209 ], [ -86.763694598069037, 21.128950998796242 ] ] ] } },
{ "type": "Feature", "properties": { "hex_id": 1162, "tipo_actual": "urbano" }, "geometry": { "type": "Polygon", "coordinates": [ [ [ -86.763693648663136, 21.129550152566797 ], [ -86.763877837089126, 21.129650268572544 ], [ -86.763877520858131, 21.129849986486946 ], [ -86.763693015707346, 21.129949588390286 ], [ -86.763508827039999, 21.129849472184809 ], [ -86.763509143764779, 21.129649754275725 ], [ -86.763693648663136, 21.129550152566797 ] ] ] } },
{ "type": "Feature", "properties": { "hex_id": 1163, "tipo_actual": "urbano" }, "geometry": { "type": "Polygon", "coordinates": [ [ [ -86.763692699223895, 21.130149306294967 ], [ -86.763876888385013, 21.13024942230162 ], [ -86.763876572142905, 21.130449140201893 ], [ -86.763692066245895, 21.130548742090198 ], [ -86.763507876843434, 21.130448625883812 ], [ -86.763508193579341, 21.13024890798885 ], [ -86.763692699223895, 21.130149306294967 ] ] ] } },
{ "type": "Feature", "properties": { "hex_id": 1164, "tipo_actual": "verde_inundable" }, "geometry": { "type": "Polygon", "coordinates": [ [ [ -86.763691749751345, 21.130748459980747 ], [ -86.76387593964759, 21.130848575988303 ], [ -86.763875623394384, 21.131048293874446 ], [ -86.763691116751133, 21.13114789574772 ], [ -86.763506926613545, 21.131047779540417 ], [ -86.76350724336055, 21.130848061659592 ], [ -86.763691749751345, 21.130748459980747 ] ] ] } },
{ "type": "Feature", "properties": { "hex_id": 1165, "tipo_actual": "verde_inundable" }, "geometry": { "type": "Polygon", "coordinates": [ [ [ -86.763690800245485, 21.13134761362414 ], [ -86.763874990876872, 21.131447729632605 ], [ -86.76387467461258, 21.131647447504616 ], [ -86.763690167223047, 21.131747049362854 ], [ -86.763505976350288, 21.131646933154641 ], [ -86.763506293108406, 21.131447215287942 ], [ -86.763690800245485, 21.13134761362414 ] ] ] } },
{ "type": "Feature", "properties": { "hex_id": 1166, "tipo_actual": "verde_inundable" }, "geometry": { "type": "Polygon", "coordinates": [ [ [ -86.763689850706285, 21.131946767225141 ], [ -86.763874042072871, 21.132046883234509 ], [ -86.763873725797467, 21.13224660109239 ], [ -86.76368921766165, 21.13234620293559 ], [ -86.763505026053679, 21.132246086726468 ], [ -86.763505342822924, 21.132046368873905 ], [ -86.763689850706285, 21.131946767225141 ] ] ] } },
{ "type": "Feature", "properties": { "hex_id": 1167, "tipo_actual": "verde_manglar" }, "geometry": { "type": "Polygon", "coordinates": [ [ [ -86.763688901133776, 21.132545920783752 ], [ -86.763873093235574, 21.132646036794029 ], [ -86.763872776949071, 21.132845754637774 ], [ -86.7636882680669, 21.132945356465935 ], [ -86.763504075723745, 21.132845240255907 ], [ -86.763504392504103, 21.132645522417477 ], [ -86.763688901133776, 21.132545920783752 ] ] ] } },
{ "type": "Feature", "properties": { "hex_id": 1168, "tipo_actual": "verde_manglar" }, "geometry": { "type": "Polygon", "coordinates": [ [ [ -86.763687951527928, 21.133145074299971 ], [ -86.763872144364967, 21.13324519031115 ], [ -86.763871828067366, 21.13344490814077 ], [ -86.763687318438855, 21.133544509953897 ], [ -86.763503125360444, 21.133444393742955 ], [ -86.763503442151915, 21.133244675918654 ], [ -86.763687951527928, 21.133145074299971 ] ] ] } },
{ "type": "Feature", "properties": { "hex_id": 1169, "tipo_actual": "verde_inundable" }, "geometry": { "type": "Polygon", "coordinates": [ [ [ -86.763687001888769, 21.133744227773803 ], [ -86.763871195461078, 21.133844343785881 ], [ -86.763870879152364, 21.134044061601369 ], [ -86.763686368777485, 21.134143663399463 ], [ -86.76350217496379, 21.134043547187606 ], [ -86.763502491766374, 21.133843829377433 ], [ -86.763687001888769, 21.133744227773803 ] ] ] } },
{ "type": "Feature", "properties": { "hex_id": 1170, "tipo_actual": "urbano" }, "geometry": { "type": "Polygon", "coordinates": [ [ [ -86.763686052216286, 21.13434338120523 ], [ -86.763870246523865, 21.134443497218221 ], [ -86.763869930204081, 21.134643215019572 ], [ -86.76368541908279, 21.134742816802632 ], [ -86.763501224533783, 21.134642700589861 ], [ -86.763501541347509, 21.134442982793825 ], [ -86.763686052216286, 21.13434338120523 ] ] ] } },
{ "type": "Feature", "properties": { "hex_id": 1171, "tipo_actual": "urbano" }, "geometry": { "type": "Polygon", "coordinates": [ [ [ -86.763685102510479, 21.134942534594266 ], [ -86.763869297553384, 21.135042650608163 ], [ -86.763868981222487, 21.135242368395385 ], [ -86.763684469354757, 21.135341970163406 ], [ -86.763500274070438, 21.135241853949729 ], [ -86.763500590895262, 21.135042136167826 ], [ -86.763685102510479, 21.134942534594266 ] ] ] } },
{ "type": "Feature", "properties": { "hex_id": 1172, "tipo_actual": "urbano" }, "geometry": { "type": "Polygon", "coordinates": [ [ [ -86.763684152771347, 21.135541687940911 ], [ -86.763868348549593, 21.135641803955707 ], [ -86.763868032207597, 21.1358415217288 ], [ -86.763683519593414, 21.135941123481786 ], [ -86.763499323573754, 21.135841007267199 ], [ -86.763499640409691, 21.135641289499418 ], [ -86.763684152771347, 21.135541687940911 ] ] ] } },
{ "type": "Feature", "properties": { "hex_id": 1173, "tipo_actual": "urbano" }, "geometry": { "type": "Polygon", "coordinates": [ [ [ -86.763683202998877, 21.136140841245155 ], [ -86.763867399512492, 21.136240957260849 ], [ -86.763867083159397, 21.136440675019813 ], [ -86.763682569798746, 21.136540276757763 ], [ -86.763498373043703, 21.136440160542264 ], [ -86.763498689890753, 21.136240442788619 ], [ -86.763683202998877, 21.136140841245155 ] ] ] } },
{ "type": "Feature", "properties": { "hex_id": 1174, "tipo_actual": "urbano" }, "geometry": { "type": "Polygon", "coordinates": [ [ [ -86.76368225319311, 21.136739994507 ], [ -86.763866450442109, 21.136840110523611 ], [ -86.763866134077915, 21.137039828268435 ], [ -86.76368161997074, 21.137139429991343 ], [ -86.763497422480285, 21.137039313774935 ], [ -86.763497739338462, 21.136839596035422 ], [ -86.76368225319311, 21.136739994507 ] ] ] } },
{ "type": "Feature", "properties": { "hex_id": 1188, "tipo_actual": "verde_inundable" }, "geometry": { "type": "Polygon", "coordinates": [ [ [ -86.76351357752263, 21.126853703054017 ], [ -86.763697762514781, 21.126953819254936 ], [ -86.763697446086866, 21.12715353723026 ], [ -86.763512944173115, 21.12725313899935 ], [ -86.763328758939679, 21.12715302259873 ], [ -86.763329075861279, 21.126953304628724 ], [ -86.76351357752263, 21.126853703054017 ] ] ] } },
{ "type": "Feature", "properties": { "hex_id": 1189, "tipo_actual": "urbano" }, "geometry": { "type": "Polygon", "coordinates": [ [ [ -86.763512627492801, 21.127452856964947 ], [ -86.763696813219923, 21.127552973166779 ], [ -86.763696496780909, 21.12775269112797 ], [ -86.763511994121046, 21.127852292882014 ], [ -86.763327808152624, 21.127752176480485 ], [ -86.763328125085351, 21.127552458524608 ], [ -86.763512627492801, 21.127452856964947 ] ] ] } },
{ "type": "Feature", "properties": { "hex_id": 1190, "tipo_actual": "urbano" }, "geometry": { "type": "Polygon", "coordinates": [ [ [ -86.763511677429605, 21.128052010833493 ], [ -86.763695863891755, 21.128152127036238 ], [ -86.763695547441628, 21.128351844983296 ], [ -86.763511044035639, 21.128451446722309 ], [ -86.763326857332189, 21.128351330319852 ], [ -86.763327174276043, 21.128151612378105 ], [ -86.763511677429605, 21.128052010833493 ] ] ] } },
{ "type": "Feature", "properties": { "hex_id": 1191, "tipo_actual": "urbano" }, "geometry": { "type": "Polygon", "coordinates": [ [ [ -86.763510727333099, 21.128651164659644 ], [ -86.763694914530262, 21.128751280863305 ], [ -86.763694598069037, 21.128950998796242 ], [ -86.763510093916878, 21.129050600520209 ], [ -86.763325906478386, 21.128950484116839 ], [ -86.763326223433367, 21.128750766189224 ], [ -86.763510727333099, 21.128651164659644 ] ] ] } },
{ "type": "Feature", "properties": { "hex_id": 1192, "tipo_actual": "urbano" }, "geometry": { "type": "Polygon", "coordinates": [ [ [ -86.763509777203225, 21.129250318443425 ], [ -86.763693965135474, 21.129350434647989 ], [ -86.763693648663136, 21.129550152566797 ], [ -86.763509143764779, 21.129649754275725 ], [ -86.763324955591216, 21.129549637871435 ], [ -86.763325272557324, 21.129349919957942 ], [ -86.763509777203225, 21.129250318443425 ] ] ] } },
{ "type": "Feature", "properties": { "hex_id": 1193, "tipo_actual": "urbano" }, "geometry": { "type": "Polygon", "coordinates": [ [ [ -86.763508827039999, 21.129849472184809 ], [ -86.763693015707346, 21.129949588390286 ], [ -86.763692699223895, 21.130149306294967 ], [ -86.763508193579341, 21.13024890798885 ], [ -86.763324004670665, 21.130148791583636 ], [ -86.763324321647886, 21.129949073684283 ], [ -86.763508827039999, 21.129849472184809 ] ] ] } },
{ "type": "Feature", "properties": { "hex_id": 1194, "tipo_actual": "urbano" }, "geometry": { "type": "Polygon", "coordinates": [ [ [ -86.763507876843434, 21.130448625883812 ], [ -86.763692066245895, 21.130548742090198 ], [ -86.763691749751345, 21.130748459980747 ], [ -86.76350724336055, 21.130848061659592 ], [ -86.763323053716746, 21.130747945253464 ], [ -86.763323370705109, 21.130548227368237 ], [ -86.763507876843434, 21.130448625883812 ] ] ] } },
{ "type": "Feature", "properties": { "hex_id": 1195, "tipo_actual": "verde_inundable" }, "geometry": { "type": "Polygon", "coordinates": [ [ [ -86.763506926613545, 21.131047779540417 ], [ -86.763691116751133, 21.13114789574772 ], [ -86.763690800245485, 21.13134761362414 ], [ -86.763506293108406, 21.131447215287942 ], [ -86.763322102729461, 21.131347098880894 ], [ -86.763322419728937, 21.131147381009797 ], [ -86.763506926613545, 21.131047779540417 ] ] ] } },
{ "type": "Feature", "properties": { "hex_id": 1196, "tipo_actual": "verde_inundable" }, "geometry": { "type": "Polygon", "coordinates": [ [ [ -86.763505976350288, 21.131646933154641 ], [ -86.763690167223047, 21.131747049362854 ], [ -86.763689850706285, 21.131946767225141 ], [ -86.763505342822924, 21.132046368873905 ], [ -86.763321151708809, 21.131946252465937 ], [ -86.763321468719397, 21.131746534608972 ], [ -86.763505976350288, 21.131646933154641 ] ] ] } },
{ "type": "Feature", "properties": { "hex_id": 1197, "tipo_actual": "verde_inundable" }, "geometry": { "type": "Polygon", "coordinates": [ [ [ -86.763505026053679, 21.132246086726468 ], [ -86.76368921766165, 21.13234620293559 ], [ -86.763688901133776, 21.132545920783752 ], [ -86.763504392504103, 21.132645522417477 ], [ -86.763320200654761, 21.132545406008596 ], [ -86.76332051767649, 21.132345688165749 ], [ -86.763505026053679, 21.132246086726468 ] ] ] } },
{ "type": "Feature", "properties": { "hex_id": 1198, "tipo_actual": "verde_manglar" }, "geometry": { "type": "Polygon", "coordinates": [ [ [ -86.763504075723745, 21.132845240255907 ], [ -86.7636882680669, 21.132945356465935 ], [ -86.763687951527928, 21.133145074299971 ], [ -86.763503442151915, 21.133244675918654 ], [ -86.763319249567374, 21.133144559508853 ], [ -86.763319566600217, 21.132944841680143 ], [ -86.763504075723745, 21.132845240255907 ] ] ] } },
{ "type": "Feature", "properties": { "hex_id": 1199, "tipo_actual": "verde_manglar" }, "geometry": { "type": "Polygon", "coordinates": [ [ [ -86.763503125360444, 21.133444393742955 ], [ -86.763687318438855, 21.133544509953897 ], [ -86.763687001888769, 21.133744227773803 ], [ -86.763502491766374, 21.133843829377433 ], [ -86.763318298446578, 21.133743712966723 ], [ -86.763318615490547, 21.133543995152142 ], [ -86.763503125360444, 21.133444393742955 ] ] ] } },
{ "type": "Feature", "properties": { "hex_id": 1200, "tipo_actual": "urbano" }, "geometry": { "type": "Polygon", "coordinates": [ [ [ -86.76350217496379, 21.134043547187606 ], [ -86.763686368777485, 21.134143663399463 ], [ -86.763686052216286, 21.13434338120523 ], [ -86.763501541347509, 21.134442982793825 ], [ -86.763317347292414, 21.134342866382195 ], [ -86.763317664347511, 21.134143148581742 ], [ -86.76350217496379, 21.134043547187606 ] ] ] } },
{ "type": "Feature", "properties": { "hex_id": 1201, "tipo_actual": "urbano" }, "geometry": { "type": "Polygon", "coordinates": [ [ [ -86.763501224533783, 21.134642700589861 ], [ -86.76368541908279, 21.134742816802632 ], [ -86.763685102510479, 21.134942534594266 ], [ -86.763500590895262, 21.135042136167826 ], [ -86.763316396104869, 21.134942019755268 ], [ -86.763316713171093, 21.134742301968956 ], [ -86.763501224533783, 21.134642700589861 ] ] ] } },
{ "type": "Feature", "properties": { "hex_id": 1202, "tipo_actual": "urbano" }, "geometry": { "type": "Polygon", "coordinates": [ [ [ -86.763500274070438, 21.135241853949729 ], [ -86.763684469354757, 21.135341970163406 ], [ -86.763684152771347, 21.135541687940911 ], [ -86.763499640409691, 21.135641289499418 ], [ -86.763315444883972, 21.135541173085958 ], [ -86.763315761961309, 21.135341455313775 ], [ -86.763500274070438, 21.135241853949729 ] ] ] } },
{ "type": "Feature", "properties": { "hex_id": 1203, "tipo_actual": "urbano" }, "geometry": { "type": "Polygon", "coordinates": [ [ [ -86.763499323573754, 21.135841007267199 ], [ -86.763683519593414, 21.135941123481786 ], [ -86.763683202998877, 21.136140841245155 ], [ -86.763498689890753, 21.136240442788619 ], [ -86.763314493629679, 21.136140326374239 ], [ -86.763314810718143, 21.135940608616188 ], [ -86.763499323573754, 21.135841007267199 ] ] ] } },
{ "type": "Feature", "properties": { "hex_id": 1204, "tipo_actual": "urbano" }, "geometry": { "type": "Polygon", "coordinates": [ [ [ -86.763498373043703, 21.136440160542264 ], [ -86.763682569798746, 21.136540276757763 ], [ -86.76368225319311, 21.136739994507 ], [ -86.763497739338462, 21.136839596035422 ], [ -86.763313542342004, 21.136739479620129 ], [ -86.76331385944161, 21.136539761876207 ], [ -86.763498373043703, 21.136440160542264 ] ] ] } },
{ "type": "Feature", "properties": { "hex_id": 1205, "tipo_actual": "urbano" }, "geometry": { "type": "Polygon", "coordinates": [ [ [ -86.763497422480285, 21.137039313774935 ], [ -86.76368161997074, 21.137139429991343 ], [ -86.763681303353991, 21.137339147726451 ], [ -86.763496788752832, 21.137438749239823 ], [ -86.763312591020949, 21.137338632823614 ], [ -86.763312908131681, 21.137138915093825 ], [ -86.763497422480285, 21.137039313774935 ] ] ] } },
{ "type": "Feature", "properties": { "hex_id": 1220, "tipo_actual": "verde_inundable" }, "geometry": { "type": "Polygon", "coordinates": [ [ [ -86.763328758939679, 21.12715302259873 ], [ -86.763512944173115, 21.12725313899935 ], [ -86.763512627492801, 21.127452856964947 ], [ -86.763328125085351, 21.127552458524608 ], [ -86.763143939610629, 21.127452341924275 ], [ -86.763144256784656, 21.127252623964001 ], [ -86.763328758939679, 21.12715302259873 ] ] ] } },
{ "type": "Feature", "properties": { "hex_id": 1221, "tipo_actual": "urbano" }, "geometry": { "type": "Polygon", "coordinates": [ [ [ -86.763327808152624, 21.127752176480485 ], [ -86.763511994121046, 21.127852292882014 ], [ -86.763511677429605, 21.128052010833493 ], [ -86.763327174276043, 21.128151612378105 ], [ -86.763142988066321, 21.128051495776848 ], [ -86.763143305251461, 21.127851777830699 ], [ -86.763327808152624, 21.127752176480485 ] ] ] } },
{ "type": "Feature", "properties": { "hex_id": 1222, "tipo_actual": "urbano" }, "geometry": { "type": "Polygon", "coordinates": [ [ [ -86.763326857332189, 21.128351330319852 ], [ -86.763511044035639, 21.128451446722309 ], [ -86.763510727333099, 21.128651164659644 ], [ -86.763326223433367, 21.128750766189224 ], [ -86.763142036488617, 21.128650649587037 ], [ -86.763142353684898, 21.128450931655021 ], [ -86.763326857332189, 21.128351330319852 ] ] ] } },
{ "type": "Feature", "properties": { "hex_id": 1223, "tipo_actual": "urbano" }, "geometry": { "type": "Polygon", "coordinates": [ [ [ -86.763325906478386, 21.128950484116839 ], [ -86.763510093916878, 21.129050600520209 ], [ -86.763509777203225, 21.129250318443425 ], [ -86.763325272557324, 21.129349919957942 ], [ -86.763141084877503, 21.129249803354838 ], [ -86.763141402084926, 21.129050085436951 ], [ -86.763325906478386, 21.128950484116839 ] ] ] } },
{ "type": "Feature", "properties": { "hex_id": 1224, "tipo_actual": "urbano" }, "geometry": { "type": "Polygon", "coordinates": [ [ [ -86.763324955591216, 21.129549637871435 ], [ -86.763509143764779, 21.129649754275725 ], [ -86.763508827039999, 21.129849472184809 ], [ -86.763324321647886, 21.129949073684283 ], [ -86.763140133233009, 21.129848957080259 ], [ -86.763140450451544, 21.129649239176494 ], [ -86.763324955591216, 21.129549637871435 ] ] ] } },
{ "type": "Feature", "properties": { "hex_id": 1225, "tipo_actual": "urbano" }, "geometry": { "type": "Polygon", "coordinates": [ [ [ -86.763324004670665, 21.130148791583636 ], [ -86.763508193579341, 21.13024890798885 ], [ -86.763507876843434, 21.130448625883812 ], [ -86.763323370705109, 21.130548227368237 ], [ -86.763139181555118, 21.13044811076329 ], [ -86.763139498784781, 21.13024839287365 ], [ -86.763324004670665, 21.130148791583636 ] ] ] } },
{ "type": "Feature", "properties": { "hex_id": 1226, "tipo_actual": "urbano" }, "geometry": { "type": "Polygon", "coordinates": [ [ [ -86.763323053716746, 21.130747945253464 ], [ -86.76350724336055, 21.130848061659592 ], [ -86.763506926613545, 21.131047779540417 ], [ -86.763322419728937, 21.131147381009797 ], [ -86.763138229843818, 21.131047264403922 ], [ -86.763138547084623, 21.130847546528425 ], [ -86.763323053716746, 21.130747945253464 ] ] ] } },
{ "type": "Feature", "properties": { "hex_id": 1227, "tipo_actual": "verde_inundable" }, "geometry": { "type": "Polygon", "coordinates": [ [ [ -86.763322102729461, 21.131347098880894 ], [ -86.763506293108406, 21.131447215287942 ], [ -86.763505976350288, 21.131646933154641 ], [ -86.763321468719397, 21.131746534608972 ], [ -86.763137278099109, 21.131646418002177 ], [ -86.763137595351054, 21.131446700140796 ], [ -86.763322102729461, 21.131347098880894 ] ] ] } },
{ "type": "Feature", "properties": { "hex_id": 1228, "tipo_actual": "verde_inundable" }, "geometry": { "type": "Polygon", "coordinates": [ [ [ -86.763321151708809, 21.131946252465937 ], [ -86.763505342822924, 21.132046368873905 ], [ -86.763505026053679, 21.132246086726468 ], [ -86.76332051767649, 21.132345688165749 ], [ -86.763136326321018, 21.132245571558034 ], [ -86.76313664358409, 21.132045853710792 ], [ -86.763321151708809, 21.131946252465937 ] ] ] } },
{ "type": "Feature", "properties": { "hex_id": 1229, "tipo_actual": "verde_general" }, "geometry": { "type": "Polygon", "coordinates": [ [ [ -86.763320200654761, 21.132545406008596 ], [ -86.763504392504103, 21.132645522417477 ], [ -86.763504075723745, 21.132845240255907 ], [ -86.763319566600217, 21.132944841680143 ], [ -86.763135374509531, 21.1328447250715 ], [ -86.763135691783731, 21.132645007238391 ], [ -86.763320200654761, 21.132545406008596 ] ] ] } },
{ "type": "Feature", "properties": { "hex_id": 1230, "tipo_actual": "verde_manglar" }, "geometry": { "type": "Polygon", "coordinates": [ [ [ -86.763319249567374, 21.133144559508853 ], [ -86.763503442151915, 21.133244675918654 ], [ -86.763503125360444, 21.133444393742955 ], [ -86.763318615490547, 21.133543995152142 ], [ -86.763134422664621, 21.133443878542575 ], [ -86.763134739949962, 21.133244160723599 ], [ -86.763319249567374, 21.133144559508853 ] ] ] } },
{ "type": "Feature", "properties": { "hex_id": 1231, "tipo_actual": "verde_inundable" }, "geometry": { "type": "Polygon", "coordinates": [ [ [ -86.763318298446578, 21.133743712966723 ], [ -86.763502491766374, 21.133843829377433 ], [ -86.76350217496379, 21.134043547187606 ], [ -86.763317664347511, 21.134143148581742 ], [ -86.763133470786315, 21.134043031971256 ], [ -86.763133788082811, 21.133843314166409 ], [ -86.763318298446578, 21.133743712966723 ] ] ] } },
{ "type": "Feature", "properties": { "hex_id": 1232, "tipo_actual": "urbano" }, "geometry": { "type": "Polygon", "coordinates": [ [ [ -86.763317347292414, 21.134342866382195 ], [ -86.763501541347509, 21.134442982793825 ], [ -86.763501224533783, 21.134642700589861 ], [ -86.763316713171093, 21.134742301968956 ], [ -86.763132518874627, 21.134642185357539 ], [ -86.763132836182237, 21.134442467566831 ], [ -86.763317347292414, 21.134342866382195 ] ] ] } },
{ "type": "Feature", "properties": { "hex_id": 1233, "tipo_actual": "urbano" }, "geometry": { "type": "Polygon", "coordinates": [ [ [ -86.763316396104869, 21.134942019755268 ], [ -86.763500590895262, 21.135042136167826 ], [ -86.763500274070438, 21.135241853949729 ], [ -86.763315761961309, 21.135341455313775 ], [ -86.763131566929516, 21.135241338701434 ], [ -86.763131884248267, 21.135041620924849 ], [ -86.763316396104869, 21.134942019755268 ] ] ] } },
{ "type": "Feature", "properties": { "hex_id": 1234, "tipo_actual": "urbano" }, "geometry": { "type": "Polygon", "coordinates": [ [ [ -86.763315444883972, 21.135541173085958 ], [ -86.763499640409691, 21.135641289499418 ], [ -86.763499323573754, 21.135841007267199 ], [ -86.763314810718143, 21.135940608616188 ], [ -86.763130614951024, 21.135840492002924 ], [ -86.763130932280902, 21.135640774240471 ], [ -86.763315444883972, 21.135541173085958 ] ] ] } },
{ "type": "Feature", "properties": { "hex_id": 1235, "tipo_actual": "urbano" }, "geometry": { "type": "Polygon", "coordinates": [ [ [ -86.763314493629679, 21.136140326374239 ], [ -86.763498689890753, 21.136240442788619 ], [ -86.763498373043703, 21.136440160542264 ], [ -86.76331385944161, 21.136539761876207 ], [ -86.763129662939107, 21.136439645262023 ], [ -86.763129980280127, 21.136239927513703 ], [ -86.763314493629679, 21.136140326374239 ] ] ] } },
{ "type": "Feature", "properties": { "hex_id": 1236, "tipo_actual": "urbano" }, "geometry": { "type": "Polygon", "coordinates": [ [ [ -86.763313542342004, 21.136739479620129 ], [ -86.763497739338462, 21.136839596035422 ], [ -86.763497422480285, 21.137039313774935 ], [ -86.763312908131681, 21.137138915093825 ], [ -86.763128710893795, 21.13703879847872 ], [ -86.763129028245942, 21.136839080744533 ], [ -86.763313542342004, 21.136739479620129 ] ] ] } },
{ "type": "Feature", "properties": { "hex_id": 1251, "tipo_actual": "urbano" }, "geometry": { "type": "Polygon", "coordinates": [ [ [ -86.763143939610629, 21.127452341924275 ], [ -86.763328125085351, 21.127552458524608 ], [ -86.763327808152624, 21.127752176480485 ], [ -86.763143305251461, 21.127851777830699 ], [ -86.762959119535466, 21.127751661030665 ], [ -86.762959436961893, 21.127551943080114 ], [ -86.763143939610629, 21.127452341924275 ] ] ] } },
{ "type": "Feature", "properties": { "hex_id": 1252, "tipo_actual": "urbano" }, "geometry": { "type": "Polygon", "coordinates": [ [ [ -86.763142988066321, 21.128051495776848 ], [ -86.763327174276043, 21.128151612378105 ], [ -86.763326857332189, 21.128351330319852 ], [ -86.763142353684898, 21.128450931655021 ], [ -86.762958167233876, 21.128350814854048 ], [ -86.762958484671444, 21.12815109691763 ], [ -86.763142988066321, 21.128051495776848 ] ] ] } },
{ "type": "Feature", "properties": { "hex_id": 1253, "tipo_actual": "urbano" }, "geometry": { "type": "Polygon", "coordinates": [ [ [ -86.763142036488617, 21.128650649587037 ], [ -86.763326223433367, 21.128750766189224 ], [ -86.763325906478386, 21.128950484116839 ], [ -86.763141402084926, 21.129050085436951 ], [ -86.762957214898861, 21.128949968635052 ], [ -86.762957532347571, 21.128750250712763 ], [ -86.763142036488617, 21.128650649587037 ] ] ] } },
{ "type": "Feature", "properties": { "hex_id": 1254, "tipo_actual": "urbano" }, "geometry": { "type": "Polygon", "coordinates": [ [ [ -86.763141084877503, 21.129249803354838 ], [ -86.763325272557324, 21.129349919957942 ], [ -86.763324955591216, 21.129549637871435 ], [ -86.763140450451544, 21.129649239176494 ], [ -86.762956262530437, 21.129549122373664 ], [ -86.762956579990288, 21.129349404465504 ], [ -86.763141084877503, 21.129249803354838 ] ] ] } },
{ "type": "Feature", "properties": { "hex_id": 1255, "tipo_actual": "urbano" }, "geometry": { "type": "Polygon", "coordinates": [ [ [ -86.763140133233009, 21.129848957080259 ], [ -86.763324321647886, 21.129949073684283 ], [ -86.763324004670665, 21.130148791583636 ], [ -86.763139498784781, 21.13024839287365 ], [ -86.762955310128575, 21.130148276069889 ], [ -86.762955627599567, 21.129948558175858 ], [ -86.763140133233009, 21.129848957080259 ] ] ] } },
{ "type": "Feature", "properties": { "hex_id": 1256, "tipo_actual": "urbano" }, "geometry": { "type": "Polygon", "coordinates": [ [ [ -86.763139181555118, 21.13044811076329 ], [ -86.763323370705109, 21.130548227368237 ], [ -86.763323053716746, 21.130747945253464 ], [ -86.763138547084623, 21.130847546528425 ], [ -86.762954357693289, 21.130747429723726 ], [ -86.762954675175436, 21.130547711843832 ], [ -86.763139181555118, 21.13044811076329 ] ] ] } },
{ "type": "Feature", "properties": { "hex_id": 1257, "tipo_actual": "verde_inundable" }, "geometry": { "type": "Polygon", "coordinates": [ [ [ -86.763138229843818, 21.131047264403922 ], [ -86.763322419728937, 21.131147381009797 ], [ -86.763322102729461, 21.131347098880894 ], [ -86.763137595351054, 21.131446700140796 ], [ -86.762953405224579, 21.131346583335183 ], [ -86.762953722717867, 21.131146865469407 ], [ -86.763138229843818, 21.131047264403922 ] ] ] } },
{ "type": "Feature", "properties": { "hex_id": 1258, "tipo_actual": "verde_inundable" }, "geometry": { "type": "Polygon", "coordinates": [ [ [ -86.763137278099109, 21.131646418002177 ], [ -86.763321468719397, 21.131746534608972 ], [ -86.763321151708809, 21.131946252465937 ], [ -86.76313664358409, 21.132045853710792 ], [ -86.762952452722459, 21.131945736904239 ], [ -86.762952770226875, 21.131746019052596 ], [ -86.763137278099109, 21.131646418002177 ] ] ] } },
{ "type": "Feature", "properties": { "hex_id": 1259, "tipo_actual": "verde_inundable" }, "geometry": { "type": "Polygon", "coordinates": [ [ [ -86.763136326321018, 21.132245571558034 ], [ -86.76332051767649, 21.132345688165749 ], [ -86.763320200654761, 21.132545406008596 ], [ -86.763135691783731, 21.132645007238391 ], [ -86.762951500186901, 21.132544890430911 ], [ -86.762951817702472, 21.132345172593393 ], [ -86.763136326321018, 21.132245571558034 ] ] ] } },
{ "type": "Feature", "properties": { "hex_id": 1260, "tipo_actual": "verde_manglar" }, "geometry": { "type": "Polygon", "coordinates": [ [ [ -86.763135374509531, 21.1328447250715 ], [ -86.763319566600217, 21.132944841680143 ], [ -86.763319249567374, 21.133144559508853 ], [ -86.763134739949962, 21.133244160723599 ], [ -86.762950547617919, 21.133144043915181 ], [ -86.762950865144617, 21.132944326091799 ], [ -86.763135374509531, 21.1328447250715 ] ] ] } },
{ "type": "Feature", "properties": { "hex_id": 1261, "tipo_actual": "verde_manglar" }, "geometry": { "type": "Polygon", "coordinates": [ [ [ -86.763134422664621, 21.133443878542575 ], [ -86.763318615490547, 21.133543995152142 ], [ -86.763318298446578, 21.133743712966723 ], [ -86.763133788082811, 21.133843314166409 ], [ -86.762949595015499, 21.13374319735707 ], [ -86.762949912553353, 21.133543479547814 ], [ -86.763134422664621, 21.133443878542575 ] ] ] } },
{ "type": "Feature", "properties": { "hex_id": 1262, "tipo_actual": "urbano" }, "geometry": { "type": "Polygon", "coordinates": [ [ [ -86.763133470786315, 21.134043031971256 ], [ -86.763317664347511, 21.134143148581742 ], [ -86.763317347292414, 21.134342866382195 ], [ -86.763132836182237, 21.134442467566831 ], [ -86.762948642379669, 21.134342350756555 ], [ -86.762948959928664, 21.134142632961435 ], [ -86.763133470786315, 21.134043031971256 ] ] ] } },
{ "type": "Feature", "properties": { "hex_id": 1263, "tipo_actual": "urbano" }, "geometry": { "type": "Polygon", "coordinates": [ [ [ -86.763132518874627, 21.134642185357539 ], [ -86.763316713171093, 21.134742301968956 ], [ -86.763316396104869, 21.134942019755268 ], [ -86.763131884248267, 21.135041620924849 ], [ -86.762947689710401, 21.134941504113648 ], [ -86.762948007270552, 21.134741786332661 ], [ -86.763132518874627, 21.134642185357539 ] ] ] } },
{ "type": "Feature", "properties": { "hex_id": 1264, "tipo_actual": "urbano" }, "geometry": { "type": "Polygon", "coordinates": [ [ [ -86.763131566929516, 21.135241338701434 ], [ -86.763315761961309, 21.135341455313775 ], [ -86.763315444883972, 21.135541173085958 ], [ -86.763130932280902, 21.135640774240471 ], [ -86.762946737007709, 21.135540657428344 ], [ -86.762947054578987, 21.135340939661496 ], [ -86.763131566929516, 21.135241338701434 ] ] ] } },
{ "type": "Feature", "properties": { "hex_id": 1265, "tipo_actual": "urbano" }, "geometry": { "type": "Polygon", "coordinates": [ [ [ -86.763130614951024, 21.135840492002924 ], [ -86.763314810718143, 21.135940608616188 ], [ -86.763314493629679, 21.136140326374239 ], [ -86.763129980280127, 21.136239927513703 ], [ -86.762945784271579, 21.136139810700644 ], [ -86.762946101854013, 21.135940092947923 ], [ -86.763130614951024, 21.135840492002924 ] ] ] } },
{ "type": "Feature", "properties": { "hex_id": 1266, "tipo_actual": "urbano" }, "geometry": { "type": "Polygon", "coordinates": [ [ [ -86.763129662939107, 21.136439645262023 ], [ -86.76331385944161, 21.136539761876207 ], [ -86.763313542342004, 21.136739479620129 ], [ -86.763129028245942, 21.136839080744533 ], [ -86.762944831502026, 21.136738963930547 ], [ -86.7629451490956, 21.136539246191955 ], [ -86.763129662939107, 21.136439645262023 ] ] ] } },
{ "type": "Feature", "properties": { "hex_id": 1283, "tipo_actual": "urbano" }, "geometry": { "type": "Polygon", "coordinates": [ [ [ -86.762959119535466, 21.127751661030665 ], [ -86.763143305251461, 21.127851777830699 ], [ -86.763142988066321, 21.128051495776848 ], [ -86.762958484671444, 21.12815109691763 ], [ -86.762774298714163, 21.128050979917873 ], [ -86.762774616393017, 21.127851261977053 ], [ -86.762959119535466, 21.127751661030665 ] ] ] } },
{ "type": "Feature", "properties": { "hex_id": 1284, "tipo_actual": "urbano" }, "geometry": { "type": "Polygon", "coordinates": [ [ [ -86.762958167233876, 21.128350814854048 ], [ -86.763142353684898, 21.128450931655021 ], [ -86.763142036488617, 21.128650649587037 ], [ -86.762957532347571, 21.128750250712763 ], [ -86.762773345655262, 21.128650133712064 ], [ -86.762773663345286, 21.128450415785377 ], [ -86.762958167233876, 21.128350814854048 ] ] ] } },
{ "type": "Feature", "properties": { "hex_id": 1285, "tipo_actual": "urbano" }, "geometry": { "type": "Polygon", "coordinates": [ [ [ -86.762957214898861, 21.128949968635052 ], [ -86.763141402084926, 21.129050085436951 ], [ -86.763141084877503, 21.129249803354838 ], [ -86.762956579990288, 21.129349404465504 ], [ -86.762772392562937, 21.129249287463871 ], [ -86.762772710264088, 21.129049569551317 ], [ -86.762957214898861, 21.128949968635052 ] ] ] } },
{ "type": "Feature", "properties": { "hex_id": 1286, "tipo_actual": "urbano" }, "geometry": { "type": "Polygon", "coordinates": [ [ [ -86.762956262530437, 21.129549122373664 ], [ -86.763140450451544, 21.129649239176494 ], [ -86.763140133233009, 21.129848957080259 ], [ -86.762955627599567, 21.129948558175858 ], [ -86.762771439437145, 21.129848441173291 ], [ -86.762771757149451, 21.129648723274862 ], [ -86.762956262530437, 21.129549122373664 ] ] ] } },
{ "type": "Feature", "properties": { "hex_id": 1287, "tipo_actual": "urbano" }, "geometry": { "type": "Polygon", "coordinates": [ [ [ -86.762955310128575, 21.130148276069889 ], [ -86.763139498784781, 21.13024839287365 ], [ -86.763139181555118, 21.13044811076329 ], [ -86.762954675175436, 21.130547711843832 ], [ -86.762770486277901, 21.130447594840323 ], [ -86.762770804001363, 21.130247876956023 ], [ -86.762955310128575, 21.130148276069889 ] ] ] } },
{ "type": "Feature", "properties": { "hex_id": 1288, "tipo_actual": "urbano" }, "geometry": { "type": "Polygon", "coordinates": [ [ [ -86.762954357693289, 21.130747429723726 ], [ -86.763138547084623, 21.130847546528425 ], [ -86.763138229843818, 21.131047264403922 ], [ -86.762953722717867, 21.131146865469407 ], [ -86.762769533085205, 21.131046748464968 ], [ -86.762769850819822, 21.130847030594794 ], [ -86.762954357693289, 21.130747429723726 ] ] ] } },
{ "type": "Feature", "properties": { "hex_id": 1289, "tipo_actual": "verde_inundable" }, "geometry": { "type": "Polygon", "coordinates": [ [ [ -86.762953405224579, 21.131346583335183 ], [ -86.763137595351054, 21.131446700140796 ], [ -86.763137278099109, 21.131646418002177 ], [ -86.762952770226875, 21.131746019052596 ], [ -86.76276857985907, 21.131645902047218 ], [ -86.762768897604829, 21.131446184191173 ], [ -86.762953405224579, 21.131346583335183 ] ] ] } },
{ "type": "Feature", "properties": { "hex_id": 1290, "tipo_actual": "verde_inundable" }, "geometry": { "type": "Polygon", "coordinates": [ [ [ -86.762952452722459, 21.131945736904239 ], [ -86.76313664358409, 21.132045853710792 ], [ -86.763136326321018, 21.132245571558034 ], [ -86.762951817702472, 21.132345172593393 ], [ -86.762767626599484, 21.132245055587084 ], [ -86.762767944356398, 21.132045337745168 ], [ -86.762952452722459, 21.131945736904239 ] ] ] } },
{ "type": "Feature", "properties": { "hex_id": 1291, "tipo_actual": "verde_manglar" }, "geometry": { "type": "Polygon", "coordinates": [ [ [ -86.762951500186901, 21.132544890430911 ], [ -86.763135691783731, 21.132645007238391 ], [ -86.763135374509531, 21.1328447250715 ], [ -86.762950865144617, 21.132944326091799 ], [ -86.76276667330643, 21.132844209084553 ], [ -86.762766991074514, 21.132644491256777 ], [ -86.762951500186901, 21.132544890430911 ] ] ] } },
{ "type": "Feature", "properties": { "hex_id": 1292, "tipo_actual": "verde_manglar" }, "geometry": { "type": "Polygon", "coordinates": [ [ [ -86.762950547617919, 21.133144043915181 ], [ -86.763134739949962, 21.133244160723599 ], [ -86.763134422664621, 21.133443878542575 ], [ -86.762949912553353, 21.133543479547814 ], [ -86.762765719979939, 21.13344336253963 ], [ -86.762766037759164, 21.133243644725987 ], [ -86.762950547617919, 21.133144043915181 ] ] ] } },
{ "type": "Feature", "properties": { "hex_id": 1293, "tipo_actual": "verde_inundable" }, "geometry": { "type": "Polygon", "coordinates": [ [ [ -86.762949595015499, 21.13374319735707 ], [ -86.763133788082811, 21.133843314166409 ], [ -86.763133470786315, 21.134043031971256 ], [ -86.762948959928664, 21.134142632961435 ], [ -86.762764766619995, 21.134042515952316 ], [ -86.762765084410361, 21.133842798152795 ], [ -86.762949595015499, 21.13374319735707 ] ] ] } },
{ "type": "Feature", "properties": { "hex_id": 1294, "tipo_actual": "urbano" }, "geometry": { "type": "Polygon", "coordinates": [ [ [ -86.762948642379669, 21.134342350756555 ], [ -86.763132836182237, 21.134442467566831 ], [ -86.763132518874627, 21.134642185357539 ], [ -86.762948007270552, 21.134741786332661 ], [ -86.762763813226599, 21.134641669322601 ], [ -86.762764131028106, 21.134441951537219 ], [ -86.762948642379669, 21.134342350756555 ] ] ] } },
{ "type": "Feature", "properties": { "hex_id": 1295, "tipo_actual": "urbano" }, "geometry": { "type": "Polygon", "coordinates": [ [ [ -86.762947689710401, 21.134941504113648 ], [ -86.763131884248267, 21.135041620924849 ], [ -86.763131566929516, 21.135241338701434 ], [ -86.762947054578987, 21.135340939661496 ], [ -86.762762859799736, 21.135240822650498 ], [ -86.762763177612413, 21.135041104879246 ], [ -86.762947689710401, 21.134941504113648 ] ] ] } },
{ "type": "Feature", "properties": { "hex_id": 1296, "tipo_actual": "verde_inundable" }, "geometry": { "type": "Polygon", "coordinates": [ [ [ -86.762946737007709, 21.135540657428344 ], [ -86.763130932280902, 21.135640774240471 ], [ -86.763130614951024, 21.135840492002924 ], [ -86.762946101854013, 21.135940092947923 ], [ -86.762761906339421, 21.135839975935994 ], [ -86.762762224163239, 21.135640258178874 ], [ -86.762946737007709, 21.135540657428344 ] ] ] } },
{ "type": "Feature", "properties": { "hex_id": 1297, "tipo_actual": "urbano" }, "geometry": { "type": "Polygon", "coordinates": [ [ [ -86.762945784271579, 21.136139810700644 ], [ -86.763129980280127, 21.136239927513703 ], [ -86.763129662939107, 21.136439645262023 ], [ -86.7629451490956, 21.136539246191955 ], [ -86.762760952845653, 21.136439129179092 ], [ -86.762761270680627, 21.136239411436101 ], [ -86.762945784271579, 21.136139810700644 ] ] ] } },
{ "type": "Feature", "properties": { "hex_id": 1298, "tipo_actual": "urbano" }, "geometry": { "type": "Polygon", "coordinates": [ [ [ -86.762944831502026, 21.136738963930547 ], [ -86.763129028245942, 21.136839080744533 ], [ -86.763128710893795, 21.13703879847872 ], [ -86.762944196303749, 21.137138399393596 ], [ -86.762759999318433, 21.137038282379795 ], [ -86.762760317164549, 21.13683856465094 ], [ -86.762944831502026, 21.136738963930547 ] ] ] } },
{ "type": "Feature", "properties": { "hex_id": 1314, "tipo_actual": "verde_inundable" }, "geometry": { "type": "Polygon", "coordinates": [ [ [ -86.762774298714163, 21.128050979917873 ], [ -86.762958484671444, 21.12815109691763 ], [ -86.762958167233876, 21.128350814854048 ], [ -86.762773663345286, 21.128450415785377 ], [ -86.76258947714669, 21.128350298585897 ], [ -86.762589795078, 21.128150580654815 ], [ -86.762774298714163, 21.128050979917873 ] ] ] } },
{ "type": "Feature", "properties": { "hex_id": 1315, "tipo_actual": "urbano" }, "geometry": { "type": "Polygon", "coordinates": [ [ [ -86.762773345655262, 21.128650133712064 ], [ -86.762957532347571, 21.128750250712763 ], [ -86.762957214898861, 21.128949968635052 ], [ -86.762772710264088, 21.129049569551317 ], [ -86.762588523330479, 21.128949452350888 ], [ -86.76258884127293, 21.128749734433939 ], [ -86.762773345655262, 21.128650133712064 ] ] ] } },
{ "type": "Feature", "properties": { "hex_id": 1316, "tipo_actual": "urbano" }, "geometry": { "type": "Polygon", "coordinates": [ [ [ -86.762772392562937, 21.129249287463871 ], [ -86.762956579990288, 21.129349404465504 ], [ -86.762956262530437, 21.129549122373664 ], [ -86.762771757149451, 21.129648723274862 ], [ -86.762587569480786, 21.129548606073495 ], [ -86.762587887434393, 21.129348888170668 ], [ -86.762772392562937, 21.129249287463871 ] ] ] } },
{ "type": "Feature", "properties": { "hex_id": 1317, "tipo_actual": "urbano" }, "geometry": { "type": "Polygon", "coordinates": [ [ [ -86.762771439437145, 21.129848441173291 ], [ -86.762955627599567, 21.129948558175858 ], [ -86.762955310128575, 21.130148276069889 ], [ -86.762770804001363, 21.130247876956023 ], [ -86.762586615597613, 21.130147759753712 ], [ -86.762586933562403, 21.129948041865021 ], [ -86.762771439437145, 21.129848441173291 ] ] ] } },
{ "type": "Feature", "properties": { "hex_id": 1318, "tipo_actual": "urbano" }, "geometry": { "type": "Polygon", "coordinates": [ [ [ -86.762770486277901, 21.130447594840323 ], [ -86.762954675175436, 21.130547711843832 ], [ -86.762954357693289, 21.130747429723726 ], [ -86.762769850819822, 21.130847030594794 ], [ -86.762585661680973, 21.13074691339154 ], [ -86.762585979656905, 21.130547195516986 ], [ -86.762770486277901, 21.130447594840323 ] ] ] } },
{ "type": "Feature", "properties": { "hex_id": 1319, "tipo_actual": "urbano" }, "geometry": { "type": "Polygon", "coordinates": [ [ [ -86.762769533085205, 21.131046748464968 ], [ -86.762953722717867, 21.131146865469407 ], [ -86.762953405224579, 21.131346583335183 ], [ -86.762768897604829, 21.131446184191173 ], [ -86.762584707730838, 21.131346066986982 ], [ -86.762585025717939, 21.131146349126546 ], [ -86.762769533085205, 21.131046748464968 ] ] ] } },
{ "type": "Feature", "properties": { "hex_id": 1320, "tipo_actual": "verde_inundable" }, "geometry": { "type": "Polygon", "coordinates": [ [ [ -86.76276857985907, 21.131645902047218 ], [ -86.762952770226875, 21.131746019052596 ], [ -86.762952452722459, 21.131945736904239 ], [ -86.762767944356398, 21.132045337745168 ], [ -86.762583753747251, 21.131945220540025 ], [ -86.762584071745508, 21.131745502693732 ], [ -86.76276857985907, 21.131645902047218 ] ] ] } },
{ "type": "Feature", "properties": { "hex_id": 1321, "tipo_actual": "verde_inundable" }, "geometry": { "type": "Polygon", "coordinates": [ [ [ -86.762767626599484, 21.132245055587084 ], [ -86.762951817702472, 21.132345172593393 ], [ -86.762951500186901, 21.132544890430911 ], [ -86.762766991074514, 21.132644491256777 ], [ -86.762582799730168, 21.132544374050696 ], [ -86.762583117739581, 21.132344656218518 ], [ -86.762767626599484, 21.132245055587084 ] ] ] } },
{ "type": "Feature", "properties": { "hex_id": 1322, "tipo_actual": "verde_manglar" }, "geometry": { "type": "Polygon", "coordinates": [ [ [ -86.76276667330643, 21.132844209084553 ], [ -86.762950865144617, 21.132944326091799 ], [ -86.762950547617919, 21.133144043915181 ], [ -86.762766037759164, 21.133243644725987 ], [ -86.76258184567962, 21.133143527518961 ], [ -86.762582163700188, 21.132943809700912 ], [ -86.76276667330643, 21.132844209084553 ] ] ] } },
{ "type": "Feature", "properties": { "hex_id": 1323, "tipo_actual": "verde_inundable" }, "geometry": { "type": "Polygon", "coordinates": [ [ [ -86.762765719979939, 21.13344336253963 ], [ -86.762949912553353, 21.133543479547814 ], [ -86.762949595015499, 21.13374319735707 ], [ -86.762765084410361, 21.133842798152795 ], [ -86.762580891595576, 21.133742680944835 ], [ -86.762581209627299, 21.133542963140922 ], [ -86.762765719979939, 21.13344336253963 ] ] ] } },
{ "type": "Feature", "properties": { "hex_id": 1324, "tipo_actual": "urbano" }, "geometry": { "type": "Polygon", "coordinates": [ [ [ -86.762764766619995, 21.134042515952316 ], [ -86.762948959928664, 21.134142632961435 ], [ -86.762948642379669, 21.134342350756555 ], [ -86.762764131028106, 21.134441951537219 ], [ -86.762579937478066, 21.134341834328314 ], [ -86.762580255520959, 21.134142116538527 ], [ -86.762764766619995, 21.134042515952316 ] ] ] } },
{ "type": "Feature", "properties": { "hex_id": 1325, "tipo_actual": "verde_inundable" }, "geometry": { "type": "Polygon", "coordinates": [ [ [ -86.762763813226599, 21.134641669322601 ], [ -86.762948007270552, 21.134741786332661 ], [ -86.762947689710401, 21.134941504113648 ], [ -86.762763177612413, 21.135041104879246 ], [ -86.76257898332706, 21.134940987669403 ], [ -86.762579301381123, 21.134741269893745 ], [ -86.762763813226599, 21.134641669322601 ] ] ] } },
{ "type": "Feature", "properties": { "hex_id": 1326, "tipo_actual": "verde_inundable" }, "geometry": { "type": "Polygon", "coordinates": [ [ [ -86.762762859799736, 21.135240822650498 ], [ -86.762947054578987, 21.135340939661496 ], [ -86.762946737007709, 21.135540657428344 ], [ -86.762762224163239, 21.135640258178874 ], [ -86.762578029142603, 21.135540140968082 ], [ -86.762578347207807, 21.135340423206571 ], [ -86.762762859799736, 21.135240822650498 ] ] ] } },
{ "type": "Feature", "properties": { "hex_id": 1327, "tipo_actual": "urbano" }, "geometry": { "type": "Polygon", "coordinates": [ [ [ -86.762761906339421, 21.135839975935994 ], [ -86.762946101854013, 21.135940092947923 ], [ -86.762945784271579, 21.136139810700644 ], [ -86.762761270680627, 21.136239411436101 ], [ -86.762577074924636, 21.136139294224375 ], [ -86.76257739300101, 21.135939576476989 ], [ -86.762761906339421, 21.135839975935994 ] ] ] } },
{ "type": "Feature", "properties": { "hex_id": 1328, "tipo_actual": "urbano" }, "geometry": { "type": "Polygon", "coordinates": [ [ [ -86.762760952845653, 21.136439129179092 ], [ -86.7629451490956, 21.136539246191955 ], [ -86.762944831502026, 21.136738963930547 ], [ -86.762760317164549, 21.13683856465094 ], [ -86.762576120673202, 21.136738447438265 ], [ -86.762576438760732, 21.136538729705013 ], [ -86.762760952845653, 21.136439129179092 ] ] ] } },
{ "type": "Feature", "properties": { "hex_id": 1346, "tipo_actual": "urbano" }, "geometry": { "type": "Polygon", "coordinates": [ [ [ -86.76258947714669, 21.128350298585897 ], [ -86.762773663345286, 21.128450415785377 ], [ -86.762773345655262, 21.128650133712064 ], [ -86.76258884127293, 21.128749734433939 ], [ -86.762404654833063, 21.128649617034725 ], [ -86.762404973016814, 21.128449899113381 ], [ -86.76258947714669, 21.128350298585897 ] ] ] } },
{ "type": "Feature", "properties": { "hex_id": 1347, "tipo_actual": "urbano" }, "geometry": { "type": "Polygon", "coordinates": [ [ [ -86.762588523330479, 21.128949452350888 ], [ -86.762772710264088, 21.129049569551317 ], [ -86.762772392562937, 21.129249287463871 ], [ -86.762587887434393, 21.129348888170668 ], [ -86.762403700259483, 21.129248770770509 ], [ -86.762404018454404, 21.129049052863291 ], [ -86.762588523330479, 21.128949452350888 ] ] ] } },
{ "type": "Feature", "properties": { "hex_id": 1348, "tipo_actual": "urbano" }, "geometry": { "type": "Polygon", "coordinates": [ [ [ -86.762587569480786, 21.129548606073495 ], [ -86.762771757149451, 21.129648723274862 ], [ -86.762771439437145, 21.129848441173291 ], [ -86.762586933562403, 21.129948041865021 ], [ -86.762402745652423, 21.129847924463913 ], [ -86.7624030638585, 21.12964820657082 ], [ -86.762587569480786, 21.129548606073495 ] ] ] } },
{ "type": "Feature", "properties": { "hex_id": 1349, "tipo_actual": "urbano" }, "geometry": { "type": "Polygon", "coordinates": [ [ [ -86.762586615597613, 21.130147759753712 ], [ -86.762770804001363, 21.130247876956023 ], [ -86.762770486277901, 21.130447594840323 ], [ -86.762585979656905, 21.130547195516986 ], [ -86.76240179101184, 21.130447078114923 ], [ -86.7624021092291, 21.130247360235963 ], [ -86.762586615597613, 21.130147759753712 ] ] ] } },
{ "type": "Feature", "properties": { "hex_id": 1350, "tipo_actual": "urbano" }, "geometry": { "type": "Polygon", "coordinates": [ [ [ -86.762585661680973, 21.13074691339154 ], [ -86.762769850819822, 21.130847030594794 ], [ -86.762769533085205, 21.131046748464968 ], [ -86.762585025717939, 21.131146349126546 ], [ -86.762400836337761, 21.131046231723541 ], [ -86.762401154566177, 21.13084651385871 ], [ -86.762585661680973, 21.13074691339154 ] ] ] } },
{ "type": "Feature", "properties": { "hex_id": 1351, "tipo_actual": "verde_inundable" }, "geometry": { "type": "Polygon", "coordinates": [ [ [ -86.762584707730838, 21.131346066986982 ], [ -86.762768897604829, 21.131446184191173 ], [ -86.76276857985907, 21.131645902047218 ], [ -86.762584071745508, 21.131745502693732 ], [ -86.762399881630188, 21.131645385289776 ], [ -86.762400199869774, 21.131445667439074 ], [ -86.762584707730838, 21.131346066986982 ] ] ] } },
{ "type": "Feature", "properties": { "hex_id": 1352, "tipo_actual": "verde_inundable" }, "geometry": { "type": "Polygon", "coordinates": [ [ [ -86.762583753747251, 21.131945220540025 ], [ -86.762767944356398, 21.132045337745168 ], [ -86.762767626599484, 21.132245055587084 ], [ -86.762583117739581, 21.132344656218518 ], [ -86.762398926889091, 21.13224453881362 ], [ -86.762399245139846, 21.13204482097704 ], [ -86.762583753747251, 21.131945220540025 ] ] ] } },
{ "type": "Feature", "properties": { "hex_id": 1353, "tipo_actual": "verde_manglar" }, "geometry": { "type": "Polygon", "coordinates": [ [ [ -86.762582799730168, 21.132544374050696 ], [ -86.762766991074514, 21.132644491256777 ], [ -86.76276667330643, 21.132844209084553 ], [ -86.762582163700188, 21.132943809700912 ], [ -86.762397972114499, 21.132843692295062 ], [ -86.762398290376424, 21.132643974472629 ], [ -86.762582799730168, 21.132544374050696 ] ] ] } },
{ "type": "Feature", "properties": { "hex_id": 1354, "tipo_actual": "verde_inundable" }, "geometry": { "type": "Polygon", "coordinates": [ [ [ -86.76258184567962, 21.133143527518961 ], [ -86.762766037759164, 21.133243644725987 ], [ -86.762765719979939, 21.13344336253963 ], [ -86.762581209627299, 21.133542963140922 ], [ -86.762397017306412, 21.13344284573412 ], [ -86.762397335579493, 21.133243127925816 ], [ -86.76258184567962, 21.133143527518961 ] ] ] } },
{ "type": "Feature", "properties": { "hex_id": 1355, "tipo_actual": "urbano" }, "geometry": { "type": "Polygon", "coordinates": [ [ [ -86.762580891595576, 21.133742680944835 ], [ -86.762765084410361, 21.133842798152795 ], [ -86.762764766619995, 21.134042515952316 ], [ -86.762580255520959, 21.134142116538527 ], [ -86.762396062464816, 21.134041999130783 ], [ -86.762396380749067, 21.133842281336609 ], [ -86.762580891595576, 21.133742680944835 ] ] ] } },
{ "type": "Feature", "properties": { "hex_id": 1356, "tipo_actual": "urbano" }, "geometry": { "type": "Polygon", "coordinates": [ [ [ -86.762579937478066, 21.134341834328314 ], [ -86.762764131028106, 21.134441951537219 ], [ -86.762763813226599, 21.134641669322601 ], [ -86.762579301381123, 21.134741269893745 ], [ -86.762395107589711, 21.134641152485049 ], [ -86.762395425885131, 21.13444143470501 ], [ -86.762579937478066, 21.134341834328314 ] ] ] } },
{ "type": "Feature", "properties": { "hex_id": 1357, "tipo_actual": "verde_inundable" }, "geometry": { "type": "Polygon", "coordinates": [ [ [ -86.76257898332706, 21.134940987669403 ], [ -86.762763177612413, 21.135041104879246 ], [ -86.762762859799736, 21.135240822650498 ], [ -86.762578347207807, 21.135340423206571 ], [ -86.762394152681097, 21.13524030579692 ], [ -86.762394470987687, 21.135040588031014 ], [ -86.76257898332706, 21.134940987669403 ] ] ] } },
{ "type": "Feature", "properties": { "hex_id": 1358, "tipo_actual": "verde_inundable" }, "geometry": { "type": "Polygon", "coordinates": [ [ [ -86.762578029142603, 21.135540140968082 ], [ -86.762762224163239, 21.135640258178874 ], [ -86.762761906339421, 21.135839975935994 ], [ -86.76257739300101, 21.135939576476989 ], [ -86.762393197738973, 21.1358394590664 ], [ -86.762393516056733, 21.135639741314616 ], [ -86.762578029142603, 21.135540140968082 ] ] ] } },
{ "type": "Feature", "properties": { "hex_id": 1359, "tipo_actual": "urbano" }, "geometry": { "type": "Polygon", "coordinates": [ [ [ -86.762577074924636, 21.136139294224375 ], [ -86.762761270680627, 21.136239411436101 ], [ -86.762760952845653, 21.136439129179092 ], [ -86.762576438760732, 21.136538729705013 ], [ -86.76239224276334, 21.136438612293475 ], [ -86.762392561092284, 21.13623889455582 ], [ -86.762577074924636, 21.136139294224375 ] ] ] } },
{ "type": "Feature", "properties": { "hex_id": 1378, "tipo_actual": "verde_inundable" }, "geometry": { "type": "Polygon", "coordinates": [ [ [ -86.762403700259483, 21.129248770770509 ], [ -86.762587887434393, 21.129348888170668 ], [ -86.762587569480786, 21.129548606073495 ], [ -86.7624030638585, 21.12964820657082 ], [ -86.762218876442304, 21.129548088970928 ], [ -86.762219194889681, 21.129348371073448 ], [ -86.762403700259483, 21.129248770770509 ] ] ] } },
{ "type": "Feature", "properties": { "hex_id": 1379, "tipo_actual": "urbano" }, "geometry": { "type": "Polygon", "coordinates": [ [ [ -86.762402745652423, 21.129847924463913 ], [ -86.762586933562403, 21.129948041865021 ], [ -86.762586615597613, 21.130147759753712 ], [ -86.7624021092291, 21.130247360235963 ], [ -86.76221792107782, 21.130147242635111 ], [ -86.762218239536367, 21.12994752475176 ], [ -86.762402745652423, 21.129847924463913 ] ] ] } },
{ "type": "Feature", "properties": { "hex_id": 1380, "tipo_actual": "urbano" }, "geometry": { "type": "Polygon", "coordinates": [ [ [ -86.76240179101184, 21.130447078114923 ], [ -86.762585979656905, 21.130547195516986 ], [ -86.762585661680973, 21.13074691339154 ], [ -86.762401154566177, 21.13084651385871 ], [ -86.762216965679798, 21.130746396256907 ], [ -86.762217284149528, 21.130546678387685 ], [ -86.76240179101184, 21.130447078114923 ] ] ] } },
{ "type": "Feature", "properties": { "hex_id": 1381, "tipo_actual": "urbano" }, "geometry": { "type": "Polygon", "coordinates": [ [ [ -86.762400836337761, 21.131046231723541 ], [ -86.762585025717939, 21.131146349126546 ], [ -86.762584707730838, 21.131346066986982 ], [ -86.762400199869774, 21.131445667439074 ], [ -86.762216010248267, 21.131345549836315 ], [ -86.762216328729181, 21.131145831981222 ], [ -86.762400836337761, 21.131046231723541 ] ] ] } },
{ "type": "Feature", "properties": { "hex_id": 1382, "tipo_actual": "verde_inundable" }, "geometry": { "type": "Polygon", "coordinates": [ [ [ -86.762399881630188, 21.131645385289776 ], [ -86.762584071745508, 21.131745502693732 ], [ -86.762583753747251, 21.131945220540025 ], [ -86.762399245139846, 21.13204482097704 ], [ -86.762215054783198, 21.131944703373325 ], [ -86.762215373275282, 21.131744985532368 ], [ -86.762399881630188, 21.131645385289776 ] ] ] } },
{ "type": "Feature", "properties": { "hex_id": 1383, "tipo_actual": "verde_inundable" }, "geometry": { "type": "Polygon", "coordinates": [ [ [ -86.762398926889091, 21.13224453881362 ], [ -86.762583117739581, 21.132344656218518 ], [ -86.762582799730168, 21.132544374050696 ], [ -86.762398290376424, 21.132643974472629 ], [ -86.762214099284606, 21.132543856867958 ], [ -86.76221441778786, 21.132344139041123 ], [ -86.762398926889091, 21.13224453881362 ] ] ] } },
{ "type": "Feature", "properties": { "hex_id": 1384, "tipo_actual": "verde_inundable" }, "geometry": { "type": "Polygon", "coordinates": [ [ [ -86.762397972114499, 21.132843692295062 ], [ -86.762582163700188, 21.132943809700912 ], [ -86.76258184567962, 21.133143527518961 ], [ -86.762397335579493, 21.133243127925816 ], [ -86.762213143752462, 21.13314301032019 ], [ -86.762213462266899, 21.132943292507488 ], [ -86.762397972114499, 21.132843692295062 ] ] ] } },
{ "type": "Feature", "properties": { "hex_id": 1385, "tipo_actual": "urbano" }, "geometry": { "type": "Polygon", "coordinates": [ [ [ -86.762397017306412, 21.13344284573412 ], [ -86.762581209627299, 21.133542963140922 ], [ -86.762580891595576, 21.133742680944835 ], [ -86.762396380749067, 21.133842281336609 ], [ -86.762212188186808, 21.13374216373003 ], [ -86.76221250671243, 21.133542445931457 ], [ -86.762397017306412, 21.13344284573412 ] ] ] } },
{ "type": "Feature", "properties": { "hex_id": 1386, "tipo_actual": "urbano" }, "geometry": { "type": "Polygon", "coordinates": [ [ [ -86.762396062464816, 21.134041999130783 ], [ -86.762580255520959, 21.134142116538527 ], [ -86.762579937478066, 21.134341834328314 ], [ -86.762395425885131, 21.13444143470501 ], [ -86.762211232587632, 21.134341317097473 ], [ -86.762211551124409, 21.134141599313033 ], [ -86.762396062464816, 21.134041999130783 ] ] ] } },
{ "type": "Feature", "properties": { "hex_id": 1387, "tipo_actual": "verde_inundable" }, "geometry": { "type": "Polygon", "coordinates": [ [ [ -86.762395107589711, 21.134641152485049 ], [ -86.762579301381123, 21.134741269893745 ], [ -86.76257898332706, 21.134940987669403 ], [ -86.762394470987687, 21.135040588031014 ], [ -86.762210276954903, 21.134940470422524 ], [ -86.762210595502864, 21.134740752652217 ], [ -86.762395107589711, 21.134641152485049 ] ] ] } },
{ "type": "Feature", "properties": { "hex_id": 1388, "tipo_actual": "verde_inundable" }, "geometry": { "type": "Polygon", "coordinates": [ [ [ -86.762394152681097, 21.13524030579692 ], [ -86.762578347207807, 21.135340423206571 ], [ -86.762578029142603, 21.135540140968082 ], [ -86.762393516056733, 21.135639741314616 ], [ -86.762209321288651, 21.135539623705174 ], [ -86.762209639847782, 21.135339905949007 ], [ -86.762394152681097, 21.13524030579692 ] ] ] } },
{ "type": "Feature", "properties": { "hex_id": 1389, "tipo_actual": "urbano" }, "geometry": { "type": "Polygon", "coordinates": [ [ [ -86.762393197738973, 21.1358394590664 ], [ -86.76257739300101, 21.135939576476989 ], [ -86.762577074924636, 21.136139294224375 ], [ -86.762392561092284, 21.13623889455582 ], [ -86.762208365588862, 21.13613877694543 ], [ -86.762208684159177, 21.135939059203388 ], [ -86.762393197738973, 21.1358394590664 ] ] ] } },
{ "type": "Feature", "properties": { "hex_id": 1390, "tipo_actual": "urbano" }, "geometry": { "type": "Polygon", "coordinates": [ [ [ -86.76239224276334, 21.136438612293475 ], [ -86.762576438760732, 21.136538729705013 ], [ -86.762576120673202, 21.136738447438265 ], [ -86.762391606094312, 21.13683804775464 ], [ -86.762207409855534, 21.13673793014329 ], [ -86.762207728437033, 21.136538212415378 ], [ -86.76239224276334, 21.136438612293475 ] ] ] } },
{ "type": "Feature", "properties": { "hex_id": 1410, "tipo_actual": "urbano" }, "geometry": { "type": "Polygon", "coordinates": [ [ [ -86.762218876442304, 21.129548088970928 ], [ -86.7624030638585, 21.12964820657082 ], [ -86.762402745652423, 21.129847924463913 ], [ -86.762218239536367, 21.12994752475176 ], [ -86.762034051878871, 21.129847406952116 ], [ -86.762034370578718, 21.129647689064374 ], [ -86.762218876442304, 21.129548088970928 ] ] ] } },
{ "type": "Feature", "properties": { "hex_id": 1411, "tipo_actual": "urbano" }, "geometry": { "type": "Polygon", "coordinates": [ [ [ -86.76221792107782, 21.130147242635111 ], [ -86.7624021092291, 21.130247360235963 ], [ -86.76240179101184, 21.130447078114923 ], [ -86.762217284149528, 21.130546678387685 ], [ -86.762033095756962, 21.130446560587082 ], [ -86.762033414467993, 21.130246842713465 ], [ -86.76221792107782, 21.130147242635111 ] ] ] } },
{ "type": "Feature", "properties": { "hex_id": 1412, "tipo_actual": "urbano" }, "geometry": { "type": "Polygon", "coordinates": [ [ [ -86.762216965679798, 21.130746396256907 ], [ -86.762401154566177, 21.13084651385871 ], [ -86.762400836337761, 21.131046231723541 ], [ -86.762216328729181, 21.131145831981222 ], [ -86.762032139601487, 21.131045714179653 ], [ -86.762032458323702, 21.130845996320172 ], [ -86.762216965679798, 21.130746396256907 ] ] ] } },
{ "type": "Feature", "properties": { "hex_id": 1413, "tipo_actual": "verde_inundable" }, "geometry": { "type": "Polygon", "coordinates": [ [ [ -86.762216010248267, 21.131345549836315 ], [ -86.762400199869774, 21.131445667439074 ], [ -86.762399881630188, 21.131645385289776 ], [ -86.762215373275282, 21.131744985532368 ], [ -86.762031183412461, 21.131644867729843 ], [ -86.762031502145859, 21.131445149884488 ], [ -86.762216010248267, 21.131345549836315 ] ] ] } },
{ "type": "Feature", "properties": { "hex_id": 1414, "tipo_actual": "verde_inundable" }, "geometry": { "type": "Polygon", "coordinates": [ [ [ -86.762215054783198, 21.131944703373325 ], [ -86.762399245139846, 21.13204482097704 ], [ -86.762398926889091, 21.13224453881362 ], [ -86.76221441778786, 21.132344139041123 ], [ -86.762030227189882, 21.132244021237639 ], [ -86.762030545934479, 21.132044303406413 ], [ -86.762215054783198, 21.131944703373325 ] ] ] } },
{ "type": "Feature", "properties": { "hex_id": 1415, "tipo_actual": "verde_inundable" }, "geometry": { "type": "Polygon", "coordinates": [ [ [ -86.762214099284606, 21.132543856867958 ], [ -86.762398290376424, 21.132643974472629 ], [ -86.762397972114499, 21.132843692295062 ], [ -86.762213462266899, 21.132943292507488 ], [ -86.762029270933752, 21.132843174703037 ], [ -86.762029589689519, 21.132643456885955 ], [ -86.762214099284606, 21.132543856867958 ] ] ] } },
{ "type": "Feature", "properties": { "hex_id": 1416, "tipo_actual": "urbano" }, "geometry": { "type": "Polygon", "coordinates": [ [ [ -86.762213143752462, 21.13314301032019 ], [ -86.762397335579493, 21.133243127925816 ], [ -86.762397017306412, 21.13344284573412 ], [ -86.76221250671243, 21.133542445931457 ], [ -86.762028314644041, 21.133442328126051 ], [ -86.76202863341102, 21.133242610323098 ], [ -86.762213143752462, 21.13314301032019 ] ] ] } },
{ "type": "Feature", "properties": { "hex_id": 1417, "tipo_actual": "urbano" }, "geometry": { "type": "Polygon", "coordinates": [ [ [ -86.762212188186808, 21.13374216373003 ], [ -86.762396380749067, 21.133842281336609 ], [ -86.762396062464816, 21.134041999130783 ], [ -86.762211551124409, 21.134141599313033 ], [ -86.762027358320807, 21.134041481506671 ], [ -86.762027677098942, 21.133841763717836 ], [ -86.762212188186808, 21.13374216373003 ] ] ] } },
{ "type": "Feature", "properties": { "hex_id": 1418, "tipo_actual": "verde_inundable" }, "geometry": { "type": "Polygon", "coordinates": [ [ [ -86.762211232587632, 21.134341317097473 ], [ -86.762395425885131, 21.13444143470501 ], [ -86.762395107589711, 21.134641152485049 ], [ -86.762210595502864, 21.134740752652217 ], [ -86.762026401963993, 21.134640634844885 ], [ -86.762026720753326, 21.13444091707019 ], [ -86.762211232587632, 21.134341317097473 ] ] ] } },
{ "type": "Feature", "properties": { "hex_id": 1419, "tipo_actual": "verde_inundable" }, "geometry": { "type": "Polygon", "coordinates": [ [ [ -86.762210276954903, 21.134940470422524 ], [ -86.762394470987687, 21.135040588031014 ], [ -86.762394152681097, 21.13524030579692 ], [ -86.762209639847782, 21.135339905949007 ], [ -86.762025445573627, 21.135239788140712 ], [ -86.762025764374144, 21.135040070380153 ], [ -86.762210276954903, 21.134940470422524 ] ] ] } },
{ "type": "Feature", "properties": { "hex_id": 1420, "tipo_actual": "verde_inundable" }, "geometry": { "type": "Polygon", "coordinates": [ [ [ -86.762209321288651, 21.135539623705174 ], [ -86.762393516056733, 21.135639741314616 ], [ -86.762393197738973, 21.1358394590664 ], [ -86.762208684159177, 21.135939059203388 ], [ -86.762024489149709, 21.135838941394137 ], [ -86.76202480796141, 21.135639223647711 ], [ -86.762209321288651, 21.135539623705174 ] ] ] } },
{ "type": "Feature", "properties": { "hex_id": 1421, "tipo_actual": "urbano" }, "geometry": { "type": "Polygon", "coordinates": [ [ [ -86.762208365588862, 21.13613877694543 ], [ -86.762392561092284, 21.13623889455582 ], [ -86.76239224276334, 21.136438612293475 ], [ -86.762207728437033, 21.136538212415378 ], [ -86.762023532692211, 21.136438094605165 ], [ -86.76202385151511, 21.136238376872871 ], [ -86.762208365588862, 21.13613877694543 ] ] ] } },
{ "type": "Feature", "properties": { "hex_id": 1441, "tipo_actual": "verde_inundable" }, "geometry": { "type": "Polygon", "coordinates": [ [ [ -86.762034051878871, 21.129847406952116 ], [ -86.762218239536367, 21.12994752475176 ], [ -86.76221792107782, 21.130147242635111 ], [ -86.762033414467993, 21.130246842713465 ], [ -86.761849226569183, 21.130146724714081 ], [ -86.761849545521514, 21.12994700683608 ], [ -86.762034051878871, 21.129847406952116 ] ] ] } },
{ "type": "Feature", "properties": { "hex_id": 1442, "tipo_actual": "verde_inundable" }, "geometry": { "type": "Polygon", "coordinates": [ [ [ -86.762033095756962, 21.130446560587082 ], [ -86.762217284149528, 21.130546678387685 ], [ -86.762216965679798, 21.130746396256907 ], [ -86.762032458323702, 21.130845996320172 ], [ -86.761848269689821, 21.130745878319814 ], [ -86.761848588653336, 21.130546160455946 ], [ -86.762033095756962, 21.130446560587082 ] ] ] } },
{ "type": "Feature", "properties": { "hex_id": 1443, "tipo_actual": "urbano" }, "geometry": { "type": "Polygon", "coordinates": [ [ [ -86.762032139601487, 21.131045714179653 ], [ -86.762216328729181, 21.131145831981222 ], [ -86.762216010248267, 21.131345549836315 ], [ -86.762031502145859, 21.131445149884488 ], [ -86.761847312776865, 21.131345031883164 ], [ -86.761847631751579, 21.131145314033425 ], [ -86.762032139601487, 21.131045714179653 ] ] ] } },
{ "type": "Feature", "properties": { "hex_id": 1444, "tipo_actual": "verde_inundable" }, "geometry": { "type": "Polygon", "coordinates": [ [ [ -86.762031183412461, 21.131644867729843 ], [ -86.762215373275282, 21.131744985532368 ], [ -86.762215054783198, 21.131944703373325 ], [ -86.762030545934479, 21.132044303406413 ], [ -86.761846355830329, 21.131944185404119 ], [ -86.761846674816226, 21.131744467568513 ], [ -86.762031183412461, 21.131644867729843 ] ] ] } },
{ "type": "Feature", "properties": { "hex_id": 1445, "tipo_actual": "verde_inundable" }, "geometry": { "type": "Polygon", "coordinates": [ [ [ -86.762030227189882, 21.132244021237639 ], [ -86.76221441778786, 21.132344139041123 ], [ -86.762214099284606, 21.132543856867958 ], [ -86.762029589689519, 21.132643456885955 ], [ -86.761845398850213, 21.132543338882691 ], [ -86.761845717847308, 21.13234362106121 ], [ -86.762030227189882, 21.132244021237639 ] ] ] } },
{ "type": "Feature", "properties": { "hex_id": 1446, "tipo_actual": "urbano" }, "geometry": { "type": "Polygon", "coordinates": [ [ [ -86.762029270933752, 21.132843174703037 ], [ -86.762213462266899, 21.132943292507488 ], [ -86.762213143752462, 21.13314301032019 ], [ -86.76202863341102, 21.133242610323098 ], [ -86.761844441836516, 21.133142492318868 ], [ -86.761844760844809, 21.132942774511516 ], [ -86.762029270933752, 21.132843174703037 ] ] ] } },
{ "type": "Feature", "properties": { "hex_id": 1447, "tipo_actual": "urbano" }, "geometry": { "type": "Polygon", "coordinates": [ [ [ -86.762028314644041, 21.133442328126051 ], [ -86.76221250671243, 21.133542445931457 ], [ -86.762212188186808, 21.13374216373003 ], [ -86.762027677098942, 21.133841763717836 ], [ -86.761843484789225, 21.133741645712647 ], [ -86.761843803808716, 21.133541927919428 ], [ -86.762028314644041, 21.133442328126051 ] ] ] } },
{ "type": "Feature", "properties": { "hex_id": 1448, "tipo_actual": "urbano" }, "geometry": { "type": "Polygon", "coordinates": [ [ [ -86.762027358320807, 21.134041481506671 ], [ -86.762211551124409, 21.134141599313033 ], [ -86.762211232587632, 21.134341317097473 ], [ -86.762026720753326, 21.13444091707019 ], [ -86.761842527708367, 21.134340799064034 ], [ -86.761842846739043, 21.134141081284945 ], [ -86.762027358320807, 21.134041481506671 ] ] ] } },
{ "type": "Feature", "properties": { "hex_id": 1449, "tipo_actual": "verde_inundable" }, "geometry": { "type": "Polygon", "coordinates": [ [ [ -86.762026401963993, 21.134640634844885 ], [ -86.762210595502864, 21.134740752652217 ], [ -86.762210276954903, 21.134940470422524 ], [ -86.762025764374144, 21.135040070380153 ], [ -86.761841570593901, 21.134939952373021 ], [ -86.761841889635789, 21.134740234608071 ], [ -86.762026401963993, 21.134640634844885 ] ] ] } },
{ "type": "Feature", "properties": { "hex_id": 1450, "tipo_actual": "verde_inundable" }, "geometry": { "type": "Polygon", "coordinates": [ [ [ -86.762025445573627, 21.135239788140712 ], [ -86.762209639847782, 21.135339905949007 ], [ -86.762209321288651, 21.135539623705174 ], [ -86.76202480796141, 21.135639223647711 ], [ -86.76184061344587, 21.135539105639616 ], [ -86.761840932498941, 21.135339387888795 ], [ -86.762025445573627, 21.135239788140712 ] ] ] } },
{ "type": "Feature", "properties": { "hex_id": 1451, "tipo_actual": "urbano" }, "geometry": { "type": "Polygon", "coordinates": [ [ [ -86.762024489149709, 21.135838941394137 ], [ -86.762208684159177, 21.135939059203388 ], [ -86.762208365588862, 21.13613877694543 ], [ -86.76202385151511, 21.136238376872871 ], [ -86.761839656264243, 21.136138258863809 ], [ -86.761839975328527, 21.135938541127121 ], [ -86.762024489149709, 21.135838941394137 ] ] ] } },
{ "type": "Feature", "properties": { "hex_id": 1452, "tipo_actual": "urbano" }, "geometry": { "type": "Polygon", "coordinates": [ [ [ -86.762023532692211, 21.136438094605165 ], [ -86.762207728437033, 21.136538212415378 ], [ -86.762207409855534, 21.13673793014329 ], [ -86.762022895035258, 21.136837530055633 ], [ -86.761838699049036, 21.136737412045608 ], [ -86.761839018124505, 21.136537694323053 ], [ -86.762023532692211, 21.136438094605165 ] ] ] } },
{ "type": "Feature", "properties": { "hex_id": 1474, "tipo_actual": "urbano" }, "geometry": { "type": "Polygon", "coordinates": [ [ [ -86.761848269689821, 21.130745878319814 ], [ -86.762032458323702, 21.130845996320172 ], [ -86.762032139601487, 21.131045714179653 ], [ -86.761847631751579, 21.131145314033425 ], [ -86.761663442876383, 21.131045195833302 ], [ -86.761663762092411, 21.130845477979182 ], [ -86.761848269689821, 21.130745878319814 ] ] ] } },
{ "type": "Feature", "properties": { "hex_id": 1475, "tipo_actual": "verde_inundable" }, "geometry": { "type": "Polygon", "coordinates": [ [ [ -86.761847312776865, 21.131345031883164 ], [ -86.762031502145859, 21.131445149884488 ], [ -86.762031183412461, 21.131644867729843 ], [ -86.761846674816226, 21.131744467568513 ], [ -86.761662485205918, 21.13164434936742 ], [ -86.761662804433143, 21.131444631527422 ], [ -86.761847312776865, 21.131345031883164 ] ] ] } },
{ "type": "Feature", "properties": { "hex_id": 1476, "tipo_actual": "verde_inundable" }, "geometry": { "type": "Polygon", "coordinates": [ [ [ -86.761846355830329, 21.131944185404119 ], [ -86.762030545934479, 21.132044303406413 ], [ -86.762030227189882, 21.132244021237639 ], [ -86.761845717847308, 21.13234362106121 ], [ -86.761661527501857, 21.132243502859147 ], [ -86.761661846740267, 21.132043785033279 ], [ -86.761846355830329, 21.131944185404119 ] ] ] } },
{ "type": "Feature", "properties": { "hex_id": 1477, "tipo_actual": "urbano" }, "geometry": { "type": "Polygon", "coordinates": [ [ [ -86.761845398850213, 21.132543338882691 ], [ -86.762029589689519, 21.132643456885955 ], [ -86.762029270933752, 21.132843174703037 ], [ -86.761844760844809, 21.132942774511516 ], [ -86.761660569764175, 21.132842656308473 ], [ -86.761660889013797, 21.132642938496748 ], [ -86.761845398850213, 21.132543338882691 ] ] ] } },
{ "type": "Feature", "properties": { "hex_id": 1478, "tipo_actual": "urbano" }, "geometry": { "type": "Polygon", "coordinates": [ [ [ -86.761844441836516, 21.133142492318868 ], [ -86.76202863341102, 21.133242610323098 ], [ -86.762028314644041, 21.133442328126051 ], [ -86.761843803808716, 21.133541927919428 ], [ -86.761659611992869, 21.133441809715414 ], [ -86.761659931253703, 21.133242091917818 ], [ -86.761844441836516, 21.133142492318868 ] ] ] } },
{ "type": "Feature", "properties": { "hex_id": 1479, "tipo_actual": "urbano" }, "geometry": { "type": "Polygon", "coordinates": [ [ [ -86.761843484789225, 21.133741645712647 ], [ -86.762027677098942, 21.133841763717836 ], [ -86.762027358320807, 21.134041481506671 ], [ -86.761842846739043, 21.134141081284945 ], [ -86.761658654187983, 21.134040963079961 ], [ -86.761658973460001, 21.133841245296487 ], [ -86.761843484789225, 21.133741645712647 ] ] ] } },
{ "type": "Feature", "properties": { "hex_id": 1480, "tipo_actual": "verde_inundable" }, "geometry": { "type": "Polygon", "coordinates": [ [ [ -86.761842527708367, 21.134340799064034 ], [ -86.762026720753326, 21.13444091707019 ], [ -86.762026401963993, 21.134640634844885 ], [ -86.761841889635789, 21.134740234608071 ], [ -86.761657696349474, 21.134640116402107 ], [ -86.761658015632705, 21.134440398632773 ], [ -86.761842527708367, 21.134340799064034 ] ] ] } },
{ "type": "Feature", "properties": { "hex_id": 1481, "tipo_actual": "verde_inundable" }, "geometry": { "type": "Polygon", "coordinates": [ [ [ -86.761841570593901, 21.134939952373021 ], [ -86.762025764374144, 21.135040070380153 ], [ -86.762025445573627, 21.135239788140712 ], [ -86.761840932498941, 21.135339387888795 ], [ -86.761656738477356, 21.135239269681858 ], [ -86.761657057771785, 21.135039551926656 ], [ -86.761841570593901, 21.134939952373021 ] ] ] } },
{ "type": "Feature", "properties": { "hex_id": 1482, "tipo_actual": "verde_general" }, "geometry": { "type": "Polygon", "coordinates": [ [ [ -86.76184061344587, 21.135539105639616 ], [ -86.76202480796141, 21.135639223647711 ], [ -86.762024489149709, 21.135838941394137 ], [ -86.761839975328527, 21.135938541127121 ], [ -86.761655780571616, 21.135838422919221 ], [ -86.761656099877257, 21.135638705178142 ], [ -86.76184061344587, 21.135539105639616 ] ] ] } },
{ "type": "Feature", "properties": { "hex_id": 1483, "tipo_actual": "urbano" }, "geometry": { "type": "Polygon", "coordinates": [ [ [ -86.761839656264243, 21.136138258863809 ], [ -86.76202385151511, 21.136238376872871 ], [ -86.762023532692211, 21.136438094605165 ], [ -86.761839018124505, 21.136537694323053 ], [ -86.761654822632281, 21.136437576114176 ], [ -86.761655141949106, 21.136237858387233 ], [ -86.761839656264243, 21.136138258863809 ] ] ] } },
{ "type": "Feature", "properties": { "hex_id": 1505, "tipo_actual": "urbano" }, "geometry": { "type": "Polygon", "coordinates": [ [ [ -86.761663442876383, 21.131045195833302 ], [ -86.761847631751579, 21.131145314033425 ], [ -86.761847312776865, 21.131345031883164 ], [ -86.761662804433143, 21.131444631527422 ], [ -86.761478615316648, 21.131344513127537 ], [ -86.761478934785174, 21.131144795283159 ], [ -86.761663442876383, 21.131045195833302 ] ] ] } },
{ "type": "Feature", "properties": { "hex_id": 1506, "tipo_actual": "verde_general" }, "geometry": { "type": "Polygon", "coordinates": [ [ [ -86.761662485205918, 21.13164434936742 ], [ -86.761846674816226, 21.131744467568513 ], [ -86.761846355830329, 21.131944185404119 ], [ -86.761661846740267, 21.132043785033279 ], [ -86.761477656888644, 21.131943666632413 ], [ -86.761477976368383, 21.131743948802168 ], [ -86.761662485205918, 21.13164434936742 ] ] ] } },
{ "type": "Feature", "properties": { "hex_id": 1507, "tipo_actual": "urbano" }, "geometry": { "type": "Polygon", "coordinates": [ [ [ -86.761661527501857, 21.132243502859147 ], [ -86.761845717847308, 21.13234362106121 ], [ -86.761845398850213, 21.132543338882691 ], [ -86.761660889013797, 21.132642938496748 ], [ -86.761476698427003, 21.132542820094894 ], [ -86.761477017917954, 21.132343102278774 ], [ -86.761661527501857, 21.132243502859147 ] ] ] } },
{ "type": "Feature", "properties": { "hex_id": 1508, "tipo_actual": "urbano" }, "geometry": { "type": "Polygon", "coordinates": [ [ [ -86.761660569764175, 21.132842656308473 ], [ -86.761844760844809, 21.132942774511516 ], [ -86.761844441836516, 21.133142492318868 ], [ -86.761659931253703, 21.133242091917818 ], [ -86.76147573993174, 21.133141973514988 ], [ -86.761476059433903, 21.132942255713001 ], [ -86.761660569764175, 21.132842656308473 ] ] ] } },
{ "type": "Feature", "properties": { "hex_id": 1509, "tipo_actual": "urbano" }, "geometry": { "type": "Polygon", "coordinates": [ [ [ -86.761659611992869, 21.133441809715414 ], [ -86.761843803808716, 21.133541927919428 ], [ -86.761843484789225, 21.133741645712647 ], [ -86.761658973460001, 21.133841245296487 ], [ -86.761474781402839, 21.133741126892687 ], [ -86.761475100916201, 21.133541409104829 ], [ -86.761659611992869, 21.133441809715414 ] ] ] } },
{ "type": "Feature", "properties": { "hex_id": 1510, "tipo_actual": "verde_general" }, "geometry": { "type": "Polygon", "coordinates": [ [ [ -86.761658654187983, 21.134040963079961 ], [ -86.761842846739043, 21.134141081284945 ], [ -86.761842527708367, 21.134340799064034 ], [ -86.761658015632705, 21.134440398632773 ], [ -86.761473822840287, 21.134340280227985 ], [ -86.761474142364875, 21.13414056245426 ], [ -86.761658654187983, 21.134040963079961 ] ] ] } },
{ "type": "Feature", "properties": { "hex_id": 1511, "tipo_actual": "verde_inundable" }, "geometry": { "type": "Polygon", "coordinates": [ [ [ -86.761657696349474, 21.134640116402107 ], [ -86.761841889635789, 21.134740234608071 ], [ -86.761841570593901, 21.134939952373021 ], [ -86.761657057771785, 21.135039551926656 ], [ -86.761472864244112, 21.134939433520895 ], [ -86.761473183779898, 21.134739715761302 ], [ -86.761657696349474, 21.134640116402107 ] ] ] } },
{ "type": "Feature", "properties": { "hex_id": 1512, "tipo_actual": "verde_inundable" }, "geometry": { "type": "Polygon", "coordinates": [ [ [ -86.761656738477356, 21.135239269681858 ], [ -86.761840932498941, 21.135339387888795 ], [ -86.76184061344587, 21.135539105639616 ], [ -86.761656099877257, 21.135638705178142 ], [ -86.7614719056143, 21.135538586771403 ], [ -86.761472225161299, 21.135338869025947 ], [ -86.761656738477356, 21.135239269681858 ] ] ] } },
{ "type": "Feature", "properties": { "hex_id": 1513, "tipo_actual": "urbano" }, "geometry": { "type": "Polygon", "coordinates": [ [ [ -86.761655780571616, 21.135838422919221 ], [ -86.761839975328527, 21.135938541127121 ], [ -86.761839656264243, 21.136138258863809 ], [ -86.761655141949106, 21.136237858387233 ], [ -86.761470946950837, 21.136137739979514 ], [ -86.761471266509062, 21.13593802224819 ], [ -86.761655780571616, 21.135838422919221 ] ] ] } },
{ "type": "Feature", "properties": { "hex_id": 1514, "tipo_actual": "verde_inundable" }, "geometry": { "type": "Polygon", "coordinates": [ [ [ -86.761654822632281, 21.136437576114176 ], [ -86.761839018124505, 21.136537694323053 ], [ -86.761838699049036, 21.136737412045608 ], [ -86.761654183987361, 21.136837011553922 ], [ -86.761469988253751, 21.13673689314523 ], [ -86.761470307823174, 21.136537175428032 ], [ -86.761654822632281, 21.136437576114176 ] ] ] } },
{ "type": "Feature", "properties": { "hex_id": 1537, "tipo_actual": "urbano" }, "geometry": { "type": "Polygon", "coordinates": [ [ [ -86.761478615316648, 21.131344513127537 ], [ -86.761662804433143, 21.131444631527422 ], [ -86.761662485205918, 21.13164434936742 ], [ -86.761477976368383, 21.131743948802168 ], [ -86.761293787010587, 21.13164383020251 ], [ -86.761294106731626, 21.131444112367877 ], [ -86.761478615316648, 21.131344513127537 ] ] ] } },
{ "type": "Feature", "properties": { "hex_id": 1538, "tipo_actual": "verde_general" }, "geometry": { "type": "Polygon", "coordinates": [ [ [ -86.761477656888644, 21.131943666632413 ], [ -86.761661846740267, 21.132043785033279 ], [ -86.761661527501857, 21.132243502859147 ], [ -86.761477017917954, 21.132343102278774 ], [ -86.761292827825017, 21.13224298367814 ], [ -86.761293147557282, 21.132043265857636 ], [ -86.761477656888644, 21.131943666632413 ] ] ] } },
{ "type": "Feature", "properties": { "hex_id": 1539, "tipo_actual": "urbano" }, "geometry": { "type": "Polygon", "coordinates": [ [ [ -86.761476698427003, 21.132542820094894 ], [ -86.761660889013797, 21.132642938496748 ], [ -86.761660569764175, 21.132842656308473 ], [ -86.761476059433903, 21.132942255713001 ], [ -86.761291868605795, 21.132842137111371 ], [ -86.761292188349273, 21.132642419305004 ], [ -86.761476698427003, 21.132542820094894 ] ] ] } },
{ "type": "Feature", "properties": { "hex_id": 1540, "tipo_actual": "urbano" }, "geometry": { "type": "Polygon", "coordinates": [ [ [ -86.76147573993174, 21.133141973514988 ], [ -86.761659931253703, 21.133242091917818 ], [ -86.761659611992869, 21.133441809715414 ], [ -86.761475100916201, 21.133541409104829 ], [ -86.761290909352894, 21.133441290502216 ], [ -86.761291229107613, 21.133241572709977 ], [ -86.76147573993174, 21.133141973514988 ] ] ] } },
{ "type": "Feature", "properties": { "hex_id": 1541, "tipo_actual": "verde_inundable" }, "geometry": { "type": "Polygon", "coordinates": [ [ [ -86.761474781402839, 21.133741126892687 ], [ -86.761658973460001, 21.133841245296487 ], [ -86.761658654187983, 21.134040963079961 ], [ -86.761474142364875, 21.13414056245426 ], [ -86.761289950066356, 21.134040443850665 ], [ -86.761290269832273, 21.133840726072563 ], [ -86.761474781402839, 21.133741126892687 ] ] ] } },
{ "type": "Feature", "properties": { "hex_id": 1542, "tipo_actual": "verde_inundable" }, "geometry": { "type": "Polygon", "coordinates": [ [ [ -86.761473822840287, 21.134340280227985 ], [ -86.761658015632705, 21.134440398632773 ], [ -86.761657696349474, 21.134640116402107 ], [ -86.761473183779898, 21.134739715761302 ], [ -86.761288990746138, 21.13463959715671 ], [ -86.761289310523281, 21.13443987939274 ], [ -86.761473822840287, 21.134340280227985 ] ] ] } },
{ "type": "Feature", "properties": { "hex_id": 1543, "tipo_actual": "urbano" }, "geometry": { "type": "Polygon", "coordinates": [ [ [ -86.761472864244112, 21.134939433520895 ], [ -86.761657057771785, 21.135039551926656 ], [ -86.761656738477356, 21.135239269681858 ], [ -86.761472225161299, 21.135338869025947 ], [ -86.761288031392269, 21.13523875042037 ], [ -86.761288351180625, 21.135039032670534 ], [ -86.761472864244112, 21.134939433520895 ] ] ] } },
{ "type": "Feature", "properties": { "hex_id": 1544, "tipo_actual": "verde_inundable" }, "geometry": { "type": "Polygon", "coordinates": [ [ [ -86.7614719056143, 21.135538586771403 ], [ -86.761656099877257, 21.135638705178142 ], [ -86.761655780571616, 21.135838422919221 ], [ -86.761471266509062, 21.13593802224819 ], [ -86.761287072004734, 21.13583790364163 ], [ -86.761287391804316, 21.135638185905922 ], [ -86.7614719056143, 21.135538586771403 ] ] ] } },
{ "type": "Feature", "properties": { "hex_id": 1545, "tipo_actual": "urbano" }, "geometry": { "type": "Polygon", "coordinates": [ [ [ -86.761470946950837, 21.136137739979514 ], [ -86.761655141949106, 21.136237858387233 ], [ -86.761654822632281, 21.136437576114176 ], [ -86.761470307823174, 21.136537175428032 ], [ -86.76128611258352, 21.13643705682049 ], [ -86.761286432394328, 21.136237339098916 ], [ -86.761470946950837, 21.136137739979514 ] ] ] } },
{ "type": "Feature", "properties": { "hex_id": 1567, "tipo_actual": "urbano" }, "geometry": { "type": "Polygon", "coordinates": [ [ [ -86.761294746162491, 21.131044676684485 ], [ -86.761478934785174, 21.131144795283159 ], [ -86.761478615316648, 21.131344513127537 ], [ -86.761294106731626, 21.131444112367877 ], [ -86.761109917867657, 21.131343993569434 ], [ -86.761110237829996, 21.131144275730431 ], [ -86.761294746162491, 21.131044676684485 ] ] ] } },
{ "type": "Feature", "properties": { "hex_id": 1568, "tipo_actual": "verde_general" }, "geometry": { "type": "Polygon", "coordinates": [ [ [ -86.761293787010587, 21.13164383020251 ], [ -86.761477976368383, 21.131743948802168 ], [ -86.761477656888644, 21.131943666632413 ], [ -86.761293147557282, 21.132043265857636 ], [ -86.761108957958172, 21.131943147058202 ], [ -86.761109277931752, 21.131743429233325 ], [ -86.761293787010587, 21.13164383020251 ] ] ] } },
{ "type": "Feature", "properties": { "hex_id": 1569, "tipo_actual": "verde_general" }, "geometry": { "type": "Polygon", "coordinates": [ [ [ -86.761292827825017, 21.13224298367814 ], [ -86.761477017917954, 21.132343102278774 ], [ -86.761476698427003, 21.132542820094894 ], [ -86.761292188349273, 21.132642419305004 ], [ -86.761107998015021, 21.132542300504578 ], [ -86.761108317999813, 21.13234258269383 ], [ -86.761292827825017, 21.13224298367814 ] ] ] } },
{ "type": "Feature", "properties": { "hex_id": 1570, "tipo_actual": "urbano" }, "geometry": { "type": "Polygon", "coordinates": [ [ [ -86.761291868605795, 21.132842137111371 ], [ -86.761476059433903, 21.132942255713001 ], [ -86.76147573993174, 21.133141973514988 ], [ -86.761291229107613, 21.133241572709977 ], [ -86.761107038038176, 21.133141453908561 ], [ -86.761107358034195, 21.132941736111938 ], [ -86.761291868605795, 21.132842137111371 ] ] ] } },
{ "type": "Feature", "properties": { "hex_id": 1571, "tipo_actual": "verde_inundable" }, "geometry": { "type": "Polygon", "coordinates": [ [ [ -86.761290909352894, 21.133441290502216 ], [ -86.761475100916201, 21.133541409104829 ], [ -86.761474781402839, 21.133741126892687 ], [ -86.761290269832273, 21.133840726072563 ], [ -86.761106078027638, 21.133740607270148 ], [ -86.761106398034897, 21.133540889487666 ], [ -86.761290909352894, 21.133441290502216 ] ] ] } },
{ "type": "Feature", "properties": { "hex_id": 1572, "tipo_actual": "verde_inundable" }, "geometry": { "type": "Polygon", "coordinates": [ [ [ -86.761289950066356, 21.134040443850665 ], [ -86.761474142364875, 21.13414056245426 ], [ -86.761473822840287, 21.134340280227985 ], [ -86.761289310523281, 21.13443987939274 ], [ -86.761105117983433, 21.134339760589341 ], [ -86.761105438001906, 21.134140042820984 ], [ -86.761289950066356, 21.134040443850665 ] ] ] } },
{ "type": "Feature", "properties": { "hex_id": 1573, "tipo_actual": "urbano" }, "geometry": { "type": "Polygon", "coordinates": [ [ [ -86.761288990746138, 21.13463959715671 ], [ -86.761473183779898, 21.134739715761302 ], [ -86.761472864244112, 21.134939433520895 ], [ -86.761288351180625, 21.135039032670534 ], [ -86.761104157905521, 21.134938913866137 ], [ -86.761104477935234, 21.134739196111919 ], [ -86.761288990746138, 21.13463959715671 ] ] ] } },
{ "type": "Feature", "properties": { "hex_id": 1574, "tipo_actual": "verde_inundable" }, "geometry": { "type": "Polygon", "coordinates": [ [ [ -86.761288031392269, 21.13523875042037 ], [ -86.761472225161299, 21.135338869025947 ], [ -86.7614719056143, 21.135538586771403 ], [ -86.761287391804316, 21.135638185905922 ], [ -86.761103197793915, 21.135538067100541 ], [ -86.761103517834869, 21.135338349360453 ], [ -86.761288031392269, 21.13523875042037 ] ] ] } },
{ "type": "Feature", "properties": { "hex_id": 1575, "tipo_actual": "verde_inundable" }, "geometry": { "type": "Polygon", "coordinates": [ [ [ -86.761287072004734, 21.13583790364163 ], [ -86.761471266509062, 21.13593802224819 ], [ -86.761470946950837, 21.136137739979514 ], [ -86.761286432394328, 21.136237339098916 ], [ -86.761102237648629, 21.136137220292539 ], [ -86.761102557700809, 21.135937502566588 ], [ -86.761287072004734, 21.13583790364163 ] ] ] } },
{ "type": "Feature", "properties": { "hex_id": 1576, "tipo_actual": "urbano" }, "geometry": { "type": "Polygon", "coordinates": [ [ [ -86.76128611258352, 21.13643705682049 ], [ -86.761470307823174, 21.136537175428032 ], [ -86.761469988253751, 21.13673689314523 ], [ -86.761285472950689, 21.136836492249508 ], [ -86.761101277469663, 21.136736373442147 ], [ -86.761101597533056, 21.136536655730318 ], [ -86.76128611258352, 21.13643705682049 ] ] ] } },
{ "type": "Feature", "properties": { "hex_id": 1598, "tipo_actual": "verde_inundable" }, "geometry": { "type": "Polygon", "coordinates": [ [ [ -86.761110877743434, 21.130744840038275 ], [ -86.761295065872318, 21.130844958835731 ], [ -86.761294746162491, 21.131044676684485 ], [ -86.761110237829996, 21.131144275730431 ], [ -86.760926049459826, 21.131044156733203 ], [ -86.760926369663451, 21.13084443888982 ], [ -86.761110877743434, 21.130744840038275 ] ] ] } },
{ "type": "Feature", "properties": { "hex_id": 1599, "tipo_actual": "urbano" }, "geometry": { "type": "Polygon", "coordinates": [ [ [ -86.761109917867657, 21.131343993569434 ], [ -86.761294106731626, 21.131444112367877 ], [ -86.761293787010587, 21.13164383020251 ], [ -86.761109277931752, 21.131743429233325 ], [ -86.760925088826468, 21.131643310235109 ], [ -86.760925409041334, 21.131443592405848 ], [ -86.761109917867657, 21.131343993569434 ] ] ] } },
{ "type": "Feature", "properties": { "hex_id": 1600, "tipo_actual": "verde_inundable" }, "geometry": { "type": "Polygon", "coordinates": [ [ [ -86.761108957958172, 21.131943147058202 ], [ -86.761293147557282, 21.132043265857636 ], [ -86.761292827825017, 21.13224298367814 ], [ -86.761108317999813, 21.13234258269383 ], [ -86.760924128159402, 21.132242463694617 ], [ -86.760924448385509, 21.132042745879488 ], [ -86.761108957958172, 21.131943147058202 ] ] ] } },
{ "type": "Feature", "properties": { "hex_id": 1601, "tipo_actual": "urbano" }, "geometry": { "type": "Polygon", "coordinates": [ [ [ -86.761107998015021, 21.132542300504578 ], [ -86.761292188349273, 21.132642419305004 ], [ -86.761291868605795, 21.132842137111371 ], [ -86.761107358034195, 21.132941736111938 ], [ -86.760923167458628, 21.132841617111726 ], [ -86.760923487695976, 21.132641899310737 ], [ -86.761107998015021, 21.132542300504578 ] ] ] } },
{ "type": "Feature", "properties": { "hex_id": 1602, "tipo_actual": "verde_inundable" }, "geometry": { "type": "Polygon", "coordinates": [ [ [ -86.761107038038176, 21.133141453908561 ], [ -86.761291229107613, 21.133241572709977 ], [ -86.761290909352894, 21.133441290502216 ], [ -86.761106398034897, 21.133540889487666 ], [ -86.760922206724146, 21.133440770486452 ], [ -86.76092252697272, 21.133241052699592 ], [ -86.761107038038176, 21.133141453908561 ] ] ] } },
{ "type": "Feature", "properties": { "hex_id": 1603, "tipo_actual": "urbano" }, "geometry": { "type": "Polygon", "coordinates": [ [ [ -86.761106078027638, 21.133740607270148 ], [ -86.761290269832273, 21.133840726072563 ], [ -86.761289950066356, 21.134040443850665 ], [ -86.761105438001906, 21.134140042820984 ], [ -86.760921245955942, 21.134039923818776 ], [ -86.760921566215757, 21.133840206046052 ], [ -86.761106078027638, 21.133740607270148 ] ] ] } },
{ "type": "Feature", "properties": { "hex_id": 1604, "tipo_actual": "urbano" }, "geometry": { "type": "Polygon", "coordinates": [ [ [ -86.761105117983433, 21.134339760589341 ], [ -86.761289310523281, 21.13443987939274 ], [ -86.761288990746138, 21.13463959715671 ], [ -86.761104477935234, 21.134739196111919 ], [ -86.760920285154043, 21.134639077108705 ], [ -86.760920605425085, 21.134439359350111 ], [ -86.761105117983433, 21.134339760589341 ] ] ] } },
{ "type": "Feature", "properties": { "hex_id": 1605, "tipo_actual": "urbano" }, "geometry": { "type": "Polygon", "coordinates": [ [ [ -86.761104157905521, 21.134938913866137 ], [ -86.761288351180625, 21.135039032670534 ], [ -86.761288031392269, 21.13523875042037 ], [ -86.761103517834869, 21.135338349360453 ], [ -86.760919324318408, 21.13523823035624 ], [ -86.760919644600691, 21.135038512611775 ], [ -86.761104157905521, 21.134938913866137 ] ] ] } },
{ "type": "Feature", "properties": { "hex_id": 1606, "tipo_actual": "verde_inundable" }, "geometry": { "type": "Polygon", "coordinates": [ [ [ -86.761103197793915, 21.135538067100541 ], [ -86.761287391804316, 21.135638185905922 ], [ -86.761287072004734, 21.13583790364163 ], [ -86.761102557700809, 21.135937502566588 ], [ -86.760918363449065, 21.13583738356138 ], [ -86.760918683742588, 21.135637665831048 ], [ -86.761103197793915, 21.135538067100541 ] ] ] } },
{ "type": "Feature", "properties": { "hex_id": 1607, "tipo_actual": "urbano" }, "geometry": { "type": "Polygon", "coordinates": [ [ [ -86.761102237648629, 21.136137220292539 ], [ -86.761286432394328, 21.136237339098916 ], [ -86.76128611258352, 21.13643705682049 ], [ -86.761101597533056, 21.136536655730318 ], [ -86.760917402545999, 21.136436536724116 ], [ -86.760917722850763, 21.136236819007916 ], [ -86.761102237648629, 21.136137220292539 ] ] ] } },
{ "type": "Feature", "properties": { "hex_id": 1629, "tipo_actual": "urbano" }, "geometry": { "type": "Polygon", "coordinates": [ [ [ -86.760926049459826, 21.131044156733203 ], [ -86.761110237829996, 21.131144275730431 ], [ -86.761109917867657, 21.131343993569434 ], [ -86.760925409041334, 21.131443592405848 ], [ -86.760741220429878, 21.131343473208862 ], [ -86.760741540886031, 21.131143755375227 ], [ -86.760926049459826, 21.131044156733203 ] ] ] } },
{ "type": "Feature", "properties": { "hex_id": 1630, "tipo_actual": "urbano" }, "geometry": { "type": "Polygon", "coordinates": [ [ [ -86.760925088826468, 21.131643310235109 ], [ -86.761109277931752, 21.131743429233325 ], [ -86.761108957958172, 21.131943147058202 ], [ -86.760924448385509, 21.132042745879488 ], [ -86.76074025903894, 21.131942626681489 ], [ -86.760740579506333, 21.131742908861995 ], [ -86.760925088826468, 21.131643310235109 ] ] ] } },
{ "type": "Feature", "properties": { "hex_id": 1631, "tipo_actual": "urbano" }, "geometry": { "type": "Polygon", "coordinates": [ [ [ -86.760924128159402, 21.132242463694617 ], [ -86.761108317999813, 21.13234258269383 ], [ -86.761107998015021, 21.132542300504578 ], [ -86.760923487695976, 21.132641899310737 ], [ -86.760739297614265, 21.132541780111737 ], [ -86.760739618092899, 21.13234206230636 ], [ -86.760924128159402, 21.132242463694617 ] ] ] } },
{ "type": "Feature", "properties": { "hex_id": 1632, "tipo_actual": "urbano" }, "geometry": { "type": "Polygon", "coordinates": [ [ [ -86.760923167458628, 21.132841617111726 ], [ -86.761107358034195, 21.132941736111938 ], [ -86.761107038038176, 21.133141453908561 ], [ -86.76092252697272, 21.133241052699592 ], [ -86.760738336155839, 21.133140933499583 ], [ -86.760738656645728, 21.132941215708342 ], [ -86.760923167458628, 21.132841617111726 ] ] ] } },
{ "type": "Feature", "properties": { "hex_id": 1633, "tipo_actual": "verde_inundable" }, "geometry": { "type": "Polygon", "coordinates": [ [ [ -86.760922206724146, 21.133440770486452 ], [ -86.761106398034897, 21.133540889487666 ], [ -86.761106078027638, 21.133740607270148 ], [ -86.760921566215757, 21.133840206046052 ], [ -86.760737374663691, 21.133740086845041 ], [ -86.760737695164835, 21.13354036906793 ], [ -86.760922206724146, 21.133440770486452 ] ] ] } },
{ "type": "Feature", "properties": { "hex_id": 1634, "tipo_actual": "urbano" }, "geometry": { "type": "Polygon", "coordinates": [ [ [ -86.760921245955942, 21.134039923818776 ], [ -86.761105438001906, 21.134140042820984 ], [ -86.761105117983433, 21.134339760589341 ], [ -86.760920605425085, 21.134439359350111 ], [ -86.760736413137806, 21.134339240148098 ], [ -86.760736733650177, 21.134139522385116 ], [ -86.760921245955942, 21.134039923818776 ] ] ] } },
{ "type": "Feature", "properties": { "hex_id": 1635, "tipo_actual": "urbano" }, "geometry": { "type": "Polygon", "coordinates": [ [ [ -86.760920285154043, 21.134639077108705 ], [ -86.761104477935234, 21.134739196111919 ], [ -86.761104157905521, 21.134938913866137 ], [ -86.760919644600691, 21.135038512611775 ], [ -86.760735451578157, 21.13493839340876 ], [ -86.760735772101782, 21.134738675659918 ], [ -86.760920285154043, 21.134639077108705 ] ] ] } },
{ "type": "Feature", "properties": { "hex_id": 1636, "tipo_actual": "verde_general" }, "geometry": { "type": "Polygon", "coordinates": [ [ [ -86.760919324318408, 21.13523823035624 ], [ -86.761103517834869, 21.135338349360453 ], [ -86.761103197793915, 21.135538067100541 ], [ -86.760918683742588, 21.135637665831048 ], [ -86.760734489984785, 21.135537546627027 ], [ -86.760734810519651, 21.135337828892318 ], [ -86.760919324318408, 21.13523823035624 ] ] ] } },
{ "type": "Feature", "properties": { "hex_id": 1637, "tipo_actual": "urbano" }, "geometry": { "type": "Polygon", "coordinates": [ [ [ -86.760918363449065, 21.13583738356138 ], [ -86.761102557700809, 21.135937502566588 ], [ -86.761102237648629, 21.136137220292539 ], [ -86.760917722850763, 21.136236819007916 ], [ -86.760733528357676, 21.136136699802897 ], [ -86.760733848903797, 21.135936982082313 ], [ -86.760918363449065, 21.13583738356138 ] ] ] } },
{ "type": "Feature", "properties": { "hex_id": 1638, "tipo_actual": "urbano" }, "geometry": { "type": "Polygon", "coordinates": [ [ [ -86.760917402545999, 21.136436536724116 ], [ -86.761101597533056, 21.136536655730318 ], [ -86.761101277469663, 21.136736373442147 ], [ -86.760916761925245, 21.136835972142396 ], [ -86.760732566696817, 21.136735852936365 ], [ -86.760732887254179, 21.136536135229914 ], [ -86.760917402545999, 21.136436536724116 ] ] ] } },
{ "type": "Feature", "properties": { "hex_id": 1660, "tipo_actual": "urbano" }, "geometry": { "type": "Polygon", "coordinates": [ [ [ -86.76074218178708, 21.130744319693832 ], [ -86.760926369663451, 21.13084443888982 ], [ -86.760926049459826, 21.131044156733203 ], [ -86.760741540886031, 21.131143755375227 ], [ -86.760557352768387, 21.131043635979466 ], [ -86.760557673465811, 21.130843918141466 ], [ -86.76074218178708, 21.130744319693832 ] ] ] } },
{ "type": "Feature", "properties": { "hex_id": 1661, "tipo_actual": "urbano" }, "geometry": { "type": "Polygon", "coordinates": [ [ [ -86.760741220429878, 21.131343473208862 ], [ -86.760925409041334, 21.131443592405848 ], [ -86.760925088826468, 21.131643310235109 ], [ -86.760740579506333, 21.131742908861995 ], [ -86.760556390653591, 21.131642789465218 ], [ -86.76055671136227, 21.131443071641343 ], [ -86.760741220429878, 21.131343473208862 ] ] ] } },
{ "type": "Feature", "properties": { "hex_id": 1662, "tipo_actual": "urbano" }, "geometry": { "type": "Polygon", "coordinates": [ [ [ -86.76074025903894, 21.131942626681489 ], [ -86.760924448385509, 21.132042745879488 ], [ -86.760924128159402, 21.132242463694617 ], [ -86.760739618092899, 21.13234206230636 ], [ -86.760555428505043, 21.132241942908582 ], [ -86.760555749224977, 21.132042225098836 ], [ -86.76074025903894, 21.131942626681489 ] ] ] } },
{ "type": "Feature", "properties": { "hex_id": 1663, "tipo_actual": "urbano" }, "geometry": { "type": "Polygon", "coordinates": [ [ [ -86.760739297614265, 21.132541780111737 ], [ -86.760923487695976, 21.132641899310737 ], [ -86.760923167458628, 21.132841617111726 ], [ -86.760738656645728, 21.132941215708342 ], [ -86.760554466322731, 21.132841096309541 ], [ -86.760554787053906, 21.132641378513934 ], [ -86.760739297614265, 21.132541780111737 ] ] ] } },
{ "type": "Feature", "properties": { "hex_id": 1664, "tipo_actual": "verde_inundable" }, "geometry": { "type": "Polygon", "coordinates": [ [ [ -86.760738336155839, 21.133140933499583 ], [ -86.76092252697272, 21.133241052699592 ], [ -86.760922206724146, 21.133440770486452 ], [ -86.760737695164835, 21.13354036906793 ], [ -86.760553504106625, 21.133440249668119 ], [ -86.760553824849083, 21.133240531886649 ], [ -86.760738336155839, 21.133140933499583 ] ] ] } },
{ "type": "Feature", "properties": { "hex_id": 1665, "tipo_actual": "verde_inundable" }, "geometry": { "type": "Polygon", "coordinates": [ [ [ -86.760737374663691, 21.133740086845041 ], [ -86.760921566215757, 21.133840206046052 ], [ -86.760921245955942, 21.134039923818776 ], [ -86.760736733650177, 21.134139522385116 ], [ -86.760552541856782, 21.134039402984303 ], [ -86.760552862610496, 21.133839685216955 ], [ -86.760737374663691, 21.133740086845041 ] ] ] } },
{ "type": "Feature", "properties": { "hex_id": 1666, "tipo_actual": "urbano" }, "geometry": { "type": "Polygon", "coordinates": [ [ [ -86.760736413137806, 21.134339240148098 ], [ -86.760920605425085, 21.134439359350111 ], [ -86.760920285154043, 21.134639077108705 ], [ -86.760735772101782, 21.134738675659918 ], [ -86.760551579573175, 21.134638556258089 ], [ -86.760551900338129, 21.134438838504874 ], [ -86.760736413137806, 21.134339240148098 ] ] ] } },
{ "type": "Feature", "properties": { "hex_id": 1667, "tipo_actual": "urbano" }, "geometry": { "type": "Polygon", "coordinates": [ [ [ -86.760735451578157, 21.13493839340876 ], [ -86.760919644600691, 21.135038512611775 ], [ -86.760919324318408, 21.13523823035624 ], [ -86.760734810519651, 21.135337828892318 ], [ -86.760550617255788, 21.135237709489481 ], [ -86.760550938031997, 21.135037991750398 ], [ -86.760735451578157, 21.13493839340876 ] ] ] } },
{ "type": "Feature", "properties": { "hex_id": 1668, "tipo_actual": "urbano" }, "geometry": { "type": "Polygon", "coordinates": [ [ [ -86.760734489984785, 21.135537546627027 ], [ -86.760918683742588, 21.135637665831048 ], [ -86.760918363449065, 21.13583738356138 ], [ -86.760733848903797, 21.135936982082313 ], [ -86.760549654904636, 21.135836862678467 ], [ -86.760549975692115, 21.135637144953513 ], [ -86.760734489984785, 21.135537546627027 ] ] ] } },
{ "type": "Feature", "properties": { "hex_id": 1669, "tipo_actual": "urbano" }, "geometry": { "type": "Polygon", "coordinates": [ [ [ -86.760733528357676, 21.136136699802897 ], [ -86.760917722850763, 21.136236819007916 ], [ -86.760917402545999, 21.136436536724116 ], [ -86.760732887254179, 21.136536135229914 ], [ -86.76054869251972, 21.136436015825062 ], [ -86.760549013318453, 21.136236298114241 ], [ -86.760733528357676, 21.136136699802897 ] ] ] } },
{ "type": "Feature", "properties": { "hex_id": 1691, "tipo_actual": "urbano" }, "geometry": { "type": "Polygon", "coordinates": [ [ [ -86.760557352768387, 21.131043635979466 ], [ -86.760741540886031, 21.131143755375227 ], [ -86.760741220429878, 21.131343473208862 ], [ -86.76055671136227, 21.131443071641343 ], [ -86.760372523003355, 21.131342952045806 ], [ -86.760372843953306, 21.131143234217561 ], [ -86.760557352768387, 21.131043635979466 ] ] ] } },
{ "type": "Feature", "properties": { "hex_id": 1692, "tipo_actual": "urbano" }, "geometry": { "type": "Polygon", "coordinates": [ [ [ -86.760556390653591, 21.131642789465218 ], [ -86.760740579506333, 21.131742908861995 ], [ -86.76074025903894, 21.131942626681489 ], [ -86.760555749224977, 21.132042225098836 ], [ -86.760371560130949, 21.131942105502276 ], [ -86.760371881092169, 21.131742387688167 ], [ -86.760556390653591, 21.131642789465218 ] ] ] } },
{ "type": "Feature", "properties": { "hex_id": 1693, "tipo_actual": "urbano" }, "geometry": { "type": "Polygon", "coordinates": [ [ [ -86.760555428505043, 21.132241942908582 ], [ -86.760739618092899, 21.13234206230636 ], [ -86.760739297614265, 21.132541780111737 ], [ -86.760554787053906, 21.132641378513934 ], [ -86.76037059722475, 21.132541258916365 ], [ -86.760370918197225, 21.132341541116379 ], [ -86.760555428505043, 21.132241942908582 ] ] ] } },
{ "type": "Feature", "properties": { "hex_id": 1694, "tipo_actual": "urbano" }, "geometry": { "type": "Polygon", "coordinates": [ [ [ -86.760554466322731, 21.132841096309541 ], [ -86.760738656645728, 21.132941215708342 ], [ -86.760738336155839, 21.133140933499583 ], [ -86.760553824849083, 21.133240531886649 ], [ -86.760369634284757, 21.133140412288054 ], [ -86.760369955268516, 21.132940694502196 ], [ -86.760554466322731, 21.132841096309541 ] ] ] } },
{ "type": "Feature", "properties": { "hex_id": 1695, "tipo_actual": "verde_inundable" }, "geometry": { "type": "Polygon", "coordinates": [ [ [ -86.760553504106625, 21.133440249668119 ], [ -86.760737695164835, 21.13354036906793 ], [ -86.760737374663691, 21.133740086845041 ], [ -86.760552862610496, 21.133839685216955 ], [ -86.760368671310971, 21.133739565617351 ], [ -86.760368992305985, 21.133539847845629 ], [ -86.760553504106625, 21.133440249668119 ] ] ] } },
{ "type": "Feature", "properties": { "hex_id": 1696, "tipo_actual": "verde_inundable" }, "geometry": { "type": "Polygon", "coordinates": [ [ [ -86.760552541856782, 21.134039402984303 ], [ -86.760736733650177, 21.134139522385116 ], [ -86.760736413137806, 21.134339240148098 ], [ -86.760551900338129, 21.134438838504874 ], [ -86.760367708303406, 21.13433871890425 ], [ -86.760368029309689, 21.134139001146657 ], [ -86.760552541856782, 21.134039402984303 ] ] ] } },
{ "type": "Feature", "properties": { "hex_id": 1697, "tipo_actual": "urbano" }, "geometry": { "type": "Polygon", "coordinates": [ [ [ -86.760551579573175, 21.134638556258089 ], [ -86.760735772101782, 21.134738675659918 ], [ -86.760735451578157, 21.13493839340876 ], [ -86.760550938031997, 21.135037991750398 ], [ -86.760366745262047, 21.134937872148754 ], [ -86.760367066279585, 21.134738154405298 ], [ -86.760551579573175, 21.134638556258089 ] ] ] } },
{ "type": "Feature", "properties": { "hex_id": 1698, "tipo_actual": "verde_inundable" }, "geometry": { "type": "Polygon", "coordinates": [ [ [ -86.760550617255788, 21.135237709489481 ], [ -86.760734810519651, 21.135337828892318 ], [ -86.760734489984785, 21.135537546627027 ], [ -86.760549975692115, 21.135637144953513 ], [ -86.760365782186895, 21.135537025350864 ], [ -86.760366103215702, 21.135337307621541 ], [ -86.760550617255788, 21.135237709489481 ] ] ] } },
{ "type": "Feature", "properties": { "hex_id": 1699, "tipo_actual": "urbano" }, "geometry": { "type": "Polygon", "coordinates": [ [ [ -86.760549654904636, 21.135836862678467 ], [ -86.760733848903797, 21.135936982082313 ], [ -86.760733528357676, 21.136136699802897 ], [ -86.760549013318453, 21.136236298114241 ], [ -86.760364819077935, 21.136136178510569 ], [ -86.760365140118012, 21.135936460795381 ], [ -86.760549654904636, 21.135836862678467 ] ] ] } },
{ "type": "Feature", "properties": { "hex_id": 1700, "tipo_actual": "urbano" }, "geometry": { "type": "Polygon", "coordinates": [ [ [ -86.76054869251972, 21.136436015825062 ], [ -86.760732887254179, 21.136536135229914 ], [ -86.760732566696817, 21.136735852936365 ], [ -86.760548050911012, 21.136835451232571 ], [ -86.760363855935211, 21.136735331627879 ], [ -86.760364176986542, 21.136535613926821 ], [ -86.76054869251972, 21.136436015825062 ] ] ] } },
{ "type": "Feature", "properties": { "hex_id": 1722, "tipo_actual": "urbano" }, "geometry": { "type": "Polygon", "coordinates": [ [ [ -86.760373485841981, 21.130743798546934 ], [ -86.760557673465811, 21.130843918141466 ], [ -86.760557352768387, 21.131043635979466 ], [ -86.760372843953306, 21.131143234217561 ], [ -86.760188656088204, 21.131043114423257 ], [ -86.760188977279441, 21.130843396590642 ], [ -86.760373485841981, 21.130743798546934 ] ] ] } },
{ "type": "Feature", "properties": { "hex_id": 1723, "tipo_actual": "urbano" }, "geometry": { "type": "Polygon", "coordinates": [ [ [ -86.760372523003355, 21.131342952045806 ], [ -86.76055671136227, 21.131443071641343 ], [ -86.760556390653591, 21.131642789465218 ], [ -86.760371881092169, 21.131742387688167 ], [ -86.760187692491968, 21.13164226789284 ], [ -86.76018801369446, 21.131442550074354 ], [ -86.760372523003355, 21.131342952045806 ] ] ] } },
{ "type": "Feature", "properties": { "hex_id": 1724, "tipo_actual": "urbano" }, "geometry": { "type": "Polygon", "coordinates": [ [ [ -86.760371560130949, 21.131942105502276 ], [ -86.760555749224977, 21.132042225098836 ], [ -86.760555428505043, 21.132241942908582 ], [ -86.760370918197225, 21.132341541116379 ], [ -86.760186728861925, 21.132241421320032 ], [ -86.7601870500757, 21.132041703515675 ], [ -86.760371560130949, 21.131942105502276 ] ] ] } },
{ "type": "Feature", "properties": { "hex_id": 1725, "tipo_actual": "urbano" }, "geometry": { "type": "Polygon", "coordinates": [ [ [ -86.76037059722475, 21.132541258916365 ], [ -86.760554787053906, 21.132641378513934 ], [ -86.760554466322731, 21.132841096309541 ], [ -86.760369955268516, 21.132940694502196 ], [ -86.760185765198045, 21.132840574704826 ], [ -86.76018608642309, 21.132640856914609 ], [ -86.76037059722475, 21.132541258916365 ] ] ] } },
{ "type": "Feature", "properties": { "hex_id": 1726, "tipo_actual": "verde_inundable" }, "geometry": { "type": "Polygon", "coordinates": [ [ [ -86.760369634284757, 21.133140412288054 ], [ -86.760553824849083, 21.133240531886649 ], [ -86.760553504106625, 21.133440249668119 ], [ -86.760368992305985, 21.133539847845629 ], [ -86.760184801500372, 21.133439728047229 ], [ -86.760185122736686, 21.133240010271145 ], [ -86.760369634284757, 21.133140412288054 ] ] ] } },
{ "type": "Feature", "properties": { "hex_id": 1727, "tipo_actual": "verde_inundable" }, "geometry": { "type": "Polygon", "coordinates": [ [ [ -86.760368671310971, 21.133739565617351 ], [ -86.760552862610496, 21.133839685216955 ], [ -86.760552541856782, 21.134039402984303 ], [ -86.760368029309689, 21.134139001146657 ], [ -86.760183837768878, 21.134038881347241 ], [ -86.760184159016461, 21.133839163585282 ], [ -86.760368671310971, 21.133739565617351 ] ] ] } },
{ "type": "Feature", "properties": { "hex_id": 1728, "tipo_actual": "urbano" }, "geometry": { "type": "Polygon", "coordinates": [ [ [ -86.760367708303406, 21.13433871890425 ], [ -86.760551900338129, 21.134438838504874 ], [ -86.760551579573175, 21.134638556258089 ], [ -86.760367066279585, 21.134738154405298 ], [ -86.760182874003561, 21.134638034604855 ], [ -86.760183195262414, 21.134438316857032 ], [ -86.760367708303406, 21.13433871890425 ] ] ] } },
{ "type": "Feature", "properties": { "hex_id": 1729, "tipo_actual": "verde_inundable" }, "geometry": { "type": "Polygon", "coordinates": [ [ [ -86.760366745262047, 21.134937872148754 ], [ -86.760550938031997, 21.135037991750398 ], [ -86.760550617255788, 21.135237709489481 ], [ -86.760366103215702, 21.135337307621541 ], [ -86.760181910204423, 21.135237187820074 ], [ -86.760182231474559, 21.135037470086381 ], [ -86.760366745262047, 21.134937872148754 ] ] ] } },
{ "type": "Feature", "properties": { "hex_id": 1730, "tipo_actual": "urbano" }, "geometry": { "type": "Polygon", "coordinates": [ [ [ -86.760365782186895, 21.135537025350864 ], [ -86.760549975692115, 21.135637144953513 ], [ -86.760549654904636, 21.135836862678467 ], [ -86.760365140118012, 21.135936460795381 ], [ -86.760180946371477, 21.135836340992892 ], [ -86.760181267652882, 21.135636623273335 ], [ -86.760365782186895, 21.135537025350864 ] ] ] } },
{ "type": "Feature", "properties": { "hex_id": 1731, "tipo_actual": "urbano" }, "geometry": { "type": "Polygon", "coordinates": [ [ [ -86.760364819077935, 21.136136178510569 ], [ -86.760549013318453, 21.136236298114241 ], [ -86.76054869251972, 21.136436015825062 ], [ -86.760364176986542, 21.136535613926821 ], [ -86.760179982504695, 21.136435494123312 ], [ -86.760180303797384, 21.136235776417884 ], [ -86.760364819077935, 21.136136178510569 ] ] ] } },
{ "type": "Feature", "properties": { "hex_id": 1753, "tipo_actual": "urbano" }, "geometry": { "type": "Polygon", "coordinates": [ [ [ -86.760188656088204, 21.131043114423257 ], [ -86.760372843953306, 21.131143234217561 ], [ -86.760372523003355, 21.131342952045806 ], [ -86.76018801369446, 21.131442550074354 ], [ -86.760003825588086, 21.131342430080274 ], [ -86.760004147031864, 21.131142712257425 ], [ -86.760188656088204, 21.131043114423257 ] ] ] } },
{ "type": "Feature", "properties": { "hex_id": 1754, "tipo_actual": "urbano" }, "geometry": { "type": "Polygon", "coordinates": [ [ [ -86.760187692491968, 21.13164226789284 ], [ -86.760371881092169, 21.131742387688167 ], [ -86.760371560130949, 21.131942105502276 ], [ -86.7601870500757, 21.132041703515675 ], [ -86.760002861234213, 21.131941583520561 ], [ -86.76000318268926, 21.131741865711849 ], [ -86.760187692491968, 21.13164226789284 ] ] ] } },
{ "type": "Feature", "properties": { "hex_id": 1755, "tipo_actual": "urbano" }, "geometry": { "type": "Polygon", "coordinates": [ [ [ -86.760186728861925, 21.132241421320032 ], [ -86.760370918197225, 21.132341541116379 ], [ -86.76037059722475, 21.132541258916365 ], [ -86.76018608642309, 21.132640856914609 ], [ -86.760001896846504, 21.132540736918465 ], [ -86.760002218312835, 21.132341019123874 ], [ -86.760186728861925, 21.132241421320032 ] ] ] } },
{ "type": "Feature", "properties": { "hex_id": 1756, "tipo_actual": "urbano" }, "geometry": { "type": "Polygon", "coordinates": [ [ [ -86.760185765198045, 21.132840574704826 ], [ -86.760369955268516, 21.132940694502196 ], [ -86.760369634284757, 21.133140412288054 ], [ -86.760185122736686, 21.133240010271145 ], [ -86.760000932424944, 21.133139890273974 ], [ -86.760001253902544, 21.132940172493516 ], [ -86.760185765198045, 21.132840574704826 ] ] ] } },
{ "type": "Feature", "properties": { "hex_id": 1757, "tipo_actual": "verde_general" }, "geometry": { "type": "Polygon", "coordinates": [ [ [ -86.760184801500372, 21.133439728047229 ], [ -86.760368992305985, 21.133539847845629 ], [ -86.760368671310971, 21.133739565617351 ], [ -86.760184159016461, 21.133839163585282 ], [ -86.759999967969534, 21.133739043587088 ], [ -86.760000289458432, 21.13353932582076 ], [ -86.760184801500372, 21.133439728047229 ] ] ] } },
{ "type": "Feature", "properties": { "hex_id": 1758, "tipo_actual": "verde_inundable" }, "geometry": { "type": "Polygon", "coordinates": [ [ [ -86.760183837768878, 21.134038881347241 ], [ -86.760368029309689, 21.134139001146657 ], [ -86.760367708303406, 21.13433871890425 ], [ -86.760183195262414, 21.134438316857032 ], [ -86.759999003480303, 21.134338196857801 ], [ -86.75999932498047, 21.134138479105605 ], [ -86.760183837768878, 21.134038881347241 ] ] ] } },
{ "type": "Feature", "properties": { "hex_id": 1759, "tipo_actual": "urbano" }, "geometry": { "type": "Polygon", "coordinates": [ [ [ -86.760182874003561, 21.134638034604855 ], [ -86.760367066279585, 21.134738154405298 ], [ -86.760366745262047, 21.134937872148754 ], [ -86.760182231474559, 21.135037470086381 ], [ -86.759998038957207, 21.134937350086123 ], [ -86.759998360468657, 21.13473763234806 ], [ -86.760182874003561, 21.134638034604855 ] ] ] } },
{ "type": "Feature", "properties": { "hex_id": 1760, "tipo_actual": "verde_inundable" }, "geometry": { "type": "Polygon", "coordinates": [ [ [ -86.760181910204423, 21.135237187820074 ], [ -86.760366103215702, 21.135337307621541 ], [ -86.760365782186895, 21.135537025350864 ], [ -86.760181267652882, 21.135636623273335 ], [ -86.759997074400275, 21.135536503272046 ], [ -86.759997395923008, 21.13533678554812 ], [ -86.760181910204423, 21.135237187820074 ] ] ] } },
{ "type": "Feature", "properties": { "hex_id": 1761, "tipo_actual": "urbano" }, "geometry": { "type": "Polygon", "coordinates": [ [ [ -86.760180946371477, 21.135836340992892 ], [ -86.760365140118012, 21.135936460795381 ], [ -86.760364819077935, 21.136136178510569 ], [ -86.760180303797384, 21.136235776417884 ], [ -86.759996109809478, 21.136135656415572 ], [ -86.759996431343509, 21.135935938705774 ], [ -86.760180946371477, 21.135836340992892 ] ] ] } },
{ "type": "Feature", "properties": { "hex_id": 1762, "tipo_actual": "urbano" }, "geometry": { "type": "Polygon", "coordinates": [ [ [ -86.760179982504695, 21.136435494123312 ], [ -86.760364176986542, 21.136535613926821 ], [ -86.760363855935211, 21.136735331627879 ], [ -86.760179339908063, 21.136834929520042 ], [ -86.759995145184874, 21.136734809516703 ], [ -86.759995466730174, 21.136535091821031 ], [ -86.760179982504695, 21.136435494123312 ] ] ] } },
{ "type": "Feature", "properties": { "hex_id": 1784, "tipo_actual": "urbano" }, "geometry": { "type": "Polygon", "coordinates": [ [ [ -86.760004789908123, 21.130743276597592 ], [ -86.760188977279441, 21.130843396590642 ], [ -86.760188656088204, 21.131043114423257 ], [ -86.760004147031864, 21.131142712257425 ], [ -86.759819959419289, 21.131042592064585 ], [ -86.759820281104325, 21.130842874237366 ], [ -86.760004789908123, 21.130743276597592 ] ] ] } },
{ "type": "Feature", "properties": { "hex_id": 1785, "tipo_actual": "urbano" }, "geometry": { "type": "Polygon", "coordinates": [ [ [ -86.760003825588086, 21.131342430080274 ], [ -86.76018801369446, 21.131442550074354 ], [ -86.760187692491968, 21.13164226789284 ], [ -86.76000318268926, 21.131741865711849 ], [ -86.759818994341629, 21.131641745517978 ], [ -86.759819316037934, 21.131442027704885 ], [ -86.760003825588086, 21.131342430080274 ] ] ] } },
{ "type": "Feature", "properties": { "hex_id": 1786, "tipo_actual": "urbano" }, "geometry": { "type": "Polygon", "coordinates": [ [ [ -86.760002861234213, 21.131941583520561 ], [ -86.7601870500757, 21.132041703515675 ], [ -86.760186728861925, 21.132241421320032 ], [ -86.760002218312835, 21.132341019123874 ], [ -86.759818029230075, 21.13224089892897 ], [ -86.759818350937692, 21.13204118113001 ], [ -86.760002861234213, 21.131941583520561 ] ] ] } },
{ "type": "Feature", "properties": { "hex_id": 1787, "tipo_actual": "urbano" }, "geometry": { "type": "Polygon", "coordinates": [ [ [ -86.760001896846504, 21.132540736918465 ], [ -86.76018608642309, 21.132640856914609 ], [ -86.760185765198045, 21.132840574704826 ], [ -86.760001253902544, 21.132940172493516 ], [ -86.759817064084672, 21.132840052297571 ], [ -86.759817385803558, 21.132640334512747 ], [ -86.760001896846504, 21.132540736918465 ] ] ] } },
{ "type": "Feature", "properties": { "hex_id": 1788, "tipo_actual": "verde_general" }, "geometry": { "type": "Polygon", "coordinates": [ [ [ -86.760000932424944, 21.133139890273974 ], [ -86.760185122736686, 21.133240010271145 ], [ -86.760184801500372, 21.133439728047229 ], [ -86.760000289458432, 21.13353932582076 ], [ -86.759816098905389, 21.133439205623784 ], [ -86.759816420635573, 21.133239487853093 ], [ -86.760000932424944, 21.133139890273974 ] ] ] } },
{ "type": "Feature", "properties": { "hex_id": 1789, "tipo_actual": "verde_inundable" }, "geometry": { "type": "Polygon", "coordinates": [ [ [ -86.759999967969534, 21.133739043587088 ], [ -86.760184159016461, 21.133839163585282 ], [ -86.760183837768878, 21.134038881347241 ], [ -86.75999932498047, 21.134138479105605 ], [ -86.759815133692243, 21.134038358907596 ], [ -86.759815455433724, 21.133838641151033 ], [ -86.759999967969534, 21.133739043587088 ] ] ] } },
{ "type": "Feature", "properties": { "hex_id": 1790, "tipo_actual": "verde_inundable" }, "geometry": { "type": "Polygon", "coordinates": [ [ [ -86.759999003480303, 21.134338196857801 ], [ -86.760183195262414, 21.134438316857032 ], [ -86.760182874003561, 21.134638034604855 ], [ -86.759998360468657, 21.13473763234806 ], [ -86.759814168445217, 21.134637512149009 ], [ -86.759814490197996, 21.134437794406587 ], [ -86.759999003480303, 21.134338196857801 ] ] ] } },
{ "type": "Feature", "properties": { "hex_id": 1791, "tipo_actual": "verde_inundable" }, "geometry": { "type": "Polygon", "coordinates": [ [ [ -86.759998038957207, 21.134937350086123 ], [ -86.760182231474559, 21.135037470086381 ], [ -86.760181910204423, 21.135237187820074 ], [ -86.759997395923008, 21.13533678554812 ], [ -86.759813203164342, 21.135236665348035 ], [ -86.75981352492839, 21.135036947619735 ], [ -86.759998038957207, 21.134937350086123 ] ] ] } },
{ "type": "Feature", "properties": { "hex_id": 1792, "tipo_actual": "urbano" }, "geometry": { "type": "Polygon", "coordinates": [ [ [ -86.759997074400275, 21.135536503272046 ], [ -86.760181267652882, 21.135636623273335 ], [ -86.760180946371477, 21.135836340992892 ], [ -86.759996431343509, 21.135935938705774 ], [ -86.759812237849573, 21.135835818504656 ], [ -86.759812559624919, 21.135636100790492 ], [ -86.759997074400275, 21.135536503272046 ] ] ] } },
{ "type": "Feature", "properties": { "hex_id": 1793, "tipo_actual": "urbano" }, "geometry": { "type": "Polygon", "coordinates": [ [ [ -86.759996109809478, 21.136135656415572 ], [ -86.760180303797384, 21.136235776417884 ], [ -86.760179982504695, 21.136435494123312 ], [ -86.759995466730174, 21.136535091821031 ], [ -86.75981127250094, 21.136434971618879 ], [ -86.759811594287584, 21.136235253918855 ], [ -86.759996109809478, 21.136135656415572 ] ] ] } },
{ "type": "Feature", "properties": { "hex_id": 1815, "tipo_actual": "urbano" }, "geometry": { "type": "Polygon", "coordinates": [ [ [ -86.759819959419289, 21.131042592064585 ], [ -86.760004147031864, 21.131142712257425 ], [ -86.760003825588086, 21.131342430080274 ], [ -86.759819316037934, 21.131442027704885 ], [ -86.759635128184101, 21.131341907312265 ], [ -86.759635450121692, 21.13114218949482 ], [ -86.759819959419289, 21.131042592064585 ] ] ] } },
{ "type": "Feature", "properties": { "hex_id": 1816, "tipo_actual": "urbano" }, "geometry": { "type": "Polygon", "coordinates": [ [ [ -86.759818994341629, 21.131641745517978 ], [ -86.76000318268926, 21.131741865711849 ], [ -86.760002861234213, 21.131941583520561 ], [ -86.759818350937692, 21.13204118113001 ], [ -86.759634162348775, 21.131941060736349 ], [ -86.759634484297649, 21.131741342933037 ], [ -86.759818994341629, 21.131641745517978 ] ] ] } },
{ "type": "Feature", "properties": { "hex_id": 1817, "tipo_actual": "urbano" }, "geometry": { "type": "Polygon", "coordinates": [ [ [ -86.759818029230075, 21.13224089892897 ], [ -86.760002218312835, 21.132341019123874 ], [ -86.760001896846504, 21.132540736918465 ], [ -86.759817385803558, 21.132640334512747 ], [ -86.759633196479527, 21.132540214118041 ], [ -86.759633518439713, 21.132340496328851 ], [ -86.759818029230075, 21.13224089892897 ] ] ] } },
{ "type": "Feature", "properties": { "hex_id": 1818, "tipo_actual": "urbano" }, "geometry": { "type": "Polygon", "coordinates": [ [ [ -86.759817064084672, 21.132840052297571 ], [ -86.760001253902544, 21.132940172493516 ], [ -86.760000932424944, 21.133139890273974 ], [ -86.759816420635573, 21.133239487853093 ], [ -86.759632230576401, 21.133139367457343 ], [ -86.75963255254787, 21.132939649682282 ], [ -86.759817064084672, 21.132840052297571 ] ] ] } },
{ "type": "Feature", "properties": { "hex_id": 1819, "tipo_actual": "verde_inundable" }, "geometry": { "type": "Polygon", "coordinates": [ [ [ -86.759816098905389, 21.133439205623784 ], [ -86.760000289458432, 21.13353932582076 ], [ -86.759999967969534, 21.133739043587088 ], [ -86.759815455433724, 21.133838641151033 ], [ -86.759631264639381, 21.133738520754246 ], [ -86.759631586622149, 21.133538802993321 ], [ -86.759816098905389, 21.133439205623784 ] ] ] } },
{ "type": "Feature", "properties": { "hex_id": 1820, "tipo_actual": "verde_inundable" }, "geometry": { "type": "Polygon", "coordinates": [ [ [ -86.759815133692243, 21.134038358907596 ], [ -86.75999932498047, 21.134138479105605 ], [ -86.759999003480303, 21.134338196857801 ], [ -86.759814490197996, 21.134437794406587 ], [ -86.759630298668455, 21.134337674008755 ], [ -86.759630620662534, 21.134137956261963 ], [ -86.759815133692243, 21.134038358907596 ] ] ] } },
{ "type": "Feature", "properties": { "hex_id": 1821, "tipo_actual": "verde_inundable" }, "geometry": { "type": "Polygon", "coordinates": [ [ [ -86.759814168445217, 21.134637512149009 ], [ -86.759998360468657, 21.13473763234806 ], [ -86.759998038957207, 21.134937350086123 ], [ -86.75981352492839, 21.135036947619735 ], [ -86.759629332663636, 21.134936827220866 ], [ -86.759629654669013, 21.134737109488206 ], [ -86.759814168445217, 21.134637512149009 ] ] ] } },
{ "type": "Feature", "properties": { "hex_id": 1822, "tipo_actual": "urbano" }, "geometry": { "type": "Polygon", "coordinates": [ [ [ -86.759813203164342, 21.135236665348035 ], [ -86.759997395923008, 21.13533678554812 ], [ -86.759997074400275, 21.135536503272046 ], [ -86.759812559624919, 21.135636100790492 ], [ -86.759628366624938, 21.135535980390582 ], [ -86.759628688641598, 21.135336262672055 ], [ -86.759813203164342, 21.135236665348035 ] ] ] } },
{ "type": "Feature", "properties": { "hex_id": 1823, "tipo_actual": "urbano" }, "geometry": { "type": "Polygon", "coordinates": [ [ [ -86.759812237849573, 21.135835818504656 ], [ -86.759996431343509, 21.135935938705774 ], [ -86.759996109809478, 21.136135656415572 ], [ -86.759811594287584, 21.136235253918855 ], [ -86.759627400552318, 21.1361351335179 ], [ -86.759627722580277, 21.135935415813499 ], [ -86.759812237849573, 21.135835818504656 ] ] ] } },
{ "type": "Feature", "properties": { "hex_id": 1824, "tipo_actual": "urbano" }, "geometry": { "type": "Polygon", "coordinates": [ [ [ -86.75981127250094, 21.136434971618879 ], [ -86.759995466730174, 21.136535091821031 ], [ -86.759995145184874, 21.136734809516703 ], [ -86.75981062891637, 21.136834407004812 ], [ -86.759626434445806, 21.13673428660282 ], [ -86.759626756485076, 21.136534568912555 ], [ -86.75981127250094, 21.136434971618879 ] ] ] } },
{ "type": "Feature", "properties": { "hex_id": 1846, "tipo_actual": "verde_inundable" }, "geometry": { "type": "Polygon", "coordinates": [ [ [ -86.759636093985549, 21.130742753845787 ], [ -86.759820281104325, 21.130842874237366 ], [ -86.759819959419289, 21.131042592064585 ], [ -86.759635450121692, 21.13114218949482 ], [ -86.759451262761672, 21.131042068903447 ], [ -86.759451584940507, 21.13084235108164 ], [ -86.759636093985549, 21.130742753845787 ] ] ] } },
{ "type": "Feature", "properties": { "hex_id": 1847, "tipo_actual": "urbano" }, "geometry": { "type": "Polygon", "coordinates": [ [ [ -86.759635128184101, 21.131341907312265 ], [ -86.759819316037934, 21.131442027704885 ], [ -86.759818994341629, 21.131641745517978 ], [ -86.759634484297649, 21.131741342933037 ], [ -86.759450296202544, 21.131641222340619 ], [ -86.759450618392705, 21.131441504532937 ], [ -86.759635128184101, 21.131341907312265 ] ] ] } },
{ "type": "Feature", "properties": { "hex_id": 1848, "tipo_actual": "urbano" }, "geometry": { "type": "Polygon", "coordinates": [ [ [ -86.759634162348775, 21.131941060736349 ], [ -86.759818350937692, 21.13204118113001 ], [ -86.759818029230075, 21.13224089892897 ], [ -86.759633518439713, 21.132340496328851 ], [ -86.75944932960951, 21.1322403757354 ], [ -86.759449651810968, 21.132040657941843 ], [ -86.759634162348775, 21.131941060736349 ] ] ] } },
{ "type": "Feature", "properties": { "hex_id": 1849, "tipo_actual": "urbano" }, "geometry": { "type": "Polygon", "coordinates": [ [ [ -86.759633196479527, 21.132540214118041 ], [ -86.759817385803558, 21.132640334512747 ], [ -86.759817064084672, 21.132840052297571 ], [ -86.75963255254787, 21.132939649682282 ], [ -86.759448362982567, 21.132839529087768 ], [ -86.759448685195323, 21.132639811308366 ], [ -86.759633196479527, 21.132540214118041 ] ] ] } },
{ "type": "Feature", "properties": { "hex_id": 1850, "tipo_actual": "urbano" }, "geometry": { "type": "Polygon", "coordinates": [ [ [ -86.759632230576401, 21.133139367457343 ], [ -86.759816420635573, 21.133239487853093 ], [ -86.759816098905389, 21.133439205623784 ], [ -86.759631586622149, 21.133538802993321 ], [ -86.75944739632169, 21.13343868239776 ], [ -86.759447718545744, 21.133238964632479 ], [ -86.759632230576401, 21.133139367457343 ] ] ] } },
{ "type": "Feature", "properties": { "hex_id": 1851, "tipo_actual": "verde_inundable" }, "geometry": { "type": "Polygon", "coordinates": [ [ [ -86.759631264639381, 21.133738520754246 ], [ -86.759815455433724, 21.133838641151033 ], [ -86.759815133692243, 21.134038358907596 ], [ -86.759630620662534, 21.134137956261963 ], [ -86.759446429626891, 21.134037835665353 ], [ -86.759446751862257, 21.133838117914205 ], [ -86.759631264639381, 21.133738520754246 ] ] ] } },
{ "type": "Feature", "properties": { "hex_id": 1852, "tipo_actual": "verde_inundable" }, "geometry": { "type": "Polygon", "coordinates": [ [ [ -86.759630298668455, 21.134337674008755 ], [ -86.759814490197996, 21.134437794406587 ], [ -86.759814168445217, 21.134637512149009 ], [ -86.759629654669013, 21.134737109488206 ], [ -86.759445462898171, 21.134636988890549 ], [ -86.759445785144848, 21.134437271153534 ], [ -86.759630298668455, 21.134337674008755 ] ] ] } },
{ "type": "Feature", "properties": { "hex_id": 1853, "tipo_actual": "verde_inundable" }, "geometry": { "type": "Polygon", "coordinates": [ [ [ -86.759629332663636, 21.134936827220866 ], [ -86.75981352492839, 21.135036947619735 ], [ -86.759813203164342, 21.135236665348035 ], [ -86.759628688641598, 21.135336262672055 ], [ -86.759444496135529, 21.135236142073353 ], [ -86.759444818393519, 21.135036424350467 ], [ -86.759629332663636, 21.134936827220866 ] ] ] } },
{ "type": "Feature", "properties": { "hex_id": 1854, "tipo_actual": "urbano" }, "geometry": { "type": "Polygon", "coordinates": [ [ [ -86.759628366624938, 21.135535980390582 ], [ -86.759812559624919, 21.135636100790492 ], [ -86.759812237849573, 21.135835818504656 ], [ -86.759627722580277, 21.135935415813499 ], [ -86.759443529338981, 21.135835295213756 ], [ -86.759443851608253, 21.135635577504999 ], [ -86.759628366624938, 21.135535980390582 ] ] ] } },
{ "type": "Feature", "properties": { "hex_id": 1855, "tipo_actual": "urbano" }, "geometry": { "type": "Polygon", "coordinates": [ [ [ -86.759627400552318, 21.1361351335179 ], [ -86.759811594287584, 21.136235253918855 ], [ -86.75981127250094, 21.136434971618879 ], [ -86.759626756485076, 21.136534568912555 ], [ -86.759442562508482, 21.136434448311753 ], [ -86.759442884789081, 21.136234730617137 ], [ -86.759627400552318, 21.1361351335179 ] ] ] } },
{ "type": "Feature", "properties": { "hex_id": 1877, "tipo_actual": "urbano" }, "geometry": { "type": "Polygon", "coordinates": [ [ [ -86.759451262761672, 21.131042068903447 ], [ -86.759635450121692, 21.13114218949482 ], [ -86.759635128184101, 21.131341907312265 ], [ -86.759450618392705, 21.131441504532937 ], [ -86.759266430791428, 21.131341383741784 ], [ -86.759266753222803, 21.131141665929743 ], [ -86.759451262761672, 21.131042068903447 ] ] ] } },
{ "type": "Feature", "properties": { "hex_id": 1878, "tipo_actual": "urbano" }, "geometry": { "type": "Polygon", "coordinates": [ [ [ -86.759450296202544, 21.131641222340619 ], [ -86.759634484297649, 21.131741342933037 ], [ -86.759634162348775, 21.131941060736349 ], [ -86.759449651810968, 21.132040657941843 ], [ -86.75926546347462, 21.131940537149628 ], [ -86.759265785917322, 21.131740819351727 ], [ -86.759450296202544, 21.131641222340619 ] ] ] } },
{ "type": "Feature", "properties": { "hex_id": 1879, "tipo_actual": "urbano" }, "geometry": { "type": "Polygon", "coordinates": [ [ [ -86.75944932960951, 21.1322403757354 ], [ -86.759633518439713, 21.132340496328851 ], [ -86.759633196479527, 21.132540214118041 ], [ -86.759448685195323, 21.132639811308366 ], [ -86.759264496123862, 21.132539690515095 ], [ -86.75926481857789, 21.132339972731312 ], [ -86.75944932960951, 21.1322403757354 ] ] ] } },
{ "type": "Feature", "properties": { "hex_id": 1880, "tipo_actual": "urbano" }, "geometry": { "type": "Polygon", "coordinates": [ [ [ -86.759448362982567, 21.132839529087768 ], [ -86.75963255254787, 21.132939649682282 ], [ -86.759632230576401, 21.133139367457343 ], [ -86.759447718545744, 21.133238964632479 ], [ -86.759263528739154, 21.133138843838161 ], [ -86.759263851204494, 21.132939126068511 ], [ -86.759448362982567, 21.132839529087768 ] ] ] } },
{ "type": "Feature", "properties": { "hex_id": 1881, "tipo_actual": "verde_general" }, "geometry": { "type": "Polygon", "coordinates": [ [ [ -86.75944739632169, 21.13343868239776 ], [ -86.759631586622149, 21.133538802993321 ], [ -86.759631264639381, 21.133738520754246 ], [ -86.759446751862257, 21.133838117914205 ], [ -86.759262561320512, 21.133737997118832 ], [ -86.759262883797177, 21.133538279363314 ], [ -86.75944739632169, 21.13343868239776 ] ] ] } },
{ "type": "Feature", "properties": { "hex_id": 1882, "tipo_actual": "verde_inundable" }, "geometry": { "type": "Polygon", "coordinates": [ [ [ -86.759446429626891, 21.134037835665353 ], [ -86.759630620662534, 21.134137956261963 ], [ -86.759630298668455, 21.134337674008755 ], [ -86.759445785144848, 21.134437271153534 ], [ -86.759261593867919, 21.134337150357105 ], [ -86.759261916355882, 21.13413743261572 ], [ -86.759446429626891, 21.134037835665353 ] ] ] } },
{ "type": "Feature", "properties": { "hex_id": 1883, "tipo_actual": "verde_inundable" }, "geometry": { "type": "Polygon", "coordinates": [ [ [ -86.759445462898171, 21.134636988890549 ], [ -86.759629654669013, 21.134737109488206 ], [ -86.759629332663636, 21.134936827220866 ], [ -86.759444818393519, 21.135036424350467 ], [ -86.759260626381376, 21.134936303552987 ], [ -86.759260948880666, 21.134736585825742 ], [ -86.759445462898171, 21.134636988890549 ] ] ] } },
{ "type": "Feature", "properties": { "hex_id": 1884, "tipo_actual": "urbano" }, "geometry": { "type": "Polygon", "coordinates": [ [ [ -86.759444496135529, 21.135236142073353 ], [ -86.759628688641598, 21.135336262672055 ], [ -86.759628366624938, 21.135535980390582 ], [ -86.759443851608253, 21.135635577504999 ], [ -86.759259658860884, 21.135535456706467 ], [ -86.759259981371486, 21.135335738993358 ], [ -86.759444496135529, 21.135236142073353 ] ] ] } },
{ "type": "Feature", "properties": { "hex_id": 1885, "tipo_actual": "urbano" }, "geometry": { "type": "Polygon", "coordinates": [ [ [ -86.759443529338981, 21.135835295213756 ], [ -86.759627722580277, 21.135935415813499 ], [ -86.759627400552318, 21.1361351335179 ], [ -86.759442884789081, 21.136234730617137 ], [ -86.759258691306442, 21.136134609817546 ], [ -86.759259013828355, 21.13593489211857 ], [ -86.759443529338981, 21.135835295213756 ] ] ] } },
{ "type": "Feature", "properties": { "hex_id": 1886, "tipo_actual": "urbano" }, "geometry": { "type": "Polygon", "coordinates": [ [ [ -86.759442562508482, 21.136434448311753 ], [ -86.759626756485076, 21.136534568912555 ], [ -86.759626434445806, 21.13673428660282 ], [ -86.759441917935973, 21.136833883686869 ], [ -86.759257723718051, 21.136733762886237 ], [ -86.75925804625129, 21.136534045201383 ], [ -86.759442562508482, 21.136434448311753 ] ] ] } },
{ "type": "Feature", "properties": { "hex_id": 1908, "tipo_actual": "verde_inundable" }, "geometry": { "type": "Polygon", "coordinates": [ [ [ -86.759267398074286, 21.130742230291535 ], [ -86.759451584940507, 21.13084235108164 ], [ -86.759451262761672, 21.131042068903447 ], [ -86.759266753222803, 21.131141665929743 ], [ -86.759082566115353, 21.131041544939851 ], [ -86.759082888788001, 21.130841827123458 ], [ -86.759267398074286, 21.130742230291535 ] ] ] } },
{ "type": "Feature", "properties": { "hex_id": 1909, "tipo_actual": "urbano" }, "geometry": { "type": "Polygon", "coordinates": [ [ [ -86.759266430791428, 21.131341383741784 ], [ -86.759450618392705, 21.131441504532937 ], [ -86.759450296202544, 21.131641222340619 ], [ -86.759265785917322, 21.131740819351727 ], [ -86.7590815980748, 21.131640698360773 ], [ -86.75908192075876, 21.131440980558509 ], [ -86.759266430791428, 21.131341383741784 ] ] ] } },
{ "type": "Feature", "properties": { "hex_id": 1910, "tipo_actual": "urbano" }, "geometry": { "type": "Polygon", "coordinates": [ [ [ -86.75926546347462, 21.131940537149628 ], [ -86.759449651810968, 21.132040657941843 ], [ -86.75944932960951, 21.1322403757354 ], [ -86.75926481857789, 21.132339972731312 ], [ -86.75908063000027, 21.132239851739303 ], [ -86.759080952695555, 21.132040133951172 ], [ -86.75926546347462, 21.131940537149628 ] ] ] } },
{ "type": "Feature", "properties": { "hex_id": 1911, "tipo_actual": "urbano" }, "geometry": { "type": "Polygon", "coordinates": [ [ [ -86.759264496123862, 21.132539690515095 ], [ -86.759448685195323, 21.132639811308366 ], [ -86.759448362982567, 21.132839529087768 ], [ -86.759263851204494, 21.132939126068511 ], [ -86.759079661891775, 21.132839005075436 ], [ -86.759079984598372, 21.132639287301441 ], [ -86.759264496123862, 21.132539690515095 ] ] ] } },
{ "type": "Feature", "properties": { "hex_id": 1912, "tipo_actual": "verde_general" }, "geometry": { "type": "Polygon", "coordinates": [ [ [ -86.759263528739154, 21.133138843838161 ], [ -86.759447718545744, 21.133238964632479 ], [ -86.75944739632169, 21.13343868239776 ], [ -86.759262883797177, 21.133538279363314 ], [ -86.759078693749288, 21.133438158369181 ], [ -86.759079016467226, 21.133238440609315 ], [ -86.759263528739154, 21.133138843838161 ] ] ] } },
{ "type": "Feature", "properties": { "hex_id": 1913, "tipo_actual": "verde_inundable" }, "geometry": { "type": "Polygon", "coordinates": [ [ [ -86.759262561320512, 21.133737997118832 ], [ -86.759446751862257, 21.133838117914205 ], [ -86.759446429626891, 21.134037835665353 ], [ -86.759261916355882, 21.13413743261572 ], [ -86.759077725572851, 21.134037311620531 ], [ -86.759078048302101, 21.133837593874794 ], [ -86.759262561320512, 21.133737997118832 ] ] ] } },
{ "type": "Feature", "properties": { "hex_id": 1914, "tipo_actual": "verde_inundable" }, "geometry": { "type": "Polygon", "coordinates": [ [ [ -86.759261593867919, 21.134337150357105 ], [ -86.759445785144848, 21.134437271153534 ], [ -86.759445462898171, 21.134636988890549 ], [ -86.759260948880666, 21.134736585825742 ], [ -86.759076757362422, 21.13463646482948 ], [ -86.759077080103026, 21.134436747097876 ], [ -86.759261593867919, 21.134337150357105 ] ] ] } },
{ "type": "Feature", "properties": { "hex_id": 1915, "tipo_actual": "verde_inundable" }, "geometry": { "type": "Polygon", "coordinates": [ [ [ -86.759260626381376, 21.134936303552987 ], [ -86.759444818393519, 21.135036424350467 ], [ -86.759444496135529, 21.135236142073353 ], [ -86.759259981371486, 21.135335738993358 ], [ -86.759075789118043, 21.135235617996035 ], [ -86.759076111869945, 21.135035900278563 ], [ -86.759260626381376, 21.134936303552987 ] ] ] } },
{ "type": "Feature", "properties": { "hex_id": 1916, "tipo_actual": "urbano" }, "geometry": { "type": "Polygon", "coordinates": [ [ [ -86.759259658860884, 21.135535456706467 ], [ -86.759443851608253, 21.135635577504999 ], [ -86.759443529338981, 21.135835295213756 ], [ -86.759259013828355, 21.13593489211857 ], [ -86.759074820839672, 21.135834771120187 ], [ -86.7590751436029, 21.135635053416848 ], [ -86.759259658860884, 21.135535456706467 ] ] ] } },
{ "type": "Feature", "properties": { "hex_id": 1917, "tipo_actual": "urbano" }, "geometry": { "type": "Polygon", "coordinates": [ [ [ -86.759258691306442, 21.136134609817546 ], [ -86.759442884789081, 21.136234730617137 ], [ -86.759442562508482, 21.136434448311753 ], [ -86.75925804625129, 21.136534045201383 ], [ -86.759073852527322, 21.136433924201949 ], [ -86.759074175301876, 21.136234206512743 ], [ -86.759258691306442, 21.136134609817546 ] ] ] } },
{ "type": "Feature", "properties": { "hex_id": 1939, "tipo_actual": "urbano" }, "geometry": { "type": "Polygon", "coordinates": [ [ [ -86.759082566115353, 21.131041544939851 ], [ -86.759266753222803, 21.131141665929743 ], [ -86.759266430791428, 21.131341383741784 ], [ -86.75908192075876, 21.131440980558509 ], [ -86.758897733410052, 21.131340859368823 ], [ -86.758898056335255, 21.131141141562207 ], [ -86.759082566115353, 21.131041544939851 ] ] ] } },
{ "type": "Feature", "properties": { "hex_id": 1940, "tipo_actual": "urbano" }, "geometry": { "type": "Polygon", "coordinates": [ [ [ -86.7590815980748, 21.131640698360773 ], [ -86.759265785917322, 21.131740819351727 ], [ -86.75926546347462, 21.131940537149628 ], [ -86.759080952695555, 21.132040133951172 ], [ -86.758896764611777, 21.131940012760413 ], [ -86.75889708754832, 21.13174029496793 ], [ -86.7590815980748, 21.131640698360773 ] ] ] } },
{ "type": "Feature", "properties": { "hex_id": 1941, "tipo_actual": "urbano" }, "geometry": { "type": "Polygon", "coordinates": [ [ [ -86.75908063000027, 21.132239851739303 ], [ -86.75926481857789, 21.132339972731312 ], [ -86.759264496123862, 21.132539690515095 ], [ -86.759079984598372, 21.132639287301441 ], [ -86.758895795779509, 21.13253916610962 ], [ -86.758896118727364, 21.132339448331258 ], [ -86.75908063000027, 21.132239851739303 ] ] ] } },
{ "type": "Feature", "properties": { "hex_id": 1942, "tipo_actual": "verde_general" }, "geometry": { "type": "Polygon", "coordinates": [ [ [ -86.759079661891775, 21.132839005075436 ], [ -86.759263851204494, 21.132939126068511 ], [ -86.759263528739154, 21.133138843838161 ], [ -86.759079016467226, 21.133238440609315 ], [ -86.758894826913235, 21.133138319416432 ], [ -86.75889514987243, 21.132938601652196 ], [ -86.759079661891775, 21.132839005075436 ] ] ] } },
{ "type": "Feature", "properties": { "hex_id": 1943, "tipo_actual": "verde_inundable" }, "geometry": { "type": "Polygon", "coordinates": [ [ [ -86.759078693749288, 21.133438158369181 ], [ -86.759262883797177, 21.133538279363314 ], [ -86.759262561320512, 21.133737997118832 ], [ -86.759078048302101, 21.133837593874794 ], [ -86.758893858012968, 21.133737472680842 ], [ -86.758894180983503, 21.133537754930746 ], [ -86.759078693749288, 21.133438158369181 ] ] ] } },
{ "type": "Feature", "properties": { "hex_id": 1944, "tipo_actual": "verde_inundable" }, "geometry": { "type": "Polygon", "coordinates": [ [ [ -86.759077725572851, 21.134037311620531 ], [ -86.759261916355882, 21.13413743261572 ], [ -86.759261593867919, 21.134337150357105 ], [ -86.759077080103026, 21.134436747097876 ], [ -86.758892889078695, 21.134336625902858 ], [ -86.75889321206057, 21.134136908166894 ], [ -86.759077725572851, 21.134037311620531 ] ] ] } },
{ "type": "Feature", "properties": { "hex_id": 1945, "tipo_actual": "verde_inundable" }, "geometry": { "type": "Polygon", "coordinates": [ [ [ -86.759076757362422, 21.13463646482948 ], [ -86.759260948880666, 21.134736585825742 ], [ -86.759260626381376, 21.134936303552987 ], [ -86.759076111869945, 21.135035900278563 ], [ -86.758891920110429, 21.134935779082475 ], [ -86.758892243103631, 21.134736061360645 ], [ -86.759076757362422, 21.13463646482948 ] ] ] } },
{ "type": "Feature", "properties": { "hex_id": 1946, "tipo_actual": "verde_inundable" }, "geometry": { "type": "Polygon", "coordinates": [ [ [ -86.759075789118043, 21.135235617996035 ], [ -86.759259981371486, 21.135335738993358 ], [ -86.759259658860884, 21.135535456706467 ], [ -86.7590751436029, 21.135635053416848 ], [ -86.758890951108157, 21.135534932219706 ], [ -86.758891274112685, 21.135335214512001 ], [ -86.759075789118043, 21.135235617996035 ] ] ] } },
{ "type": "Feature", "properties": { "hex_id": 1947, "tipo_actual": "urbano" }, "geometry": { "type": "Polygon", "coordinates": [ [ [ -86.759074820839672, 21.135834771120187 ], [ -86.759259013828355, 21.13593489211857 ], [ -86.759258691306442, 21.136134609817546 ], [ -86.759074175301876, 21.136234206512743 ], [ -86.758889982071892, 21.136134085314527 ], [ -86.758890305087746, 21.135934367620958 ], [ -86.759074820839672, 21.135834771120187 ] ] ] } },
{ "type": "Feature", "properties": { "hex_id": 1948, "tipo_actual": "urbano" }, "geometry": { "type": "Polygon", "coordinates": [ [ [ -86.759073852527322, 21.136433924201949 ], [ -86.75925804625129, 21.136534045201383 ], [ -86.759257723718051, 21.136733762886237 ], [ -86.759073206966889, 21.136833359566236 ], [ -86.758889013001607, 21.136733238366954 ], [ -86.758889336028815, 21.136533520687518 ], [ -86.759073852527322, 21.136433924201949 ] ] ] } },
{ "type": "Feature", "properties": { "hex_id": 1970, "tipo_actual": "verde_inundable" }, "geometry": { "type": "Polygon", "coordinates": [ [ [ -86.758898702174335, 21.130741705934838 ], [ -86.759082888788001, 21.130841827123458 ], [ -86.759082566115353, 21.131041544939851 ], [ -86.758898056335255, 21.131141141562207 ], [ -86.758713869480374, 21.131041020173786 ], [ -86.758714192646792, 21.130841302362814 ], [ -86.758898702174335, 21.130741705934838 ] ] ] } },
{ "type": "Feature", "properties": { "hex_id": 1971, "tipo_actual": "urbano" }, "geometry": { "type": "Polygon", "coordinates": [ [ [ -86.758897733410052, 21.131340859368823 ], [ -86.75908192075876, 21.131440980558509 ], [ -86.7590815980748, 21.131640698360773 ], [ -86.75889708754832, 21.13174029496793 ], [ -86.758712899958354, 21.131640173578443 ], [ -86.758713223136155, 21.1314404557816 ], [ -86.758897733410052, 21.131340859368823 ] ] ] } },
{ "type": "Feature", "properties": { "hex_id": 1972, "tipo_actual": "urbano" }, "geometry": { "type": "Polygon", "coordinates": [ [ [ -86.758896764611777, 21.131940012760413 ], [ -86.759080952695555, 21.132040133951172 ], [ -86.75908063000027, 21.132239851739303 ], [ -86.758896118727364, 21.132339448331258 ], [ -86.758711930402342, 21.132239326940702 ], [ -86.758712253591469, 21.132039609157989 ], [ -86.758896764611777, 21.131940012760413 ] ] ] } },
{ "type": "Feature", "properties": { "hex_id": 1973, "tipo_actual": "urbano" }, "geometry": { "type": "Polygon", "coordinates": [ [ [ -86.758895795779509, 21.13253916610962 ], [ -86.759079984598372, 21.132639287301441 ], [ -86.759079661891775, 21.132839005075436 ], [ -86.75889514987243, 21.132938601652196 ], [ -86.758710960812294, 21.13283848026057 ], [ -86.758711284012762, 21.132638762491993 ], [ -86.758895795779509, 21.13253916610962 ] ] ] } },
{ "type": "Feature", "properties": { "hex_id": 1974, "tipo_actual": "verde_inundable" }, "geometry": { "type": "Polygon", "coordinates": [ [ [ -86.758894826913235, 21.133138319416432 ], [ -86.759079016467226, 21.133238440609315 ], [ -86.759078693749288, 21.133438158369181 ], [ -86.758894180983503, 21.133537754930746 ], [ -86.75870999118824, 21.133437633538037 ], [ -86.758710314400034, 21.133237915783596 ], [ -86.758894826913235, 21.133138319416432 ] ] ] } },
{ "type": "Feature", "properties": { "hex_id": 1975, "tipo_actual": "verde_inundable" }, "geometry": { "type": "Polygon", "coordinates": [ [ [ -86.758893858012968, 21.133737472680842 ], [ -86.759078048302101, 21.133837593874794 ], [ -86.759077725572851, 21.134037311620531 ], [ -86.75889321206057, 21.134136908166894 ], [ -86.758709021530137, 21.13403678677312 ], [ -86.758709344753285, 21.133837069032808 ], [ -86.758893858012968, 21.133737472680842 ] ] ] } },
{ "type": "Feature", "properties": { "hex_id": 1976, "tipo_actual": "verde_inundable" }, "geometry": { "type": "Polygon", "coordinates": [ [ [ -86.758892889078695, 21.134336625902858 ], [ -86.759077080103026, 21.134436747097876 ], [ -86.759076757362422, 21.13463646482948 ], [ -86.758892243103631, 21.134736061360645 ], [ -86.758708051838013, 21.134635939965797 ], [ -86.758708375072516, 21.134436222239614 ], [ -86.758892889078695, 21.134336625902858 ] ] ] } },
{ "type": "Feature", "properties": { "hex_id": 1977, "tipo_actual": "verde_inundable" }, "geometry": { "type": "Polygon", "coordinates": [ [ [ -86.758891920110429, 21.134935779082475 ], [ -86.759076111869945, 21.135035900278563 ], [ -86.759075789118043, 21.135235617996035 ], [ -86.758891274112685, 21.135335214512001 ], [ -86.758707082111869, 21.135235093116076 ], [ -86.758707405357697, 21.135035375404033 ], [ -86.758891920110429, 21.134935779082475 ] ] ] } },
{ "type": "Feature", "properties": { "hex_id": 1978, "tipo_actual": "urbano" }, "geometry": { "type": "Polygon", "coordinates": [ [ [ -86.758890951108157, 21.135534932219706 ], [ -86.7590751436029, 21.135635053416848 ], [ -86.759074820839672, 21.135834771120187 ], [ -86.758890305087746, 21.135934367620958 ], [ -86.758706112351703, 21.135834246223968 ], [ -86.758706435608872, 21.135634528526051 ], [ -86.758890951108157, 21.135534932219706 ] ] ] } },
{ "type": "Feature", "properties": { "hex_id": 1979, "tipo_actual": "urbano" }, "geometry": { "type": "Polygon", "coordinates": [ [ [ -86.758889982071892, 21.136134085314527 ], [ -86.759074175301876, 21.136234206512743 ], [ -86.759073852527322, 21.136433924201949 ], [ -86.758889336028815, 21.136533520687518 ], [ -86.758705142557503, 21.136433399289448 ], [ -86.758705465826012, 21.136233681605667 ], [ -86.758889982071892, 21.136134085314527 ] ] ] } },
{ "type": "Feature", "properties": { "hex_id": 2001, "tipo_actual": "urbano" }, "geometry": { "type": "Polygon", "coordinates": [ [ [ -86.758713869480374, 21.131041020173786 ], [ -86.758898056335255, 21.131141141562207 ], [ -86.758897733410052, 21.131340859368823 ], [ -86.758713223136155, 21.1314404557816 ], [ -86.758529036040017, 21.131340334193389 ], [ -86.758529359459033, 21.131140616392198 ], [ -86.758713869480374, 21.131041020173786 ] ] ] } },
{ "type": "Feature", "properties": { "hex_id": 2002, "tipo_actual": "urbano" }, "geometry": { "type": "Polygon", "coordinates": [ [ [ -86.758712899958354, 21.131640173578443 ], [ -86.75889708754832, 21.13174029496793 ], [ -86.758896764611777, 21.131940012760413 ], [ -86.758712253591469, 21.132039609157989 ], [ -86.758528065760274, 21.131939487568697 ], [ -86.758528389190644, 21.131739769781642 ], [ -86.758712899958354, 21.131640173578443 ] ] ] } },
{ "type": "Feature", "properties": { "hex_id": 2003, "tipo_actual": "urbano" }, "geometry": { "type": "Polygon", "coordinates": [ [ [ -86.758711930402342, 21.132239326940702 ], [ -86.758896118727364, 21.132339448331258 ], [ -86.758895795779509, 21.13253916610962 ], [ -86.758711284012762, 21.132638762491993 ], [ -86.758527095446482, 21.132538640901618 ], [ -86.758527418888193, 21.132338923128689 ], [ -86.758711930402342, 21.132239326940702 ] ] ] } },
{ "type": "Feature", "properties": { "hex_id": 2004, "tipo_actual": "verde_inundable" }, "geometry": { "type": "Polygon", "coordinates": [ [ [ -86.758710960812294, 21.13283848026057 ], [ -86.75889514987243, 21.132938601652196 ], [ -86.758894826913235, 21.133138319416432 ], [ -86.758710314400034, 21.133237915783596 ], [ -86.758526125098641, 21.133137794192145 ], [ -86.758526448551706, 21.132938076433344 ], [ -86.758710960812294, 21.13283848026057 ] ] ] } },
{ "type": "Feature", "properties": { "hex_id": 2005, "tipo_actual": "verde_inundable" }, "geometry": { "type": "Polygon", "coordinates": [ [ [ -86.75870999118824, 21.133437633538037 ], [ -86.758894180983503, 21.133537754930746 ], [ -86.758893858012968, 21.133737472680842 ], [ -86.758709344753285, 21.133837069032808 ], [ -86.75852515471675, 21.13373694744028 ], [ -86.758525478181156, 21.133537229695609 ], [ -86.75870999118824, 21.133437633538037 ] ] ] } },
{ "type": "Feature", "properties": { "hex_id": 2006, "tipo_actual": "verde_inundable" }, "geometry": { "type": "Polygon", "coordinates": [ [ [ -86.758709021530137, 21.13403678677312 ], [ -86.75889321206057, 21.134136908166894 ], [ -86.758892889078695, 21.134336625902858 ], [ -86.758708375072516, 21.134436222239614 ], [ -86.758524184300811, 21.134336100646006 ], [ -86.758524507776571, 21.134136382915468 ], [ -86.758709021530137, 21.13403678677312 ] ] ] } },
{ "type": "Feature", "properties": { "hex_id": 2007, "tipo_actual": "verde_inundable" }, "geometry": { "type": "Polygon", "coordinates": [ [ [ -86.758708051838013, 21.134635939965797 ], [ -86.758892243103631, 21.134736061360645 ], [ -86.758891920110429, 21.134935779082475 ], [ -86.758707405357697, 21.135035375404033 ], [ -86.758523213850808, 21.134935253809346 ], [ -86.758523537337936, 21.134735536092943 ], [ -86.758708051838013, 21.134635939965797 ] ] ] } },
{ "type": "Feature", "properties": { "hex_id": 2008, "tipo_actual": "verde_inundable" }, "geometry": { "type": "Polygon", "coordinates": [ [ [ -86.758707082111869, 21.135235093116076 ], [ -86.758891274112685, 21.135335214512001 ], [ -86.758890951108157, 21.135534932219706 ], [ -86.758706435608872, 21.135634528526051 ], [ -86.75852224336677, 21.13553440693029 ], [ -86.758522566865224, 21.135334689228021 ], [ -86.758707082111869, 21.135235093116076 ] ] ] } },
{ "type": "Feature", "properties": { "hex_id": 2009, "tipo_actual": "urbano" }, "geometry": { "type": "Polygon", "coordinates": [ [ [ -86.758706112351703, 21.135834246223968 ], [ -86.758890305087746, 21.135934367620958 ], [ -86.758889982071892, 21.136134085314527 ], [ -86.758705465826012, 21.136233681605667 ], [ -86.758521272848654, 21.13613356000883 ], [ -86.758521596358463, 21.135933842320689 ], [ -86.758706112351703, 21.135834246223968 ] ] ] } },
{ "type": "Feature", "properties": { "hex_id": 2010, "tipo_actual": "urbano" }, "geometry": { "type": "Polygon", "coordinates": [ [ [ -86.758705142557503, 21.136433399289448 ], [ -86.758889336028815, 21.136533520687518 ], [ -86.758889013001607, 21.136733238366954 ], [ -86.75870449600913, 21.136832834642888 ], [ -86.758520302296503, 21.136732713044967 ], [ -86.758520625817667, 21.136532995370963 ], [ -86.758705142557503, 21.136433399289448 ] ] ] } },
{ "type": "Feature", "properties": { "hex_id": 2032, "tipo_actual": "verde_inundable" }, "geometry": { "type": "Polygon", "coordinates": [ [ [ -86.75853000628571, 21.130741180775683 ], [ -86.758714192646792, 21.130841302362814 ], [ -86.758713869480374, 21.131041020173786 ], [ -86.758529359459033, 21.131140616392198 ], [ -86.758345172856721, 21.131040494605266 ], [ -86.758345496516952, 21.130840776799726 ], [ -86.75853000628571, 21.130741180775683 ] ] ] } },
{ "type": "Feature", "properties": { "hex_id": 2033, "tipo_actual": "urbano" }, "geometry": { "type": "Polygon", "coordinates": [ [ [ -86.758529036040017, 21.131340334193389 ], [ -86.758713223136155, 21.1314404557816 ], [ -86.758712899958354, 21.131640173578443 ], [ -86.758528389190644, 21.131739769781642 ], [ -86.758344201853262, 21.131639647993619 ], [ -86.758344525524876, 21.131439930202209 ], [ -86.758529036040017, 21.131340334193389 ] ] ] } },
{ "type": "Feature", "properties": { "hex_id": 2034, "tipo_actual": "urbano" }, "geometry": { "type": "Polygon", "coordinates": [ [ [ -86.758528065760274, 21.131939487568697 ], [ -86.758712253591469, 21.132039609157989 ], [ -86.758711930402342, 21.132239326940702 ], [ -86.758527418888193, 21.132338923128689 ], [ -86.758343230815768, 21.132238801339586 ], [ -86.758343554498708, 21.132039083562308 ], [ -86.758528065760274, 21.131939487568697 ] ] ] } },
{ "type": "Feature", "properties": { "hex_id": 2035, "tipo_actual": "urbano" }, "geometry": { "type": "Polygon", "coordinates": [ [ [ -86.758527095446482, 21.132538640901618 ], [ -86.758711284012762, 21.132638762491993 ], [ -86.758710960812294, 21.13283848026057 ], [ -86.758526448551706, 21.132938076433344 ], [ -86.758342259744182, 21.132837954643158 ], [ -86.758342583438491, 21.132638236880009 ], [ -86.758527095446482, 21.132538640901618 ] ] ] } },
{ "type": "Feature", "properties": { "hex_id": 2036, "tipo_actual": "verde_inundable" }, "geometry": { "type": "Polygon", "coordinates": [ [ [ -86.758526125098641, 21.133137794192145 ], [ -86.758710314400034, 21.133237915783596 ], [ -86.75870999118824, 21.133437633538037 ], [ -86.758525478181156, 21.133537229695609 ], [ -86.758341288638505, 21.133437107904331 ], [ -86.758341612344182, 21.133237390155319 ], [ -86.758526125098641, 21.133137794192145 ] ] ] } },
{ "type": "Feature", "properties": { "hex_id": 2037, "tipo_actual": "verde_inundable" }, "geometry": { "type": "Polygon", "coordinates": [ [ [ -86.75852515471675, 21.13373694744028 ], [ -86.758709344753285, 21.133837069032808 ], [ -86.758709021530137, 21.13403678677312 ], [ -86.758524507776571, 21.134136382915468 ], [ -86.758340317498764, 21.134036261123114 ], [ -86.758340641215796, 21.133836543388231 ], [ -86.75852515471675, 21.13373694744028 ] ] ] } },
{ "type": "Feature", "properties": { "hex_id": 2038, "tipo_actual": "verde_inundable" }, "geometry": { "type": "Polygon", "coordinates": [ [ [ -86.758524184300811, 21.134336100646006 ], [ -86.758708375072516, 21.134436222239614 ], [ -86.758708051838013, 21.134635939965797 ], [ -86.758523537337936, 21.134735536092943 ], [ -86.758339346324945, 21.134635414299499 ], [ -86.758339670053346, 21.134435696578748 ], [ -86.758524184300811, 21.134336100646006 ] ] ] } },
{ "type": "Feature", "properties": { "hex_id": 2039, "tipo_actual": "verde_inundable" }, "geometry": { "type": "Polygon", "coordinates": [ [ [ -86.758523213850808, 21.134935253809346 ], [ -86.758707405357697, 21.135035375404033 ], [ -86.758707082111869, 21.135235093116076 ], [ -86.758522566865224, 21.135334689228021 ], [ -86.758338375117049, 21.135234567433489 ], [ -86.75833869885679, 21.135034849726875 ], [ -86.758523213850808, 21.134935253809346 ] ] ] } },
{ "type": "Feature", "properties": { "hex_id": 2040, "tipo_actual": "urbano" }, "geometry": { "type": "Polygon", "coordinates": [ [ [ -86.75852224336677, 21.13553440693029 ], [ -86.758706435608872, 21.135634528526051 ], [ -86.758706112351703, 21.135834246223968 ], [ -86.758521596358463, 21.135933842320689 ], [ -86.758337403875061, 21.135833720525081 ], [ -86.758337727626184, 21.135634002832589 ], [ -86.75852224336677, 21.13553440693029 ] ] ] } },
{ "type": "Feature", "properties": { "hex_id": 2041, "tipo_actual": "urbano" }, "geometry": { "type": "Polygon", "coordinates": [ [ [ -86.758521272848654, 21.13613356000883 ], [ -86.758705465826012, 21.136233681605667 ], [ -86.758705142557503, 21.136433399289448 ], [ -86.758520625817667, 21.136532995370963 ], [ -86.758336432599009, 21.136432873574268 ], [ -86.758336756361487, 21.136233155895912 ], [ -86.758521272848654, 21.13613356000883 ] ] ] } },
{ "type": "Feature", "properties": { "hex_id": 2063, "tipo_actual": "urbano" }, "geometry": { "type": "Polygon", "coordinates": [ [ [ -86.758345172856721, 21.131040494605266 ], [ -86.758529359459033, 21.131140616392198 ], [ -86.758529036040017, 21.131340334193389 ], [ -86.758344525524876, 21.131439930202209 ], [ -86.758160338681321, 21.131339808215479 ], [ -86.75816066259415, 21.131140090419724 ], [ -86.758345172856721, 21.131040494605266 ] ] ] } },
{ "type": "Feature", "properties": { "hex_id": 2064, "tipo_actual": "urbano" }, "geometry": { "type": "Polygon", "coordinates": [ [ [ -86.758344201853262, 21.131639647993619 ], [ -86.758528389190644, 21.131739769781642 ], [ -86.758528065760274, 21.131939487568697 ], [ -86.758343554498708, 21.132039083562308 ], [ -86.758159366920125, 21.131938961574477 ], [ -86.758159690844309, 21.131739243792858 ], [ -86.758344201853262, 21.131639647993619 ] ] ] } },
{ "type": "Feature", "properties": { "hex_id": 2065, "tipo_actual": "urbano" }, "geometry": { "type": "Polygon", "coordinates": [ [ [ -86.758343230815768, 21.132238801339586 ], [ -86.758527418888193, 21.132338923128689 ], [ -86.758527095446482, 21.132538640901618 ], [ -86.758342583438491, 21.132638236880009 ], [ -86.758158395124809, 21.132538114891094 ], [ -86.758158719060361, 21.13233839712359 ], [ -86.758343230815768, 21.132238801339586 ] ] ] } },
{ "type": "Feature", "properties": { "hex_id": 2066, "tipo_actual": "urbano" }, "geometry": { "type": "Polygon", "coordinates": [ [ [ -86.758342259744182, 21.132837954643158 ], [ -86.758526448551706, 21.132938076433344 ], [ -86.758526125098641, 21.133137794192145 ], [ -86.758341612344182, 21.133237390155319 ], [ -86.758157423295401, 21.13313726816531 ], [ -86.758157747242322, 21.132937550411942 ], [ -86.758342259744182, 21.132837954643158 ] ] ] } },
{ "type": "Feature", "properties": { "hex_id": 2067, "tipo_actual": "verde_general" }, "geometry": { "type": "Polygon", "coordinates": [ [ [ -86.758341288638505, 21.133437107904331 ], [ -86.758525478181156, 21.133537229695609 ], [ -86.75852515471675, 21.13373694744028 ], [ -86.758340641215796, 21.133836543388231 ], [ -86.758156451431887, 21.133736421397128 ], [ -86.758156775390177, 21.133536703657903 ], [ -86.758341288638505, 21.133437107904331 ] ] ] } },
{ "type": "Feature", "properties": { "hex_id": 2068, "tipo_actual": "verde_inundable" }, "geometry": { "type": "Polygon", "coordinates": [ [ [ -86.758340317498764, 21.134036261123114 ], [ -86.758524507776571, 21.134136382915468 ], [ -86.758524184300811, 21.134336100646006 ], [ -86.758339670053346, 21.134435696578748 ], [ -86.758155479534267, 21.134335574586558 ], [ -86.758155803503925, 21.134135856861455 ], [ -86.758340317498764, 21.134036261123114 ] ] ] } },
{ "type": "Feature", "properties": { "hex_id": 2069, "tipo_actual": "verde_inundable" }, "geometry": { "type": "Polygon", "coordinates": [ [ [ -86.758339346324945, 21.134635414299499 ], [ -86.758523537337936, 21.134735536092943 ], [ -86.758523213850808, 21.134935253809346 ], [ -86.75833869885679, 21.135034849726875 ], [ -86.758154507602541, 21.13493472773359 ], [ -86.758154831583582, 21.134735010022624 ], [ -86.758339346324945, 21.134635414299499 ] ] ] } },
{ "type": "Feature", "properties": { "hex_id": 2070, "tipo_actual": "verde_inundable" }, "geometry": { "type": "Polygon", "coordinates": [ [ [ -86.758338375117049, 21.135234567433489 ], [ -86.758522566865224, 21.135334689228021 ], [ -86.75852224336677, 21.13553440693029 ], [ -86.758337727626184, 21.135634002832589 ], [ -86.758153535636708, 21.135533880838221 ], [ -86.758153859629118, 21.13533416314139 ], [ -86.758338375117049, 21.135234567433489 ] ] ] } },
{ "type": "Feature", "properties": { "hex_id": 2071, "tipo_actual": "urbano" }, "geometry": { "type": "Polygon", "coordinates": [ [ [ -86.758337403875061, 21.135833720525081 ], [ -86.758521596358463, 21.135933842320689 ], [ -86.758521272848654, 21.13613356000883 ], [ -86.758336756361487, 21.136233155895912 ], [ -86.758152563636784, 21.136133033900453 ], [ -86.758152887640549, 21.135933316217756 ], [ -86.758337403875061, 21.135833720525081 ] ] ] } },
{ "type": "Feature", "properties": { "hex_id": 2094, "tipo_actual": "urbano" }, "geometry": { "type": "Polygon", "coordinates": [ [ [ -86.75816131040844, 21.13074065481408 ], [ -86.758345496516952, 21.130840776799726 ], [ -86.758345172856721, 21.131040494605266 ], [ -86.75816066259415, 21.131140090419724 ], [ -86.757976476244423, 21.131039968234276 ], [ -86.757976800398467, 21.130840250434179 ], [ -86.75816131040844, 21.13074065481408 ] ] ] } },
{ "type": "Feature", "properties": { "hex_id": 2095, "tipo_actual": "urbano" }, "geometry": { "type": "Polygon", "coordinates": [ [ [ -86.758160338681321, 21.131339808215479 ], [ -86.758344525524876, 21.131439930202209 ], [ -86.758344201853262, 21.131639647993619 ], [ -86.758159690844309, 21.131739243792858 ], [ -86.757975503759539, 21.131639121606309 ], [ -86.757975827924966, 21.131439403820341 ], [ -86.758160338681321, 21.131339808215479 ] ] ] } },
{ "type": "Feature", "properties": { "hex_id": 2096, "tipo_actual": "urbano" }, "geometry": { "type": "Polygon", "coordinates": [ [ [ -86.758159366920125, 21.131938961574477 ], [ -86.758343554498708, 21.132039083562308 ], [ -86.758343230815768, 21.132238801339586 ], [ -86.758158719060361, 21.13233839712359 ], [ -86.757974531240535, 21.132238274935958 ], [ -86.757974855417331, 21.132038557164119 ], [ -86.758159366920125, 21.131938961574477 ] ] ] } },
{ "type": "Feature", "properties": { "hex_id": 2097, "tipo_actual": "urbano" }, "geometry": { "type": "Polygon", "coordinates": [ [ [ -86.758158395124809, 21.132538114891094 ], [ -86.758342583438491, 21.132638236880009 ], [ -86.758342259744182, 21.132837954643158 ], [ -86.758157747242322, 21.132937550411942 ], [ -86.757973558687411, 21.132837428223208 ], [ -86.757973882875575, 21.132637710465502 ], [ -86.758158395124809, 21.132538114891094 ] ] ] } },
{ "type": "Feature", "properties": { "hex_id": 2098, "tipo_actual": "urbano" }, "geometry": { "type": "Polygon", "coordinates": [ [ [ -86.758157423295401, 21.13313726816531 ], [ -86.758341612344182, 21.133237390155319 ], [ -86.758341288638505, 21.133437107904331 ], [ -86.758156775390177, 21.133536703657903 ], [ -86.757972586100138, 21.133436581468064 ], [ -86.757972910299685, 21.133236863724498 ], [ -86.758157423295401, 21.13313726816531 ] ] ] } },
{ "type": "Feature", "properties": { "hex_id": 2099, "tipo_actual": "verde_inundable" }, "geometry": { "type": "Polygon", "coordinates": [ [ [ -86.758156451431887, 21.133736421397128 ], [ -86.758340641215796, 21.133836543388231 ], [ -86.758340317498764, 21.134036261123114 ], [ -86.758155803503925, 21.134135856861455 ], [ -86.757971613478745, 21.134035734670526 ], [ -86.757971937689675, 21.133836016941082 ], [ -86.758156451431887, 21.133736421397128 ] ] ] } },
{ "type": "Feature", "properties": { "hex_id": 2100, "tipo_actual": "urbano" }, "geometry": { "type": "Polygon", "coordinates": [ [ [ -86.758155479534267, 21.134335574586558 ], [ -86.758339670053346, 21.134435696578748 ], [ -86.758339346324945, 21.134635414299499 ], [ -86.758154831583582, 21.134735010022624 ], [ -86.757970640823231, 21.13463488783059 ], [ -86.75797096504553, 21.134435170115282 ], [ -86.758155479534267, 21.134335574586558 ] ] ] } },
{ "type": "Feature", "properties": { "hex_id": 2101, "tipo_actual": "verde_inundable" }, "geometry": { "type": "Polygon", "coordinates": [ [ [ -86.758154507602541, 21.13493472773359 ], [ -86.75833869885679, 21.135034849726875 ], [ -86.758338375117049, 21.135234567433489 ], [ -86.758153859629118, 21.13533416314139 ], [ -86.757969668133583, 21.135234040948259 ], [ -86.757969992367251, 21.135034323247076 ], [ -86.758154507602541, 21.13493472773359 ] ] ] } },
{ "type": "Feature", "properties": { "hex_id": 2102, "tipo_actual": "urbano" }, "geometry": { "type": "Polygon", "coordinates": [ [ [ -86.758153535636708, 21.135533880838221 ], [ -86.758337727626184, 21.135634002832589 ], [ -86.758337403875061, 21.135833720525081 ], [ -86.758152887640549, 21.135933316217756 ], [ -86.757968695409801, 21.135833194023526 ], [ -86.757969019654851, 21.135633476336483 ], [ -86.758153535636708, 21.135533880838221 ] ] ] } },
{ "type": "Feature", "properties": { "hex_id": 2103, "tipo_actual": "urbano" }, "geometry": { "type": "Polygon", "coordinates": [ [ [ -86.758152563636784, 21.136133033900453 ], [ -86.758336756361487, 21.136233155895912 ], [ -86.758336432599009, 21.136432873574268 ], [ -86.758151915617887, 21.136532469251716 ], [ -86.757967722651884, 21.136432347056392 ], [ -86.757968046908317, 21.136232629383485 ], [ -86.758152563636784, 21.136133033900453 ] ] ] } },
{ "type": "Feature", "properties": { "hex_id": 2125, "tipo_actual": "urbano" }, "geometry": { "type": "Polygon", "coordinates": [ [ [ -86.757976476244423, 21.131039968234276 ], [ -86.75816066259415, 21.131140090419724 ], [ -86.758160338681321, 21.131339808215479 ], [ -86.757975827924966, 21.131439403820341 ], [ -86.757791641334009, 21.131339281435089 ], [ -86.757791965740637, 21.13113956364478 ], [ -86.757976476244423, 21.131039968234276 ] ] ] } },
{ "type": "Feature", "properties": { "hex_id": 2126, "tipo_actual": "urbano" }, "geometry": { "type": "Polygon", "coordinates": [ [ [ -86.757975503759539, 21.131639121606309 ], [ -86.758159690844309, 21.131739243792858 ], [ -86.758159366920125, 21.131938961574477 ], [ -86.757974855417331, 21.132038557164119 ], [ -86.757790668091332, 21.131938434777762 ], [ -86.757790992509356, 21.131738717001586 ], [ -86.757975503759539, 21.131639121606309 ] ] ] } },
{ "type": "Feature", "properties": { "hex_id": 2127, "tipo_actual": "urbano" }, "geometry": { "type": "Polygon", "coordinates": [ [ [ -86.757974531240535, 21.132238274935958 ], [ -86.758158719060361, 21.13233839712359 ], [ -86.758158395124809, 21.132538114891094 ], [ -86.757973882875575, 21.132637710465502 ], [ -86.757789694814505, 21.132537588078044 ], [ -86.757790019243913, 21.13233787031599 ], [ -86.757974531240535, 21.132238274935958 ] ] ] } },
{ "type": "Feature", "properties": { "hex_id": 2128, "tipo_actual": "urbano" }, "geometry": { "type": "Polygon", "coordinates": [ [ [ -86.757973558687411, 21.132837428223208 ], [ -86.758157747242322, 21.132937550411942 ], [ -86.758157423295401, 21.13313726816531 ], [ -86.757972910299685, 21.133236863724498 ], [ -86.75778872150353, 21.133136741335928 ], [ -86.757789045944321, 21.132937023588006 ], [ -86.757973558687411, 21.132837428223208 ] ] ] } },
{ "type": "Feature", "properties": { "hex_id": 2129, "tipo_actual": "verde_inundable" }, "geometry": { "type": "Polygon", "coordinates": [ [ [ -86.757972586100138, 21.133436581468064 ], [ -86.758156775390177, 21.133536703657903 ], [ -86.758156451431887, 21.133736421397128 ], [ -86.757971937689675, 21.133836016941082 ], [ -86.757787748158393, 21.133735894551414 ], [ -86.757788072610566, 21.133536176817628 ], [ -86.757972586100138, 21.133436581468064 ] ] ] } },
{ "type": "Feature", "properties": { "hex_id": 2130, "tipo_actual": "verde_inundable" }, "geometry": { "type": "Polygon", "coordinates": [ [ [ -86.757971613478745, 21.134035734670526 ], [ -86.758155803503925, 21.134135856861455 ], [ -86.758155479534267, 21.134335574586558 ], [ -86.75797096504553, 21.134435170115282 ], [ -86.757786774779092, 21.134335047724509 ], [ -86.757787099242663, 21.134135330004856 ], [ -86.757971613478745, 21.134035734670526 ] ] ] } },
{ "type": "Feature", "properties": { "hex_id": 2131, "tipo_actual": "urbano" }, "geometry": { "type": "Polygon", "coordinates": [ [ [ -86.757970640823231, 21.13463488783059 ], [ -86.758154831583582, 21.134735010022624 ], [ -86.758154507602541, 21.13493472773359 ], [ -86.757969992367251, 21.135034323247076 ], [ -86.757785801365642, 21.134934200855206 ], [ -86.757786125840582, 21.134734483149686 ], [ -86.757970640823231, 21.13463488783059 ] ] ] } },
{ "type": "Feature", "properties": { "hex_id": 2132, "tipo_actual": "urbano" }, "geometry": { "type": "Polygon", "coordinates": [ [ [ -86.757969668133583, 21.135234040948259 ], [ -86.758153859629118, 21.13533416314139 ], [ -86.758153535636708, 21.135533880838221 ], [ -86.757969019654851, 21.135633476336483 ], [ -86.757784827918044, 21.135533353943504 ], [ -86.757785152404381, 21.135333636252117 ], [ -86.757969668133583, 21.135234040948259 ] ] ] } },
{ "type": "Feature", "properties": { "hex_id": 2133, "tipo_actual": "urbano" }, "geometry": { "type": "Polygon", "coordinates": [ [ [ -86.757968695409801, 21.135833194023526 ], [ -86.758152887640549, 21.135933316217756 ], [ -86.758152563636784, 21.136133033900453 ], [ -86.757968046908317, 21.136232629383485 ], [ -86.757783854436283, 21.136132506989405 ], [ -86.757784178934003, 21.135932789312147 ], [ -86.757968695409801, 21.135833194023526 ] ] ] } },
{ "type": "Feature", "properties": { "hex_id": 2156, "tipo_actual": "verde_inundable" }, "geometry": { "type": "Polygon", "coordinates": [ [ [ -86.757792614542538, 21.130740128050029 ], [ -86.757976800398467, 21.130840250434179 ], [ -86.757976476244423, 21.131039968234276 ], [ -86.757791965740637, 21.13113956364478 ], [ -86.757607779643507, 21.131039441060825 ], [ -86.75760810429135, 21.130839723266174 ], [ -86.757792614542538, 21.130740128050029 ] ] ] } },
{ "type": "Feature", "properties": { "hex_id": 2157, "tipo_actual": "urbano" }, "geometry": { "type": "Polygon", "coordinates": [ [ [ -86.757791641334009, 21.131339281435089 ], [ -86.757975827924966, 21.131439403820341 ], [ -86.757975503759539, 21.131639121606309 ], [ -86.757790992509356, 21.131738717001586 ], [ -86.757606805677185, 21.131638594416515 ], [ -86.757607130336424, 21.131438876635997 ], [ -86.757791641334009, 21.131339281435089 ] ] ] } },
{ "type": "Feature", "properties": { "hex_id": 2158, "tipo_actual": "urbano" }, "geometry": { "type": "Polygon", "coordinates": [ [ [ -86.757790668091332, 21.131938434777762 ], [ -86.757974855417331, 21.132038557164119 ], [ -86.757974531240535, 21.132238274935958 ], [ -86.757790019243913, 21.13233787031599 ], [ -86.757605831676685, 21.132237747729818 ], [ -86.757606156347308, 21.132038029963425 ], [ -86.757790668091332, 21.131938434777762 ] ] ] } },
{ "type": "Feature", "properties": { "hex_id": 2159, "tipo_actual": "urbano" }, "geometry": { "type": "Polygon", "coordinates": [ [ [ -86.757789694814505, 21.132537588078044 ], [ -86.757973882875575, 21.132637710465502 ], [ -86.757973558687411, 21.132837428223208 ], [ -86.757789045944321, 21.132937023588006 ], [ -86.757604857642022, 21.132836901000722 ], [ -86.757605182324028, 21.132637183248466 ], [ -86.757789694814505, 21.132537588078044 ] ] ] } },
{ "type": "Feature", "properties": { "hex_id": 2160, "tipo_actual": "urbano" }, "geometry": { "type": "Polygon", "coordinates": [ [ [ -86.75778872150353, 21.133136741335928 ], [ -86.757972910299685, 21.133236863724498 ], [ -86.757972586100138, 21.133436581468064 ], [ -86.757788072610566, 21.133536176817628 ], [ -86.757603883573154, 21.133436054229236 ], [ -86.757604208266571, 21.133236336491105 ], [ -86.75778872150353, 21.133136741335928 ] ] ] } },
{ "type": "Feature", "properties": { "hex_id": 2161, "tipo_actual": "verde_inundable" }, "geometry": { "type": "Polygon", "coordinates": [ [ [ -86.757787748158393, 21.133735894551414 ], [ -86.757971937689675, 21.133836016941082 ], [ -86.757971613478745, 21.134035734670526 ], [ -86.757787099242663, 21.134135330004856 ], [ -86.757602909470108, 21.134035207415344 ], [ -86.757603234174923, 21.133835489691354 ], [ -86.757787748158393, 21.133735894551414 ] ] ] } },
{ "type": "Feature", "properties": { "hex_id": 2162, "tipo_actual": "urbano" }, "geometry": { "type": "Polygon", "coordinates": [ [ [ -86.757786774779092, 21.134335047724509 ], [ -86.75797096504553, 21.134435170115282 ], [ -86.757970640823231, 21.13463488783059 ], [ -86.757786125840582, 21.134734483149686 ], [ -86.757601935332886, 21.134634360559065 ], [ -86.757602260049097, 21.134434642849207 ], [ -86.757786774779092, 21.134335047724509 ] ] ] } },
{ "type": "Feature", "properties": { "hex_id": 2163, "tipo_actual": "verde_inundable" }, "geometry": { "type": "Polygon", "coordinates": [ [ [ -86.757785801365642, 21.134934200855206 ], [ -86.757969992367251, 21.135034323247076 ], [ -86.757969668133583, 21.135234040948259 ], [ -86.757785152404381, 21.135333636252117 ], [ -86.757600961161501, 21.135233513660388 ], [ -86.757601285889095, 21.135033795964663 ], [ -86.757785801365642, 21.134934200855206 ] ] ] } },
{ "type": "Feature", "properties": { "hex_id": 2164, "tipo_actual": "urbano" }, "geometry": { "type": "Polygon", "coordinates": [ [ [ -86.757784827918044, 21.135533353943504 ], [ -86.757969019654851, 21.135633476336483 ], [ -86.757968695409801, 21.135833194023526 ], [ -86.757784178934003, 21.135932789312147 ], [ -86.75759998695591, 21.135832666719313 ], [ -86.757600311694901, 21.135632949037717 ], [ -86.757784827918044, 21.135533353943504 ] ] ] } },
{ "type": "Feature", "properties": { "hex_id": 2165, "tipo_actual": "urbano" }, "geometry": { "type": "Polygon", "coordinates": [ [ [ -86.757783854436283, 21.136132506989405 ], [ -86.757968046908317, 21.136232629383485 ], [ -86.757967722651884, 21.136432347056392 ], [ -86.757783205429448, 21.136531942329778 ], [ -86.757599012716128, 21.13643181973584 ], [ -86.75759933746653, 21.136232102068373 ], [ -86.757783854436283, 21.136132506989405 ] ] ] } },
{ "type": "Feature", "properties": { "hex_id": 2187, "tipo_actual": "urbano" }, "geometry": { "type": "Polygon", "coordinates": [ [ [ -86.757607779643507, 21.131039441060825 ], [ -86.757791965740637, 21.13113956364478 ], [ -86.757791641334009, 21.131339281435089 ], [ -86.757607130336424, 21.131438876635997 ], [ -86.75742294399808, 21.13133875385223 ], [ -86.757423268898521, 21.131139036067367 ], [ -86.757607779643507, 21.131039441060825 ] ] ] } },
{ "type": "Feature", "properties": { "hex_id": 2188, "tipo_actual": "urbano" }, "geometry": { "type": "Polygon", "coordinates": [ [ [ -86.757606805677185, 21.131638594416515 ], [ -86.757790992509356, 21.131738717001586 ], [ -86.757790668091332, 21.131938434777762 ], [ -86.757606156347308, 21.132038029963425 ], [ -86.757421969273935, 21.131937907178536 ], [ -86.757422294185787, 21.13173818940782 ], [ -86.757606805677185, 21.131638594416515 ] ] ] } },
{ "type": "Feature", "properties": { "hex_id": 2189, "tipo_actual": "urbano" }, "geometry": { "type": "Polygon", "coordinates": [ [ [ -86.757605831676685, 21.132237747729818 ], [ -86.757790019243913, 21.13233787031599 ], [ -86.757789694814505, 21.132537588078044 ], [ -86.757605182324028, 21.132637183248466 ], [ -86.757420994515584, 21.132537060462464 ], [ -86.757421319438834, 21.132337342705867 ], [ -86.757605831676685, 21.132237747729818 ] ] ] } },
{ "type": "Feature", "properties": { "hex_id": 2190, "tipo_actual": "urbano" }, "geometry": { "type": "Polygon", "coordinates": [ [ [ -86.757604857642022, 21.132836901000722 ], [ -86.757789045944321, 21.132937023588006 ], [ -86.75778872150353, 21.133136741335928 ], [ -86.757604208266571, 21.133236336491105 ], [ -86.757420019723043, 21.133136213703995 ], [ -86.757420344657689, 21.132936495961523 ], [ -86.757604857642022, 21.132836901000722 ] ] ] } },
{ "type": "Feature", "properties": { "hex_id": 2191, "tipo_actual": "urbano" }, "geometry": { "type": "Polygon", "coordinates": [ [ [ -86.757603883573154, 21.133436054229236 ], [ -86.757788072610566, 21.133536176817628 ], [ -86.757787748158393, 21.133735894551414 ], [ -86.757603234174923, 21.133835489691354 ], [ -86.757419044896267, 21.133735366903128 ], [ -86.757419369842339, 21.133535649174785 ], [ -86.757603883573154, 21.133436054229236 ] ] ] } },
{ "type": "Feature", "properties": { "hex_id": 2192, "tipo_actual": "urbano" }, "geometry": { "type": "Polygon", "coordinates": [ [ [ -86.757602909470108, 21.134035207415344 ], [ -86.757787099242663, 21.134135330004856 ], [ -86.757786774779092, 21.134335047724509 ], [ -86.757602260049097, 21.134434642849207 ], [ -86.757418070035314, 21.134334520059859 ], [ -86.757418394992769, 21.13413480234566 ], [ -86.757602909470108, 21.134035207415344 ] ] ] } },
{ "type": "Feature", "properties": { "hex_id": 2193, "tipo_actual": "urbano" }, "geometry": { "type": "Polygon", "coordinates": [ [ [ -86.757601935332886, 21.134634360559065 ], [ -86.757786125840582, 21.134734483149686 ], [ -86.757785801365642, 21.134934200855206 ], [ -86.757601285889095, 21.135033795964663 ], [ -86.757417095140141, 21.134933673174199 ], [ -86.757417420108993, 21.134733955474136 ], [ -86.757601935332886, 21.134634360559065 ] ] ] } },
{ "type": "Feature", "properties": { "hex_id": 2194, "tipo_actual": "urbano" }, "geometry": { "type": "Polygon", "coordinates": [ [ [ -86.757600961161501, 21.135233513660388 ], [ -86.757785152404381, 21.135333636252117 ], [ -86.757784827918044, 21.135533353943504 ], [ -86.757600311694901, 21.135632949037717 ], [ -86.757416120210749, 21.135532826246141 ], [ -86.757416445191012, 21.135333108560207 ], [ -86.757600961161501, 21.135233513660388 ] ] ] } },
{ "type": "Feature", "properties": { "hex_id": 2195, "tipo_actual": "urbano" }, "geometry": { "type": "Polygon", "coordinates": [ [ [ -86.75759998695591, 21.135832666719313 ], [ -86.757784178934003, 21.135932789312147 ], [ -86.757783854436283, 21.136132506989405 ], [ -86.75759933746653, 21.136232102068373 ], [ -86.757415145247165, 21.136131979275685 ], [ -86.757415470238826, 21.135932261603877 ], [ -86.75759998695591, 21.135832666719313 ] ] ] } },
{ "type": "Feature", "properties": { "hex_id": 2196, "tipo_actual": "urbano" }, "geometry": { "type": "Polygon", "coordinates": [ [ [ -86.757599012716128, 21.13643181973584 ], [ -86.757783205429448, 21.136531942329778 ], [ -86.75778288092036, 21.136731659992908 ], [ -86.757598363203968, 21.136831255056634 ], [ -86.757414170249362, 21.13673113226282 ], [ -86.757414495252434, 21.136531414605148 ], [ -86.757599012716128, 21.13643181973584 ] ] ] } },
{ "type": "Feature", "properties": { "hex_id": 2219, "tipo_actual": "urbano" }, "geometry": { "type": "Polygon", "coordinates": [ [ [ -86.75742294399808, 21.13133875385223 ], [ -86.757607130336424, 21.131438876635997 ], [ -86.757606805677185, 21.131638594416515 ], [ -86.757422294185787, 21.13173818940782 ], [ -86.757238107606227, 21.13163806642423 ], [ -86.75723843275928, 21.131438348649169 ], [ -86.75742294399808, 21.13133875385223 ] ] ] } },
{ "type": "Feature", "properties": { "hex_id": 2220, "tipo_actual": "urbano" }, "geometry": { "type": "Polygon", "coordinates": [ [ [ -86.757421969273935, 21.131937907178536 ], [ -86.757606156347308, 21.132038029963425 ], [ -86.757605831676685, 21.132237747729818 ], [ -86.757421319438834, 21.132337342705867 ], [ -86.757237132124231, 21.132237219721162 ], [ -86.75723745728871, 21.132037501960227 ], [ -86.757421969273935, 21.131937907178536 ] ] ] } },
{ "type": "Feature", "properties": { "hex_id": 2221, "tipo_actual": "urbano" }, "geometry": { "type": "Polygon", "coordinates": [ [ [ -86.757420994515584, 21.132537060462464 ], [ -86.757605182324028, 21.132637183248466 ], [ -86.757604857642022, 21.132836901000722 ], [ -86.757420344657689, 21.132936495961523 ], [ -86.757236156608016, 21.132836372975696 ], [ -86.757236481783892, 21.132636655228897 ], [ -86.757420994515584, 21.132537060462464 ] ] ] } },
{ "type": "Feature", "properties": { "hex_id": 2222, "tipo_actual": "urbano" }, "geometry": { "type": "Polygon", "coordinates": [ [ [ -86.757420019723043, 21.133136213703995 ], [ -86.757604208266571, 21.133236336491105 ], [ -86.757603883573154, 21.133436054229236 ], [ -86.757419369842339, 21.133535649174785 ], [ -86.757235181057553, 21.133435526187839 ], [ -86.757235506244854, 21.133235808455172 ], [ -86.757420019723043, 21.133136213703995 ] ] ] } },
{ "type": "Feature", "properties": { "hex_id": 2223, "tipo_actual": "urbano" }, "geometry": { "type": "Polygon", "coordinates": [ [ [ -86.757419044896267, 21.133735366903128 ], [ -86.757603234174923, 21.133835489691354 ], [ -86.757602909470108, 21.134035207415344 ], [ -86.757418394992769, 21.13413480234566 ], [ -86.757234205472869, 21.134034679357583 ], [ -86.757234530671568, 21.13383496163905 ], [ -86.757419044896267, 21.133735366903128 ] ] ] } },
{ "type": "Feature", "properties": { "hex_id": 2224, "tipo_actual": "urbano" }, "geometry": { "type": "Polygon", "coordinates": [ [ [ -86.757418070035314, 21.134334520059859 ], [ -86.757602260049097, 21.134434642849207 ], [ -86.757601935332886, 21.134634360559065 ], [ -86.757417420108993, 21.134733955474136 ], [ -86.757233229853952, 21.134633832484933 ], [ -86.757233555064062, 21.134434114780532 ], [ -86.757418070035314, 21.134334520059859 ] ] ] } },
{ "type": "Feature", "properties": { "hex_id": 2225, "tipo_actual": "urbano" }, "geometry": { "type": "Polygon", "coordinates": [ [ [ -86.757417095140141, 21.134933673174199 ], [ -86.757601285889095, 21.135033795964663 ], [ -86.757600961161501, 21.135233513660388 ], [ -86.757416445191012, 21.135333108560207 ], [ -86.757232254200801, 21.135232985569885 ], [ -86.757232579422308, 21.135033267879617 ], [ -86.757417095140141, 21.134933673174199 ] ] ] } },
{ "type": "Feature", "properties": { "hex_id": 2226, "tipo_actual": "urbano" }, "geometry": { "type": "Polygon", "coordinates": [ [ [ -86.757416120210749, 21.135532826246141 ], [ -86.757600311694901, 21.135632949037717 ], [ -86.75759998695591, 21.135832666719313 ], [ -86.757415470238826, 21.135932261603877 ], [ -86.757231278513402, 21.135832138612436 ], [ -86.757231603746334, 21.1356324209363 ], [ -86.757416120210749, 21.135532826246141 ] ] ] } },
{ "type": "Feature", "properties": { "hex_id": 2227, "tipo_actual": "urbano" }, "geometry": { "type": "Polygon", "coordinates": [ [ [ -86.757415145247165, 21.136131979275685 ], [ -86.75759933746653, 21.136232102068373 ], [ -86.757599012716128, 21.13643181973584 ], [ -86.757414495252434, 21.136531414605148 ], [ -86.757230302791783, 21.136431291612592 ], [ -86.757230628036126, 21.136231573950582 ], [ -86.757415145247165, 21.136131979275685 ] ] ] } },
{ "type": "Feature", "properties": { "hex_id": 2250, "tipo_actual": "urbano" }, "geometry": { "type": "Polygon", "coordinates": [ [ [ -86.757238107606227, 21.13163806642423 ], [ -86.757422294185787, 21.13173818940782 ], [ -86.757421969273935, 21.131937907178536 ], [ -86.75723745728871, 21.132037501960227 ], [ -86.757053270467935, 21.131937378776819 ], [ -86.757053595873614, 21.131737661011552 ], [ -86.757238107606227, 21.13163806642423 ] ] ] } },
{ "type": "Feature", "properties": { "hex_id": 2251, "tipo_actual": "urbano" }, "geometry": { "type": "Polygon", "coordinates": [ [ [ -86.757237132124231, 21.132237219721162 ], [ -86.757421319438834, 21.132337342705867 ], [ -86.757420994515584, 21.132537060462464 ], [ -86.757236481783892, 21.132636655228897 ], [ -86.757052294228075, 21.132536532044362 ], [ -86.757052619645165, 21.132336814293225 ], [ -86.757237132124231, 21.132237219721162 ] ] ] } },
{ "type": "Feature", "properties": { "hex_id": 2252, "tipo_actual": "urbano" }, "geometry": { "type": "Polygon", "coordinates": [ [ [ -86.757236156608016, 21.132836372975696 ], [ -86.757420344657689, 21.132936495961523 ], [ -86.757420019723043, 21.133136213703995 ], [ -86.757235506244854, 21.133235808455172 ], [ -86.757051317953952, 21.133135685269508 ], [ -86.757051643382468, 21.132935967532507 ], [ -86.757236156608016, 21.132836372975696 ] ] ] } },
{ "type": "Feature", "properties": { "hex_id": 2253, "tipo_actual": "urbano" }, "geometry": { "type": "Polygon", "coordinates": [ [ [ -86.757235181057553, 21.133435526187839 ], [ -86.757419369842339, 21.133535649174785 ], [ -86.757419044896267, 21.133735366903128 ], [ -86.757234530671568, 21.13383496163905 ], [ -86.757050341645567, 21.133734838452259 ], [ -86.757050667085508, 21.133535120729384 ], [ -86.757235181057553, 21.133435526187839 ] ] ] } },
{ "type": "Feature", "properties": { "hex_id": 2254, "tipo_actual": "urbano" }, "geometry": { "type": "Polygon", "coordinates": [ [ [ -86.757234205472869, 21.134034679357583 ], [ -86.757418394992769, 21.13413480234566 ], [ -86.757418070035314, 21.134334520059859 ], [ -86.757233555064062, 21.134434114780532 ], [ -86.757049365302919, 21.134333991592612 ], [ -86.757049690754286, 21.134134273883866 ], [ -86.757234205472869, 21.134034679357583 ] ] ] } },
{ "type": "Feature", "properties": { "hex_id": 2255, "tipo_actual": "urbano" }, "geometry": { "type": "Polygon", "coordinates": [ [ [ -86.757233229853952, 21.134633832484933 ], [ -86.757417420108993, 21.134733955474136 ], [ -86.757417095140141, 21.134933673174199 ], [ -86.757232579422308, 21.135033267879617 ], [ -86.757048388926023, 21.134933144690567 ], [ -86.757048714388802, 21.134733426995961 ], [ -86.757233229853952, 21.134633832484933 ] ] ] } },
{ "type": "Feature", "properties": { "hex_id": 2256, "tipo_actual": "urbano" }, "geometry": { "type": "Polygon", "coordinates": [ [ [ -86.757232254200801, 21.135232985569885 ], [ -86.757416445191012, 21.135333108560207 ], [ -86.757416120210749, 21.135532826246141 ], [ -86.757231603746334, 21.1356324209363 ], [ -86.757047412514865, 21.135532297746124 ], [ -86.757047737989069, 21.135332580065654 ], [ -86.757232254200801, 21.135232985569885 ] ] ] } },
{ "type": "Feature", "properties": { "hex_id": 2257, "tipo_actual": "urbano" }, "geometry": { "type": "Polygon", "coordinates": [ [ [ -86.757231278513402, 21.135832138612436 ], [ -86.757415470238826, 21.135932261603877 ], [ -86.757415145247165, 21.136131979275685 ], [ -86.757230628036126, 21.136231573950582 ], [ -86.757046436069444, 21.136131450759283 ], [ -86.75704676155506, 21.135931733092946 ], [ -86.757231278513402, 21.135832138612436 ] ] ] } },
{ "type": "Feature", "properties": { "hex_id": 2258, "tipo_actual": "urbano" }, "geometry": { "type": "Polygon", "coordinates": [ [ [ -86.757230302791783, 21.136431291612592 ], [ -86.757414495252434, 21.136531414605148 ], [ -86.757414170249362, 21.13673113226282 ], [ -86.757229652291684, 21.136830726922472 ], [ -86.757045459589762, 21.136730603730044 ], [ -86.757045785086802, 21.136530886077832 ], [ -86.757230302791783, 21.136431291612592 ] ] ] } },
{ "type": "Feature", "properties": { "hex_id": 2282, "tipo_actual": "urbano" }, "geometry": { "type": "Polygon", "coordinates": [ [ [ -86.757053270467935, 21.131937378776819 ], [ -86.75723745728871, 21.132037501960227 ], [ -86.757237132124231, 21.132237219721162 ], [ -86.757052619645165, 21.132336814293225 ], [ -86.75686843258319, 21.132236690909995 ], [ -86.756868758241495, 21.132036973154523 ], [ -86.757053270467935, 21.131937378776819 ] ] ] } },
{ "type": "Feature", "properties": { "hex_id": 2283, "tipo_actual": "urbano" }, "geometry": { "type": "Polygon", "coordinates": [ [ [ -86.757052294228075, 21.132536532044362 ], [ -86.757236481783892, 21.132636655228897 ], [ -86.757236156608016, 21.132836372975696 ], [ -86.757051643382468, 21.132935967532507 ], [ -86.756867455585422, 21.132835844148133 ], [ -86.756867781255153, 21.132636126406805 ], [ -86.757052294228075, 21.132536532044362 ] ] ] } },
{ "type": "Feature", "properties": { "hex_id": 2284, "tipo_actual": "urbano" }, "geometry": { "type": "Polygon", "coordinates": [ [ [ -86.757051317953952, 21.133135685269508 ], [ -86.757235506244854, 21.133235808455172 ], [ -86.757235181057553, 21.133435526187839 ], [ -86.757050667085508, 21.133535120729384 ], [ -86.756866478553377, 21.13343499734388 ], [ -86.756866804234534, 21.133235279616677 ], [ -86.757051317953952, 21.133135685269508 ] ] ] } },
{ "type": "Feature", "properties": { "hex_id": 2285, "tipo_actual": "urbano" }, "geometry": { "type": "Polygon", "coordinates": [ [ [ -86.757050341645567, 21.133734838452259 ], [ -86.757234530671568, 21.13383496163905 ], [ -86.757234205472869, 21.134034679357583 ], [ -86.757049690754286, 21.134134273883866 ], [ -86.756865501487042, 21.134034150497236 ], [ -86.756865827179638, 21.133834432784159 ], [ -86.757050341645567, 21.133734838452259 ] ] ] } },
{ "type": "Feature", "properties": { "hex_id": 2286, "tipo_actual": "urbano" }, "geometry": { "type": "Polygon", "coordinates": [ [ [ -86.757049365302919, 21.134333991592612 ], [ -86.757233555064062, 21.134434114780532 ], [ -86.757233229853952, 21.134633832484933 ], [ -86.757048714388802, 21.134733426995961 ], [ -86.75686452438643, 21.134633303608183 ], [ -86.756864850090437, 21.13443358590925 ], [ -86.757049365302919, 21.134333991592612 ] ] ] } },
{ "type": "Feature", "properties": { "hex_id": 2287, "tipo_actual": "urbano" }, "geometry": { "type": "Polygon", "coordinates": [ [ [ -86.757048388926023, 21.134933144690567 ], [ -86.757232579422308, 21.135033267879617 ], [ -86.757232254200801, 21.135232985569885 ], [ -86.757047737989069, 21.135332580065654 ], [ -86.756863547251513, 21.135232456676743 ], [ -86.75686387296696, 21.135032738991939 ], [ -86.757048388926023, 21.134933144690567 ] ] ] } },
{ "type": "Feature", "properties": { "hex_id": 2288, "tipo_actual": "urbano" }, "geometry": { "type": "Polygon", "coordinates": [ [ [ -86.757047412514865, 21.135532297746124 ], [ -86.757231603746334, 21.1356324209363 ], [ -86.757231278513402, 21.135832138612436 ], [ -86.75704676155506, 21.135931733092946 ], [ -86.756862570082319, 21.135831609702905 ], [ -86.756862895809206, 21.135631892032229 ], [ -86.757047412514865, 21.135532297746124 ] ] ] } },
{ "type": "Feature", "properties": { "hex_id": 2289, "tipo_actual": "urbano" }, "geometry": { "type": "Polygon", "coordinates": [ [ [ -86.757046436069444, 21.136131450759283 ], [ -86.757230628036126, 21.136231573950582 ], [ -86.757230302791783, 21.136431291612592 ], [ -86.757045785086802, 21.136530886077832 ], [ -86.756861592878849, 21.136430762686654 ], [ -86.756861918617147, 21.136231045030119 ], [ -86.757046436069444, 21.136131450759283 ] ] ] } },
{ "type": "Feature", "properties": { "hex_id": 2313, "tipo_actual": "urbano" }, "geometry": { "type": "Polygon", "coordinates": [ [ [ -86.75686843258319, 21.132236690909995 ], [ -86.757052619645165, 21.132336814293225 ], [ -86.757052294228075, 21.132536532044362 ], [ -86.756867781255153, 21.132636126406805 ], [ -86.756683593951976, 21.132536002823738 ], [ -86.756683919862908, 21.132336285078068 ], [ -86.75686843258319, 21.132236690909995 ] ] ] } },
{ "type": "Feature", "properties": { "hex_id": 2314, "tipo_actual": "urbano" }, "geometry": { "type": "Polygon", "coordinates": [ [ [ -86.756867455585422, 21.132835844148133 ], [ -86.757051643382468, 21.132935967532507 ], [ -86.757051317953952, 21.133135685269508 ], [ -86.756866804234534, 21.133235279616677 ], [ -86.756682616196287, 21.133135156032477 ], [ -86.756682942118644, 21.13293543830094 ], [ -86.756867455585422, 21.132835844148133 ] ] ] } },
{ "type": "Feature", "properties": { "hex_id": 2315, "tipo_actual": "urbano" }, "geometry": { "type": "Polygon", "coordinates": [ [ [ -86.756866478553377, 21.13343499734388 ], [ -86.757050667085508, 21.133535120729384 ], [ -86.757050341645567, 21.133734838452259 ], [ -86.756865827179638, 21.133834432784159 ], [ -86.756681638406278, 21.133734309198815 ], [ -86.756681964340089, 21.133534591481414 ], [ -86.756866478553377, 21.13343499734388 ] ] ] } },
{ "type": "Feature", "properties": { "hex_id": 2316, "tipo_actual": "urbano" }, "geometry": { "type": "Polygon", "coordinates": [ [ [ -86.756865501487042, 21.134034150497236 ], [ -86.757049690754286, 21.134134273883866 ], [ -86.757049365302919, 21.134333991592612 ], [ -86.756864850090437, 21.13443358590925 ], [ -86.756680660581964, 21.134333462322758 ], [ -86.756680986527215, 21.13413374461949 ], [ -86.756865501487042, 21.134034150497236 ] ] ] } },
{ "type": "Feature", "properties": { "hex_id": 2317, "tipo_actual": "urbano" }, "geometry": { "type": "Polygon", "coordinates": [ [ [ -86.75686452438643, 21.134633303608183 ], [ -86.757048714388802, 21.134733426995961 ], [ -86.757048388926023, 21.134933144690567 ], [ -86.75686387296696, 21.135032738991939 ], [ -86.75667968272333, 21.134932615404306 ], [ -86.756680008680021, 21.134732897715175 ], [ -86.75686452438643, 21.134633303608183 ] ] ] } },
{ "type": "Feature", "properties": { "hex_id": 2318, "tipo_actual": "urbano" }, "geometry": { "type": "Polygon", "coordinates": [ [ [ -86.756863547251513, 21.135232456676743 ], [ -86.757047737989069, 21.135332580065654 ], [ -86.757047412514865, 21.135532297746124 ], [ -86.756862895809206, 21.135631892032229 ], [ -86.756678704830406, 21.135531768443464 ], [ -86.756679030798523, 21.135332050768458 ], [ -86.756863547251513, 21.135232456676743 ] ] ] } },
{ "type": "Feature", "properties": { "hex_id": 2319, "tipo_actual": "urbano" }, "geometry": { "type": "Polygon", "coordinates": [ [ [ -86.756862570082319, 21.135831609702905 ], [ -86.75704676155506, 21.135931733092946 ], [ -86.757046436069444, 21.136131450759283 ], [ -86.756861918617147, 21.136231045030119 ], [ -86.756677726903149, 21.136130921440213 ], [ -86.756678052882719, 21.135931203779339 ], [ -86.756862570082319, 21.135831609702905 ] ] ] } },
{ "type": "Feature", "properties": { "hex_id": 2320, "tipo_actual": "urbano" }, "geometry": { "type": "Polygon", "coordinates": [ [ [ -86.756861592878849, 21.136430762686654 ], [ -86.757045785086802, 21.136530886077832 ], [ -86.757045459589762, 21.136730603730044 ], [ -86.756860941390798, 21.13683019798561 ], [ -86.756676748941587, 21.136730074394563 ], [ -86.756677074932583, 21.136530356747823 ], [ -86.756861592878849, 21.136430762686654 ] ] ] } },
{ "type": "Feature", "properties": { "hex_id": 2344, "tipo_actual": "urbano" }, "geometry": { "type": "Polygon", "coordinates": [ [ [ -86.756684571673347, 21.131936849572604 ], [ -86.756868758241495, 21.132036973154523 ], [ -86.75686843258319, 21.132236690909995 ], [ -86.756683919862908, 21.132336285078068 ], [ -86.756499733053559, 21.132236161296316 ], [ -86.756500059205706, 21.132036443546319 ], [ -86.756684571673347, 21.131936849572604 ] ] ] } },
{ "type": "Feature", "properties": { "hex_id": 2345, "tipo_actual": "verde_inundable" }, "geometry": { "type": "Polygon", "coordinates": [ [ [ -86.756683593951976, 21.132536002823738 ], [ -86.756867781255153, 21.132636126406805 ], [ -86.756867455585422, 21.132835844148133 ], [ -86.756682942118644, 21.13293543830094 ], [ -86.756498754574267, 21.132835314518037 ], [ -86.756499080737839, 21.132635596782173 ], [ -86.756683593951976, 21.132536002823738 ] ] ] } },
{ "type": "Feature", "properties": { "hex_id": 2346, "tipo_actual": "verde_inundable" }, "geometry": { "type": "Polygon", "coordinates": [ [ [ -86.756682616196287, 21.133135156032477 ], [ -86.756866804234534, 21.133235279616677 ], [ -86.756866478553377, 21.13343499734388 ], [ -86.756681964340089, 21.133534591481414 ], [ -86.756497776060627, 21.133434467697366 ], [ -86.756498102235653, 21.133234749975635 ], [ -86.756682616196287, 21.133135156032477 ] ] ] } },
{ "type": "Feature", "properties": { "hex_id": 2347, "tipo_actual": "urbano" }, "geometry": { "type": "Polygon", "coordinates": [ [ [ -86.756681638406278, 21.133734309198815 ], [ -86.756865827179638, 21.133834432784159 ], [ -86.756865501487042, 21.134034150497236 ], [ -86.756680986527215, 21.13413374461949 ], [ -86.756496797512639, 21.134033620834291 ], [ -86.75649712369912, 21.133833903126696 ], [ -86.756681638406278, 21.133734309198815 ] ] ] } },
{ "type": "Feature", "properties": { "hex_id": 2348, "tipo_actual": "urbano" }, "geometry": { "type": "Polygon", "coordinates": [ [ [ -86.756680660581964, 21.134333462322758 ], [ -86.756864850090437, 21.13443358590925 ], [ -86.75686452438643, 21.134633303608183 ], [ -86.756680008680021, 21.134732897715175 ], [ -86.756495818930318, 21.134632773928828 ], [ -86.756496145128239, 21.134433056235363 ], [ -86.756680660581964, 21.134333462322758 ] ] ] } },
{ "type": "Feature", "properties": { "hex_id": 2349, "tipo_actual": "urbano" }, "geometry": { "type": "Polygon", "coordinates": [ [ [ -86.75667968272333, 21.134932615404306 ], [ -86.75686387296696, 21.135032738991939 ], [ -86.756863547251513, 21.135232456676743 ], [ -86.756679030798523, 21.135332050768458 ], [ -86.756494840313664, 21.135231926980968 ], [ -86.756495166523038, 21.135032209301631 ], [ -86.75667968272333, 21.134932615404306 ] ] ] } },
{ "type": "Feature", "properties": { "hex_id": 2350, "tipo_actual": "urbano" }, "geometry": { "type": "Polygon", "coordinates": [ [ [ -86.756678704830406, 21.135531768443464 ], [ -86.756862895809206, 21.135631892032229 ], [ -86.756862570082319, 21.135831609702905 ], [ -86.756678052882719, 21.135931203779339 ], [ -86.756493861662662, 21.135831079990702 ], [ -86.75649418788349, 21.135631362325501 ], [ -86.756678704830406, 21.135531768443464 ] ] ] } },
{ "type": "Feature", "properties": { "hex_id": 2351, "tipo_actual": "urbano" }, "geometry": { "type": "Polygon", "coordinates": [ [ [ -86.756677726903149, 21.136130921440213 ], [ -86.756861918617147, 21.136231045030119 ], [ -86.756861592878849, 21.136430762686654 ], [ -86.756677074932583, 21.136530356747823 ], [ -86.756492882977327, 21.136430232958045 ], [ -86.756493209209594, 21.136230515306973 ], [ -86.756677726903149, 21.136130921440213 ] ] ] } },
{ "type": "Feature", "properties": { "hex_id": 2378, "tipo_actual": "urbano" }, "geometry": { "type": "Polygon", "coordinates": [ [ [ -86.756496797512639, 21.134033620834291 ], [ -86.756680986527215, 21.13413374461949 ], [ -86.756680660581964, 21.134333462322758 ], [ -86.756496145128239, 21.134433056235363 ], [ -86.756311955872448, 21.13433293225031 ], [ -86.756312282311583, 21.134133214552516 ], [ -86.756496797512639, 21.134033620834291 ] ] ] } },
{ "type": "Feature", "properties": { "hex_id": 2379, "tipo_actual": "urbano" }, "geometry": { "type": "Polygon", "coordinates": [ [ [ -86.756495818930318, 21.134632773928828 ], [ -86.756680008680021, 21.134732897715175 ], [ -86.75667968272333, 21.134932615404306 ], [ -86.756495166523038, 21.135032209301631 ], [ -86.756310976532092, 21.134932085315427 ], [ -86.756311302982695, 21.134732367631766 ], [ -86.756495818930318, 21.134632773928828 ] ] ] } },
{ "type": "Feature", "properties": { "hex_id": 2380, "tipo_actual": "urbano" }, "geometry": { "type": "Polygon", "coordinates": [ [ [ -86.756494840313664, 21.135231926980968 ], [ -86.756679030798523, 21.135332050768458 ], [ -86.756678704830406, 21.135531768443464 ], [ -86.75649418788349, 21.135631362325501 ], [ -86.756309997157373, 21.135531238338146 ], [ -86.756310323619431, 21.135331520668622 ], [ -86.756494840313664, 21.135231926980968 ] ] ] } },
{ "type": "Feature", "properties": { "hex_id": 2381, "tipo_actual": "urbano" }, "geometry": { "type": "Polygon", "coordinates": [ [ [ -86.756493861662662, 21.135831079990702 ], [ -86.756678052882719, 21.135931203779339 ], [ -86.756677726903149, 21.136130921440213 ], [ -86.756493209209594, 21.136230515306973 ], [ -86.756309017748293, 21.136130391318467 ], [ -86.756309344221805, 21.135930673663072 ], [ -86.756493861662662, 21.135831079990702 ] ] ] } },
{ "type": "Feature", "properties": { "hex_id": 2382, "tipo_actual": "urbano" }, "geometry": { "type": "Polygon", "coordinates": [ [ [ -86.756492882977327, 21.136430232958045 ], [ -86.756677074932583, 21.136530356747823 ], [ -86.756676748941587, 21.136730074394563 ], [ -86.756492230501351, 21.136829668246047 ], [ -86.756308038304851, 21.136729544256383 ], [ -86.756308364789817, 21.136529826615124 ], [ -86.756492882977327, 21.136430232958045 ] ] ] } },
{ "type": "Feature", "properties": { "hex_id": 2409, "tipo_actual": "verde_inundable" }, "geometry": { "type": "Polygon", "coordinates": [ [ [ -86.756312935178428, 21.133733779142805 ], [ -86.75649712369912, 21.133833903126696 ], [ -86.756496797512639, 21.134033620834291 ], [ -86.756312282311583, 21.134133214552516 ], [ -86.756128093549691, 21.134033090368771 ], [ -86.756128420230041, 21.133833372666651 ], [ -86.756312935178428, 21.133733779142805 ] ] ] } },
{ "type": "Feature", "properties": { "hex_id": 2410, "tipo_actual": "verde_inundable" }, "geometry": { "type": "Polygon", "coordinates": [ [ [ -86.756311955872448, 21.13433293225031 ], [ -86.756496145128239, 21.134433056235363 ], [ -86.756495818930318, 21.134632773928828 ], [ -86.756311302982695, 21.134732367631766 ], [ -86.756127113485661, 21.134632243446855 ], [ -86.75612744017748, 21.134432525758875 ], [ -86.756311955872448, 21.13433293225031 ] ] ] } },
{ "type": "Feature", "properties": { "hex_id": 2411, "tipo_actual": "verde_inundable" }, "geometry": { "type": "Polygon", "coordinates": [ [ [ -86.756310976532092, 21.134932085315427 ], [ -86.756495166523038, 21.135032209301631 ], [ -86.756494840313664, 21.135231926980968 ], [ -86.756310323619431, 21.135331520668622 ], [ -86.756126133387255, 21.135231396482549 ], [ -86.756126460090556, 21.135031678808701 ], [ -86.756310976532092, 21.134932085315427 ] ] ] } },
{ "type": "Feature", "properties": { "hex_id": 2412, "tipo_actual": "verde_inundable" }, "geometry": { "type": "Polygon", "coordinates": [ [ [ -86.756309997157373, 21.135531238338146 ], [ -86.75649418788349, 21.135631362325501 ], [ -86.756493861662662, 21.135831079990702 ], [ -86.756309344221805, 21.135930673663072 ], [ -86.756125153254459, 21.135830549475841 ], [ -86.756125479969199, 21.135630831816126 ], [ -86.756309997157373, 21.135531238338146 ] ] ] } },
{ "type": "Feature", "properties": { "hex_id": 2413, "tipo_actual": "urbano" }, "geometry": { "type": "Polygon", "coordinates": [ [ [ -86.756309017748293, 21.136130391318467 ], [ -86.756493209209594, 21.136230515306973 ], [ -86.756492882977327, 21.136430232958045 ], [ -86.756308364789817, 21.136529826615124 ], [ -86.756124173087258, 21.136429702426735 ], [ -86.756124499813481, 21.136229984781149 ], [ -86.756309017748293, 21.136130391318467 ] ] ] } }
]
}
